{
    "dataset": "dataset_half_notrim_tensors",
    "train_split": 0.6,
    "val_split": 0.2,
    "test_split": 0.2,
    "sample_rate": 16000,
    "min_freq": 0,
    "max_freq": 8000,
    "pos_weight": 0.5,
    "frame_size": 512,
    "frame_step": 256,
    "fft_size": 512,
    "mel_bins": 64,
    "max_time_mask": 10,
    "max_freq_mask": 10,
    "conv_kernel_size": 3,
    "conv_stride": 1,
    "conv_filters": 32,
    "recurrent_cell": "gru",
    "recurrent_layers": 3,
    "recurrent_units": 64,
    "batch_size": 128,
    "optimizer": "adam",
    "learning_rate": 0.001,
    "__timestamp__": 20201109190015,
    "verbose": 1,
    "epochs": 200,
    "steps": 155,
    "cpu_1": 0.2813868508000269,
    "cpu_10": 0.08359595960000661,
    "cpu_100": 0.43899528880001526,
    "gpu_1": 0.07362666559997706,
    "gpu_10": 0.044145436000007976,
    "gpu_100": 0.06823776820001512,
    "trainable_params": 74977,
    "non_trainable_params": 0.0,
    "total_params": 74977.0,
    "final_val_loss": 0.011030124500393867,
    "final_val_precision": 0.9769452214241028,
    "final_val_recall": 0.9713466763496399,
    "final_val_accuracy": 0.9972919821739197,
    "final_test_loss": 0.014630462974309921,
    "final_test_precision": 0.9572649598121643,
    "final_test_recall": 0.9627507328987122,
    "final_test_accuracy": 0.9957869648933411
}