{
    "dataset": "dataset_half_notrim_tensors",
    "train_split": 0.6,
    "val_split": 0.2,
    "test_split": 0.2,
    "sample_rate": 16000,
    "min_freq": 0,
    "max_freq": 8000,
    "pos_weight": 0.05253655894565806,
    "conv_filters": 64,
    "conv_kernel_size": 5,
    "conv_stride": 2,
    "recurrent_cell": "bi-gru",
    "recurrent_layers": 2,
    "recurrent_units": 64,
    "batch_size": 256,
    "learning_rate": 0.001,
    "frame_size": 512,
    "frame_step": 256,
    "fft_size": 512,
    "mel_bins": 64,
    "max_time_mask": 10,
    "max_freq_mask": 10,
    "optimizer": "adam",
    "__timestamp__": 20201110181147,
    "verbose": 1,
    "epochs": 600,
    "steps": 77,
    "cpu_1": 0.25180036540004946,
    "cpu_10": 0.06433862099984253,
    "cpu_100": 0.3402335036003933,
    "gpu_1": 0.08271472240012372,
    "gpu_10": 0.03638017480043345,
    "gpu_100": 0.06105858959963371,
    "trainable_params": 145089,
    "non_trainable_params": 0.0,
    "total_params": 145089.0,
    "final_val_loss": 0.00873209722340107,
    "final_val_precision": 1.0,
    "final_val_recall": 0.9656160473823547,
    "final_val_accuracy": 0.998194694519043,
    "final_test_loss": 0.011132238432765007,
    "final_test_precision": 0.9850746393203735,
    "final_test_recall": 0.9455587267875671,
    "final_test_accuracy": 0.9963887929916382
}