{
    "dataset": "dataset_half_notrim_tensors",
    "train_split": 0.6,
    "val_split": 0.2,
    "test_split": 0.2,
    "sample_rate": 16000,
    "min_freq": 0,
    "max_freq": 8000,
    "pos_weight": 0.05253655894565806,
    "frame_size": 512,
    "frame_step": 128,
    "fft_size": 512,
    "mel_bins": 128,
    "max_time_mask": 10,
    "max_freq_mask": 10,
    "conv_filters": 32,
    "conv_kernel_size": 1,
    "conv_stride": 3,
    "recurrent_cell": "lstm",
    "recurrent_layers": 1,
    "recurrent_units": 64,
    "batch_size": 64,
    "learning_rate": 0.00031622776601683794,
    "optimizer": "adam",
    "__timestamp__": 20201109115423,
    "verbose": 0,
    "epochs": 200,
    "steps": 311,
    "cpu_1": 0.1310332686000038,
    "cpu_10": 0.08779922059984528,
    "cpu_100": 0.5953499806004402,
    "gpu_1": 0.05133941199965193,
    "gpu_10": 0.03564281480066711,
    "gpu_100": 0.05392983560159337,
    "trainable_params": 29025,
    "non_trainable_params": 0.0,
    "total_params": 29025.0,
    "final_val_loss": 0.0176270492374897,
    "final_val_precision": 0.9704142212867737,
    "final_val_recall": 0.939828097820282,
    "final_val_accuracy": 0.9953362345695496,
    "final_test_loss": 0.017184456810355186,
    "final_test_precision": 0.95652174949646,
    "final_test_recall": 0.9455587267875671,
    "final_test_accuracy": 0.9948841333389282
}