{
    "num_epochs": 100,
    "dataset": "dataset_half_notrim_tensors",
    "train_split": 0.6,
    "val_split": 0.2,
    "test_split": 0.2,
    "sample_rate": 16000,
    "min_freq": 0,
    "max_freq": 8000,
    "n_timesteps": 16,
    "conv_filters": 32,
    "conv_kernel_size": 24,
    "conv_stride": 2,
    "recurrent_cell": "bi-gru",
    "recurrent_layers": 2,
    "recurrent_units": 32,
    "batch_size": 256,
    "learning_rate": 0.00031622776601683794,
    "pos_weight": 0.1,
    "optimizer": "adam",
    "__timestamp__": 20201115034303,
    "verbose": 0,
    "epochs": 100,
    "steps": 77,
    "cpu_1": 0.2731833434000691,
    "cpu_10": 0.08767678280005384,
    "cpu_100": 0.3683130504000019,
    "gpu_1": 0.08748151640002107,
    "gpu_10": 0.06154970720003803,
    "gpu_100": 0.1796221694000451,
    "trainable_params": 43873,
    "non_trainable_params": 0.0,
    "total_params": 43873.0,
    "final_val_loss": 0.07008597254753113,
    "final_val_precision": 0.8308605551719666,
    "final_val_recall": 0.8022922873497009,
    "final_val_accuracy": 0.9810440540313721,
    "final_test_loss": 0.06683918088674545,
    "final_test_precision": 0.8132184147834778,
    "final_test_recall": 0.8108882308006287,
    "final_test_accuracy": 0.9802889227867126
}