{
    "dataset": "dataset_half_notrim_tensors",
    "train_split": 0.6,
    "val_split": 0.2,
    "test_split": 0.2,
    "sample_rate": 16000,
    "min_freq": 0,
    "max_freq": 8000,
    "pos_weight": 0.3,
    "conv_filters": 32,
    "conv_kernel_size": 1,
    "conv_stride": 2,
    "recurrent_cell": "bi-gru",
    "recurrent_layers": 2,
    "recurrent_units": 64,
    "batch_size": 256,
    "learning_rate": 0.00031622776601683794,
    "frame_size": 512,
    "frame_step": 256,
    "fft_size": 512,
    "mel_bins": 64,
    "max_time_mask": 10,
    "max_freq_mask": 10,
    "optimizer": "adam",
    "__timestamp__": 20201111081220,
    "verbose": 1,
    "epochs": 600,
    "steps": 77,
    "cpu_1": 0.25005187139977353,
    "cpu_10": 0.06114893479971215,
    "cpu_100": 0.34300603439987754,
    "gpu_1": 0.07567495580078684,
    "gpu_10": 0.03343993520102231,
    "gpu_100": 0.056570509399898584,
    "trainable_params": 114337,
    "non_trainable_params": 0.0,
    "total_params": 114337.0,
    "final_val_loss": 0.013091313652694225,
    "final_val_precision": 0.9852070808410645,
    "final_val_recall": 0.9541547298431396,
    "final_val_accuracy": 0.9968406558036804,
    "final_test_loss": 0.013397197239100933,
    "final_test_precision": 0.9794721603393555,
    "final_test_recall": 0.9570200443267822,
    "final_test_accuracy": 0.9966897368431091
}