{
    "dataset": "dataset_half_notrim_tensors",
    "train_split": 0.6,
    "val_split": 0.2,
    "test_split": 0.2,
    "sample_rate": 16000,
    "min_freq": 0,
    "max_freq": 8000,
    "pos_weight": 0.3,
    "conv_filters": 64,
    "conv_kernel_size": 1,
    "conv_stride": 2,
    "recurrent_cell": "gru",
    "recurrent_layers": 4,
    "recurrent_units": 128,
    "batch_size": 128,
    "learning_rate": 0.00031622776601683794,
    "frame_size": 512,
    "frame_step": 256,
    "fft_size": 512,
    "mel_bins": 64,
    "max_time_mask": 10,
    "max_freq_mask": 10,
    "optimizer": "adam",
    "__timestamp__": 20201110171404,
    "verbose": 1,
    "epochs": 600,
    "steps": 155,
    "cpu_1": 0.27729285080004046,
    "cpu_10": 0.07305991499979428,
    "cpu_100": 0.4349422221997884,
    "gpu_1": 0.08327472080018197,
    "gpu_10": 0.039752785199925714,
    "gpu_100": 0.06281768820008438,
    "trainable_params": 376001,
    "non_trainable_params": 0.0,
    "total_params": 376001.0,
    "final_val_loss": 0.010718543082475662,
    "final_val_precision": 0.9911242723464966,
    "final_val_recall": 0.9598853588104248,
    "final_val_accuracy": 0.9974424839019775,
    "final_test_loss": 0.012987271882593632,
    "final_test_precision": 0.9852070808410645,
    "final_test_recall": 0.9541547298431396,
    "final_test_accuracy": 0.9968401789665222
}