{
    "dataset": "dataset_half_notrim_tensors",
    "train_split": 0.6,
    "val_split": 0.2,
    "test_split": 0.2,
    "sample_rate": 16000,
    "min_freq": 0,
    "max_freq": 8000,
    "pos_weight": 0.05253655894565806,
    "frame_size": 128,
    "frame_step": 128,
    "fft_size": 128,
    "mel_bins": 64,
    "max_time_mask": 10,
    "max_freq_mask": 10,
    "conv_filters": 32,
    "conv_kernel_size": 5,
    "conv_stride": 1,
    "recurrent_cell": "bi-lstm",
    "recurrent_layers": 4,
    "recurrent_units": 64,
    "batch_size": 64,
    "learning_rate": 3.162277660168379e-06,
    "optimizer": "adam",
    "__timestamp__": 20201109093111,
    "verbose": 0,
    "epochs": 200,
    "steps": 311,
    "cpu_1": 0.507158370999241,
    "cpu_10": 0.08123807599986321,
    "cpu_100": 0.4178528135998931,
    "gpu_1": 0.14523133480106482,
    "gpu_10": 0.05763938340023742,
    "gpu_100": 0.142968358201324,
    "trainable_params": 356513,
    "non_trainable_params": 0.0,
    "total_params": 356513.0,
    "final_val_loss": 0.060955580323934555,
    "final_val_precision": 0.9120879173278809,
    "final_val_recall": 0.7134670615196228,
    "final_val_accuracy": 0.9813449382781982,
    "final_test_loss": 0.06313841789960861,
    "final_test_precision": 0.8229508399963379,
    "final_test_recall": 0.719197690486908,
    "final_test_accuracy": 0.9771291017532349
}