{
    "dataset": "dataset_half_notrim_tensors",
    "train_split": 0.6,
    "val_split": 0.2,
    "test_split": 0.2,
    "sample_rate": 16000,
    "min_freq": 0,
    "max_freq": 8000,
    "pos_weight": 0.05253655894565806,
    "conv_filters": 32,
    "conv_kernel_size": 1,
    "conv_stride": 2,
    "recurrent_cell": "gru",
    "recurrent_layers": 4,
    "recurrent_units": 128,
    "batch_size": 64,
    "learning_rate": 0.001,
    "frame_size": 512,
    "frame_step": 256,
    "fft_size": 512,
    "mel_bins": 64,
    "max_time_mask": 10,
    "max_freq_mask": 10,
    "optimizer": "adam",
    "__timestamp__": 20201111022641,
    "verbose": 1,
    "epochs": 600,
    "steps": 311,
    "cpu_1": 0.27041698200002884,
    "cpu_10": 0.07210455839999667,
    "cpu_100": 0.39453319999997805,
    "gpu_1": 0.0642034004000152,
    "gpu_10": 0.03444927580005697,
    "gpu_100": 0.05590916439998637,
    "trainable_params": 361633,
    "non_trainable_params": 0.0,
    "total_params": 361633.0,
    "final_val_loss": 0.00747273676097393,
    "final_val_precision": 1.0,
    "final_val_recall": 0.9713466763496399,
    "final_val_accuracy": 0.9984955787658691,
    "final_test_loss": 0.007191032636910677,
    "final_test_precision": 1.0,
    "final_test_recall": 0.9627507328987122,
    "final_test_accuracy": 0.998043954372406
}