{
    "dataset": "dataset_half_notrim_tensors",
    "train_split": 0.6,
    "val_split": 0.2,
    "test_split": 0.2,
    "sample_rate": 16000,
    "min_freq": 0,
    "max_freq": 8000,
    "pos_weight": 0.3,
    "frame_size": 256,
    "frame_step": 256,
    "fft_size": 2048,
    "mel_bins": 16,
    "max_time_mask": 10,
    "max_freq_mask": 10,
    "conv_filters": 64,
    "conv_kernel_size": 1,
    "conv_stride": 2,
    "recurrent_cell": "bi-gru",
    "recurrent_layers": 2,
    "recurrent_units": 64,
    "batch_size": 64,
    "learning_rate": 0.0031622776601683794,
    "optimizer": "adam",
    "__timestamp__": 20201109110723,
    "verbose": 0,
    "epochs": 200,
    "steps": 311,
    "cpu_1": 0.26968712160014546,
    "cpu_10": 0.17482989679992897,
    "cpu_100": 1.4296646262002468,
    "gpu_1": 0.08342331019957783,
    "gpu_10": 0.03495097779959906,
    "gpu_100": 0.06105923200084362,
    "trainable_params": 125633,
    "non_trainable_params": 0.0,
    "total_params": 125633.0,
    "final_val_loss": 0.013116591610014439,
    "final_val_precision": 0.9470751881599426,
    "final_val_recall": 0.9742120504379272,
    "final_val_accuracy": 0.9957875609397888,
    "final_test_loss": 0.017532167956233025,
    "final_test_precision": 0.9650145769119263,
    "final_test_recall": 0.9484240412712097,
    "final_test_accuracy": 0.9954860210418701
}