{
    "dataset": "dataset_half_notrim_tensors",
    "train_split": 0.6,
    "val_split": 0.2,
    "test_split": 0.2,
    "sample_rate": 16000,
    "min_freq": 0,
    "max_freq": 8000,
    "pos_weight": 0.05253655894565806,
    "conv_filters": 64,
    "conv_kernel_size": 5,
    "conv_stride": 1,
    "recurrent_cell": "gru",
    "recurrent_layers": 4,
    "recurrent_units": 64,
    "batch_size": 256,
    "learning_rate": 0.00031622776601683794,
    "frame_size": 512,
    "frame_step": 256,
    "fft_size": 512,
    "mel_bins": 64,
    "max_time_mask": 10,
    "max_freq_mask": 10,
    "optimizer": "adam",
    "__timestamp__": 20201111065146,
    "verbose": 1,
    "epochs": 600,
    "steps": 77,
    "cpu_1": 0.2579274309999164,
    "cpu_10": 0.0647034049998183,
    "cpu_100": 0.38728913640006796,
    "gpu_1": 0.07630780520048575,
    "gpu_10": 0.03407917299991823,
    "gpu_100": 0.0666461923992756,
    "trainable_params": 120449,
    "non_trainable_params": 0.0,
    "total_params": 120449.0,
    "final_val_loss": 0.010825232602655888,
    "final_val_precision": 0.9824047088623047,
    "final_val_recall": 0.9598853588104248,
    "final_val_accuracy": 0.9969910979270935,
    "final_test_loss": 0.012024087831377983,
    "final_test_precision": 0.9851632118225098,
    "final_test_recall": 0.9512894153594971,
    "final_test_accuracy": 0.9966897368431091
}