{
    "dataset": "dataset_half_notrim_tensors",
    "train_split": 0.6,
    "val_split": 0.2,
    "test_split": 0.2,
    "sample_rate": 16000,
    "min_freq": 0,
    "max_freq": 8000,
    "pos_weight": 0.2,
    "conv_filters": 32,
    "conv_kernel_size": 1,
    "conv_stride": 2,
    "recurrent_cell": "bi-gru",
    "recurrent_layers": 2,
    "recurrent_units": 32,
    "batch_size": 128,
    "learning_rate": 3.1622776601683795e-05,
    "frame_size": 512,
    "frame_step": 256,
    "fft_size": 512,
    "mel_bins": 64,
    "max_time_mask": 10,
    "max_freq_mask": 10,
    "optimizer": "adam",
    "__timestamp__": 20201111025559,
    "verbose": 1,
    "epochs": 600,
    "steps": 155,
    "cpu_1": 0.3585369588001413,
    "cpu_10": 0.06267800739988161,
    "cpu_100": 0.35150683040010333,
    "gpu_1": 0.08400571459987986,
    "gpu_10": 0.03714627040008054,
    "gpu_100": 0.06292666719991757,
    "trainable_params": 33633,
    "non_trainable_params": 0.0,
    "total_params": 33633.0,
    "final_val_loss": 0.02360728196799755,
    "final_val_precision": 0.9641790986061096,
    "final_val_recall": 0.9255014061927795,
    "final_val_accuracy": 0.994283139705658,
    "final_test_loss": 0.01993069238960743,
    "final_test_precision": 0.9449275135993958,
    "final_test_recall": 0.934097409248352,
    "final_test_accuracy": 0.9936804175376892
}