{
    "dataset": "dataset_half_notrim_tensors",
    "train_split": 0.6,
    "val_split": 0.2,
    "test_split": 0.2,
    "sample_rate": 16000,
    "min_freq": 0,
    "max_freq": 8000,
    "pos_weight": 0.5,
    "frame_size": 128,
    "frame_step": 128,
    "fft_size": 128,
    "mel_bins": 16,
    "max_time_mask": 10,
    "max_freq_mask": 10,
    "conv_filters": 64,
    "conv_kernel_size": 3,
    "conv_stride": 1,
    "recurrent_cell": "bi-lstm",
    "recurrent_layers": 2,
    "recurrent_units": 128,
    "batch_size": 64,
    "learning_rate": 0.001,
    "optimizer": "adam",
    "__timestamp__": 20201109062158,
    "verbose": 0,
    "epochs": 200,
    "steps": 311,
    "cpu_1": 0.8787688383998102,
    "cpu_10": 0.12094495379988075,
    "cpu_100": 0.5914032902001054,
    "gpu_1": 0.09275795779994951,
    "gpu_10": 0.04562679100017704,
    "gpu_100": 0.09379031080025016,
    "trainable_params": 595265,
    "non_trainable_params": 0.0,
    "total_params": 595265.0,
    "final_val_loss": 0.012320013716816902,
    "final_val_precision": 0.9737609624862671,
    "final_val_recall": 0.9570200443267822,
    "final_val_accuracy": 0.9963893294334412,
    "final_test_loss": 0.015246748924255371,
    "final_test_precision": 0.9650145769119263,
    "final_test_recall": 0.9484240412712097,
    "final_test_accuracy": 0.9954860210418701
}