{
    "dataset": "dataset_half_notrim_tensors",
    "train_split": 0.6,
    "val_split": 0.2,
    "test_split": 0.2,
    "sample_rate": 16000,
    "min_freq": 0,
    "max_freq": 8000,
    "pos_weight": 0.5,
    "frame_size": 256,
    "frame_step": 128,
    "fft_size": 256,
    "mel_bins": 128,
    "max_time_mask": 10,
    "max_freq_mask": 10,
    "conv_filters": 64,
    "conv_kernel_size": 3,
    "conv_stride": 1,
    "recurrent_cell": "bi-gru",
    "recurrent_layers": 3,
    "recurrent_units": 128,
    "batch_size": 64,
    "learning_rate": 0.00031622776601683794,
    "optimizer": "adam",
    "__timestamp__": 20201109120328,
    "verbose": 0,
    "epochs": 200,
    "steps": 311,
    "cpu_1": 0.3884837778001383,
    "cpu_10": 0.14978106820126413,
    "cpu_100": 0.9085455751999689,
    "gpu_1": 0.11537115239989362,
    "gpu_10": 0.04441937200026587,
    "gpu_100": 0.11295466139854397,
    "trainable_params": 766785,
    "non_trainable_params": 0.0,
    "total_params": 766785.0,
    "final_val_loss": 0.007025149185210466,
    "final_val_precision": 0.9884393215179443,
    "final_val_recall": 0.9799426794052124,
    "final_val_accuracy": 0.998345136642456,
    "final_test_loss": 0.010148772038519382,
    "final_test_precision": 0.9740633964538574,
    "final_test_recall": 0.9684813618659973,
    "final_test_accuracy": 0.9969906806945801
}