{
    "dataset": "dataset_half_notrim_tensors",
    "train_split": 0.6,
    "val_split": 0.2,
    "test_split": 0.2,
    "sample_rate": 16000,
    "min_freq": 0,
    "max_freq": 8000,
    "pos_weight": 0.1,
    "frame_size": 1024,
    "frame_step": 256,
    "fft_size": 2048,
    "mel_bins": 16,
    "max_time_mask": 10,
    "max_freq_mask": 10,
    "conv_filters": 32,
    "conv_kernel_size": 3,
    "conv_stride": 2,
    "recurrent_cell": "bi-lstm",
    "recurrent_layers": 4,
    "recurrent_units": 64,
    "batch_size": 256,
    "learning_rate": 3.1622776601683795e-05,
    "optimizer": "adam",
    "__timestamp__": 20201109130143,
    "verbose": 0,
    "epochs": 200,
    "steps": 77,
    "cpu_1": 0.48531854240063693,
    "cpu_10": 0.1682120316007058,
    "cpu_100": 1.385371820400178,
    "gpu_1": 0.12780039159988518,
    "gpu_10": 0.04415058159866021,
    "gpu_100": 0.08814840400009416,
    "trainable_params": 347809,
    "non_trainable_params": 0.0,
    "total_params": 347809.0,
    "final_val_loss": 0.05253048986196518,
    "final_val_precision": 0.8597015142440796,
    "final_val_recall": 0.8252149224281311,
    "final_val_accuracy": 0.9837520718574524,
    "final_test_loss": 0.04887425899505615,
    "final_test_precision": 0.8401162624359131,
    "final_test_recall": 0.8280802369117737,
    "final_test_accuracy": 0.9826963543891907
}