{
    "dataset": "dataset_half_notrim_tensors",
    "train_split": 0.6,
    "val_split": 0.2,
    "test_split": 0.2,
    "sample_rate": 16000,
    "min_freq": 0,
    "max_freq": 8000,
    "pos_weight": 0.3,
    "conv_filters": 64,
    "conv_kernel_size": 5,
    "conv_stride": 3,
    "recurrent_cell": "gru",
    "recurrent_layers": 2,
    "recurrent_units": 128,
    "batch_size": 64,
    "learning_rate": 3.1622776601683795e-05,
    "frame_size": 512,
    "frame_step": 256,
    "fft_size": 512,
    "mel_bins": 64,
    "max_time_mask": 10,
    "max_freq_mask": 10,
    "optimizer": "adam",
    "__timestamp__": 20201110140348,
    "verbose": 0,
    "epochs": 600,
    "steps": 311,
    "cpu_1": 0.1803392148000512,
    "cpu_10": 0.0836647463999725,
    "cpu_100": 0.3254199110000172,
    "gpu_1": 0.04795454980003342,
    "gpu_10": 0.030312784199941233,
    "gpu_100": 0.046389135399931544,
    "trainable_params": 194241,
    "non_trainable_params": 0.0,
    "total_params": 194241.0,
    "final_val_loss": 0.01643212139606476,
    "final_val_precision": 0.967930018901825,
    "final_val_recall": 0.9512894153594971,
    "final_val_accuracy": 0.9957875609397888,
    "final_test_loss": 0.019418859854340553,
    "final_test_precision": 0.973372757434845,
    "final_test_recall": 0.9426934123039246,
    "final_test_accuracy": 0.9956364631652832
}