{
    "dataset": "dataset_half_notrim_tensors",
    "train_split": 0.6,
    "val_split": 0.2,
    "test_split": 0.2,
    "sample_rate": 16000,
    "min_freq": 0,
    "max_freq": 8000,
    "pos_weight": 0.05253655894565806,
    "frame_size": 512,
    "frame_step": 512,
    "fft_size": 512,
    "mel_bins": 64,
    "max_time_mask": 10,
    "max_freq_mask": 10,
    "conv_filters": 32,
    "conv_kernel_size": 3,
    "conv_stride": 1,
    "recurrent_cell": "gru",
    "recurrent_layers": 4,
    "recurrent_units": 32,
    "batch_size": 64,
    "learning_rate": 0.00031622776601683794,
    "optimizer": "adam",
    "__timestamp__": 20201109074542,
    "verbose": 0,
    "epochs": 200,
    "steps": 311,
    "cpu_1": 0.24471214799959853,
    "cpu_10": 0.04678529359989625,
    "cpu_100": 0.195888397199451,
    "gpu_1": 0.07295480000066164,
    "gpu_10": 0.03371895639975264,
    "gpu_100": 0.06053642999977456,
    "trainable_params": 31553,
    "non_trainable_params": 0.0,
    "total_params": 31553.0,
    "final_val_loss": 0.009140020236372948,
    "final_val_precision": 0.9941002726554871,
    "final_val_recall": 0.9656160473823547,
    "final_val_accuracy": 0.9978938102722168,
    "final_test_loss": 0.008985296823084354,
    "final_test_precision": 0.9970059990882874,
    "final_test_recall": 0.9541547298431396,
    "final_test_accuracy": 0.9974420666694641
}