{
    "dataset": "dataset_half_notrim_tensors",
    "train_split": 0.6,
    "val_split": 0.2,
    "test_split": 0.2,
    "sample_rate": 16000,
    "min_freq": 0,
    "max_freq": 8000,
    "pos_weight": 0.3,
    "conv_filters": 32,
    "conv_kernel_size": 3,
    "conv_stride": 3,
    "recurrent_cell": "bi-gru",
    "recurrent_layers": 4,
    "recurrent_units": 128,
    "batch_size": 256,
    "learning_rate": 0.00031622776601683794,
    "frame_size": 512,
    "frame_step": 256,
    "fft_size": 512,
    "mel_bins": 64,
    "max_time_mask": 10,
    "max_freq_mask": 10,
    "optimizer": "adam",
    "__timestamp__": 20201110152743,
    "verbose": 1,
    "epochs": 600,
    "steps": 77,
    "cpu_1": 0.43379718920000415,
    "cpu_10": 0.08071013359998461,
    "cpu_100": 0.46949542040002823,
    "gpu_1": 0.09858116899998777,
    "gpu_10": 0.03698510960001613,
    "gpu_100": 0.06972352180000599,
    "trainable_params": 1020193,
    "non_trainable_params": 0.0,
    "total_params": 1020193.0,
    "final_val_loss": 0.010103353299200535,
    "final_val_precision": 0.9739130139350891,
    "final_val_recall": 0.9627507328987122,
    "final_val_accuracy": 0.9966902136802673,
    "final_test_loss": 0.011666035279631615,
    "final_test_precision": 0.9710144996643066,
    "final_test_recall": 0.9598853588104248,
    "final_test_accuracy": 0.9963887929916382
}