{
    "num_epochs": 92,
    "dataset": "dataset_half_notrim_tensors",
    "train_split": 0.6,
    "val_split": 0.2,
    "test_split": 0.2,
    "sample_rate": 16000,
    "min_freq": 0,
    "max_freq": 8000,
    "n_timesteps": 10,
    "conv_filters": 64,
    "conv_kernel_size": 15,
    "conv_stride": 3,
    "recurrent_cell": "bi-gru",
    "recurrent_layers": 3,
    "recurrent_units": 32,
    "batch_size": 256,
    "learning_rate": 0.00031622776601683794,
    "pos_weight": 0.1,
    "optimizer": "adam",
    "__timestamp__": 20201115042312,
    "verbose": 0,
    "epochs": 100,
    "steps": 77,
    "cpu_1": 0.4885748241998954,
    "cpu_10": 0.13062170019993574,
    "cpu_100": 0.5845373246000236,
    "gpu_1": 0.14948740700010604,
    "gpu_10": 0.09494911219981077,
    "gpu_100": 0.3201350487999662,
    "trainable_params": 66177,
    "non_trainable_params": 0.0,
    "total_params": 66177.0,
    "final_val_loss": 0.03617709130048752,
    "final_val_precision": 0.9125364422798157,
    "final_val_recall": 0.8968481421470642,
    "final_val_accuracy": 0.9900707006454468,
    "final_test_loss": 0.04408524930477142,
    "final_test_precision": 0.8757061958312988,
    "final_test_recall": 0.8882521390914917,
    "final_test_accuracy": 0.9875112771987915
}