{
    "dataset": "dataset_half_notrim_tensors",
    "train_split": 0.6,
    "val_split": 0.2,
    "test_split": 0.2,
    "sample_rate": 16000,
    "min_freq": 0,
    "max_freq": 8000,
    "pos_weight": 0.05253655894565806,
    "conv_filters": 64,
    "conv_kernel_size": 1,
    "conv_stride": 2,
    "recurrent_cell": "gru",
    "recurrent_layers": 3,
    "recurrent_units": 128,
    "batch_size": 128,
    "learning_rate": 0.00031622776601683794,
    "frame_size": 512,
    "frame_step": 256,
    "fft_size": 512,
    "mel_bins": 64,
    "max_time_mask": 10,
    "max_freq_mask": 10,
    "optimizer": "adam",
    "__timestamp__": 20201110185054,
    "verbose": 1,
    "epochs": 600,
    "steps": 155,
    "cpu_1": 0.2136337950003508,
    "cpu_10": 0.0655570221999369,
    "cpu_100": 0.39260789719955935,
    "gpu_1": 0.06949544719973347,
    "gpu_10": 0.033661314599885375,
    "gpu_100": 0.055033085199465856,
    "trainable_params": 276929,
    "non_trainable_params": 0.0,
    "total_params": 276929.0,
    "final_val_loss": 0.008506123907864094,
    "final_val_precision": 0.9825072884559631,
    "final_val_recall": 0.9656160473823547,
    "final_val_accuracy": 0.9972919821739197,
    "final_test_loss": 0.008379233069717884,
    "final_test_precision": 0.991150438785553,
    "final_test_recall": 0.9627507328987122,
    "final_test_accuracy": 0.9975925087928772
}