{
    "dataset": "dataset_half_notrim_tensors",
    "train_split": 0.6,
    "val_split": 0.2,
    "test_split": 0.2,
    "sample_rate": 16000,
    "min_freq": 0,
    "max_freq": 8000,
    "pos_weight": 0.05253655894565806,
    "frame_size": 128,
    "frame_step": 128,
    "fft_size": 128,
    "mel_bins": 32,
    "max_time_mask": 10,
    "max_freq_mask": 10,
    "conv_filters": 32,
    "conv_kernel_size": 5,
    "conv_stride": 3,
    "recurrent_cell": "gru",
    "recurrent_layers": 3,
    "recurrent_units": 128,
    "batch_size": 64,
    "learning_rate": 3.1622776601683795e-05,
    "optimizer": "adam",
    "__timestamp__": 20201109084313,
    "verbose": 0,
    "epochs": 200,
    "steps": 311,
    "cpu_1": 0.21296671900017827,
    "cpu_10": 0.05133722859973204,
    "cpu_100": 0.22532386999992013,
    "gpu_1": 0.06767300659994362,
    "gpu_10": 0.03495970180047152,
    "gpu_100": 0.05680924059997779,
    "trainable_params": 265633,
    "non_trainable_params": 0.0,
    "total_params": 265633.0,
    "final_val_loss": 0.013179797679185867,
    "final_val_precision": 0.9708454608917236,
    "final_val_recall": 0.9541547298431396,
    "final_val_accuracy": 0.996088445186615,
    "final_test_loss": 0.01102198101580143,
    "final_test_precision": 0.9825581312179565,
    "final_test_recall": 0.9684813618659973,
    "final_test_accuracy": 0.9974420666694641
}