{
    "dataset": "dataset_half_notrim_tensors",
    "train_split": 0.6,
    "val_split": 0.2,
    "test_split": 0.2,
    "sample_rate": 16000,
    "min_freq": 0,
    "max_freq": 8000,
    "pos_weight": 0.1,
    "frame_size": 256,
    "frame_step": 128,
    "fft_size": 256,
    "mel_bins": 128,
    "max_time_mask": 10,
    "max_freq_mask": 10,
    "conv_layers": 1,
    "conv_filters": 32,
    "conv_kernel_size": 3,
    "conv_stride": 2,
    "maxpool_size": 5,
    "dense_layers": 3,
    "dense_units": 64,
    "dropout": 0.19910788704439125,
    "batch_size": 256,
    "learning_rate": 3.162277660168379e-06,
    "optimizer": "adam",
    "__timestamp__": 20201109053055,
    "verbose": 0,
    "epochs": 200,
    "steps": 77,
    "cpu_1": 0.07188737660017068,
    "cpu_10": 0.05733421919994726,
    "cpu_100": 0.30261408859996664,
    "gpu_1": 0.03957120599998234,
    "gpu_10": 0.031075141600013012,
    "gpu_100": 0.040886684199904266,
    "trainable_params": 39649,
    "non_trainable_params": 64,
    "total_params": 39713,
    "final_val_loss": 0.20096518099308014,
    "final_val_precision": 0.0,
    "final_val_recall": 0.0,
    "final_val_accuracy": 0.9474951028823853,
    "final_test_loss": 0.20018941164016724,
    "final_test_precision": 0.0,
    "final_test_recall": 0.0,
    "final_test_accuracy": 0.9474872350692749
}