{
    "dataset": "dataset_half_notrim_tensors",
    "train_split": 0.6,
    "val_split": 0.2,
    "test_split": 0.2,
    "sample_rate": 16000,
    "min_freq": 0,
    "max_freq": 8000,
    "pos_weight": 0.1,
    "frame_size": 512,
    "frame_step": 128,
    "fft_size": 512,
    "mel_bins": 32,
    "max_time_mask": 10,
    "max_freq_mask": 10,
    "conv_filters": 32,
    "conv_kernel_size": 3,
    "conv_stride": 3,
    "recurrent_cell": "gru",
    "recurrent_layers": 4,
    "recurrent_units": 64,
    "batch_size": 64,
    "learning_rate": 0.00031622776601683794,
    "optimizer": "adam",
    "__timestamp__": 20201109105847,
    "verbose": 0,
    "epochs": 200,
    "steps": 311,
    "cpu_1": 0.2873601557992515,
    "cpu_10": 0.09501550140048494,
    "cpu_100": 0.6136472061996756,
    "gpu_1": 0.07939891179921688,
    "gpu_10": 0.03526294080002117,
    "gpu_100": 0.062460258400096794,
    "trainable_params": 96865,
    "non_trainable_params": 0.0,
    "total_params": 96865.0,
    "final_val_loss": 0.00935972947627306,
    "final_val_precision": 0.9910714030265808,
    "final_val_recall": 0.9541547298431396,
    "final_val_accuracy": 0.9971415400505066,
    "final_test_loss": 0.012361159548163414,
    "final_test_precision": 0.9881656765937805,
    "final_test_recall": 0.9570200443267822,
    "final_test_accuracy": 0.9971411228179932
}