{
    "dataset": "dataset_half_notrim_tensors",
    "train_split": 0.6,
    "val_split": 0.2,
    "test_split": 0.2,
    "sample_rate": 16000,
    "min_freq": 0,
    "max_freq": 8000,
    "pos_weight": 0.3,
    "conv_filters": 32,
    "conv_kernel_size": 3,
    "conv_stride": 3,
    "recurrent_cell": "bi-gru",
    "recurrent_layers": 2,
    "recurrent_units": 128,
    "batch_size": 256,
    "learning_rate": 0.001,
    "frame_size": 512,
    "frame_step": 256,
    "fft_size": 512,
    "mel_bins": 64,
    "max_time_mask": 10,
    "max_freq_mask": 10,
    "optimizer": "adam",
    "__timestamp__": 20201110232558,
    "verbose": 1,
    "epochs": 600,
    "steps": 77,
    "cpu_1": 0.2871494218008593,
    "cpu_10": 0.07279555760032963,
    "cpu_100": 0.4196452095988207,
    "gpu_1": 0.08302205279906047,
    "gpu_10": 0.037274782199529,
    "gpu_100": 0.06251149359959526,
    "trainable_params": 427297,
    "non_trainable_params": 0.0,
    "total_params": 427297.0,
    "final_val_loss": 0.009382201358675957,
    "final_val_precision": 0.988304078578949,
    "final_val_recall": 0.9684813618659973,
    "final_val_accuracy": 0.9977433681488037,
    "final_test_loss": 0.010270684026181698,
    "final_test_precision": 0.9825072884559631,
    "final_test_recall": 0.9656160473823547,
    "final_test_accuracy": 0.997291624546051
}