{
    "dataset": "dataset_half_notrim_tensors",
    "train_split": 0.6,
    "val_split": 0.2,
    "test_split": 0.2,
    "sample_rate": 16000,
    "min_freq": 0,
    "max_freq": 8000,
    "pos_weight": 0.5,
    "frame_size": 512,
    "frame_step": 512,
    "fft_size": 2048,
    "mel_bins": 64,
    "max_time_mask": 10,
    "max_freq_mask": 10,
    "conv_layers": 3,
    "conv_filters": 32,
    "conv_kernel_size": 3,
    "conv_stride": 3,
    "maxpool_size": 1,
    "dense_layers": 2,
    "dense_units": 64,
    "dropout": 0.11442858854233626,
    "batch_size": 64,
    "learning_rate": 3.162277660168379e-06,
    "optimizer": "adam",
    "__timestamp__": 20201109085901,
    "verbose": 0,
    "epochs": 200,
    "steps": 311,
    "cpu_1": 0.0776260665999871,
    "cpu_10": 0.09792401939957926,
    "cpu_100": 0.7260075892001623,
    "gpu_1": 0.0451334482007951,
    "gpu_10": 0.031019807400298305,
    "gpu_100": 0.044710103000033995,
    "trainable_params": 47905,
    "non_trainable_params": 448,
    "total_params": 48353,
    "final_val_loss": 0.3007774353027344,
    "final_val_precision": 0.25956737995147705,
    "final_val_recall": 0.8939828276634216,
    "final_val_accuracy": 0.8605386018753052,
    "final_test_loss": 0.3020588755607605,
    "final_test_precision": 0.2721942961215973,
    "final_test_recall": 0.9312320947647095,
    "final_test_accuracy": 0.865633487701416
}