{
    "dataset": "dataset_half_notrim_tensors",
    "train_split": 0.6,
    "val_split": 0.2,
    "test_split": 0.2,
    "sample_rate": 16000,
    "min_freq": 0,
    "max_freq": 8000,
    "pos_weight": 0.4,
    "frame_size": 128,
    "frame_step": 128,
    "fft_size": 2048,
    "mel_bins": 16,
    "max_time_mask": 10,
    "max_freq_mask": 10,
    "conv_layers": 3,
    "conv_filters": 64,
    "conv_kernel_size": 3,
    "conv_stride": 2,
    "maxpool_size": 1,
    "dense_layers": 3,
    "dense_units": 64,
    "dropout": 0.19657363520749935,
    "batch_size": 256,
    "learning_rate": 3.1622776601683795e-05,
    "optimizer": "adam",
    "__timestamp__": 20201109072027,
    "verbose": 0,
    "epochs": 200,
    "steps": 77,
    "cpu_1": 0.10648729120002827,
    "cpu_10": 0.31384235199911925,
    "cpu_100": 2.885165202999997,
    "gpu_1": 0.046261298000172243,
    "gpu_10": 0.03015560660060146,
    "gpu_100": 0.04702725399947667,
    "trainable_params": 359361,
    "non_trainable_params": 896,
    "total_params": 360257,
    "final_val_loss": 0.08068440854549408,
    "final_val_precision": 0.6788008809089661,
    "final_val_recall": 0.9083094596862793,
    "final_val_accuracy": 0.9726192355155945,
    "final_test_loss": 0.08265217393636703,
    "final_test_precision": 0.6653226017951965,
    "final_test_recall": 0.9455587267875671,
    "final_test_accuracy": 0.972163736820221
}