{
    "dataset": "dataset_half_notrim_tensors",
    "train_split": 0.6,
    "val_split": 0.2,
    "test_split": 0.2,
    "sample_rate": 16000,
    "min_freq": 0,
    "max_freq": 8000,
    "pos_weight": 0.3,
    "frame_size": 256,
    "frame_step": 256,
    "fft_size": 2048,
    "mel_bins": 128,
    "max_time_mask": 10,
    "max_freq_mask": 10,
    "conv_layers": 2,
    "conv_filters": 64,
    "conv_kernel_size": 5,
    "conv_stride": 1,
    "maxpool_size": 3,
    "dense_layers": 3,
    "dense_units": 64,
    "dropout": 0.17031187368013628,
    "batch_size": 128,
    "learning_rate": 3.162277660168379e-06,
    "optimizer": "adam",
    "__timestamp__": 20201109043326,
    "verbose": 0,
    "epochs": 2,
    "steps": 155,
    "cpu_1": 0.09025304160004452,
    "cpu_10": 0.1870621131999542,
    "cpu_100": 1.542850804200043,
    "gpu_1": 0.047928912800125546,
    "gpu_10": 0.03684953459996905,
    "gpu_100": 0.05505686040005457,
    "trainable_params": 126145,
    "non_trainable_params": 384,
    "total_params": 126529,
    "final_val_loss": 0.3746413588523865,
    "final_val_precision": 0.12560386955738068,
    "final_val_recall": 0.07449856400489807,
    "final_val_accuracy": 0.9241763353347778,
    "final_test_loss": 0.37851035594940186,
    "final_test_precision": 0.09574468433856964,
    "final_test_recall": 0.051575932651758194,
    "final_test_accuracy": 0.9246163368225098
}