{
    "dataset": "dataset_half_notrim_tensors",
    "train_split": 0.6,
    "val_split": 0.2,
    "test_split": 0.2,
    "sample_rate": 16000,
    "min_freq": 0,
    "max_freq": 8000,
    "pos_weight": 0.5,
    "conv_filters": 64,
    "conv_kernel_size": 1,
    "conv_stride": 1,
    "recurrent_cell": "bi-gru",
    "recurrent_layers": 3,
    "recurrent_units": 32,
    "batch_size": 256,
    "learning_rate": 0.00031622776601683794,
    "frame_size": 512,
    "frame_step": 256,
    "fft_size": 512,
    "mel_bins": 64,
    "max_time_mask": 10,
    "max_freq_mask": 10,
    "optimizer": "adam",
    "__timestamp__": 20201110175959,
    "verbose": 1,
    "epochs": 600,
    "steps": 77,
    "cpu_1": 0.3639586127996154,
    "cpu_10": 0.0722761177999928,
    "cpu_100": 0.3906499467997492,
    "gpu_1": 0.10965530199973728,
    "gpu_10": 0.044566151799517686,
    "gpu_100": 0.08914341480012808,
    "trainable_params": 60673,
    "non_trainable_params": 0.0,
    "total_params": 60673.0,
    "final_val_loss": 0.015902187675237656,
    "final_val_precision": 0.9625360369682312,
    "final_val_recall": 0.9570200443267822,
    "final_val_accuracy": 0.9957875609397888,
    "final_test_loss": 0.019516471773386,
    "final_test_precision": 0.9461756348609924,
    "final_test_recall": 0.9570200443267822,
    "final_test_accuracy": 0.9948841333389282
}