{
    "dataset": "dataset_half_notrim_tensors",
    "train_split": 0.6,
    "val_split": 0.2,
    "test_split": 0.2,
    "sample_rate": 16000,
    "min_freq": 0,
    "max_freq": 8000,
    "pos_weight": 0.5,
    "conv_filters": 64,
    "conv_kernel_size": 5,
    "conv_stride": 2,
    "recurrent_cell": "gru",
    "recurrent_layers": 4,
    "recurrent_units": 128,
    "batch_size": 128,
    "learning_rate": 0.001,
    "frame_size": 512,
    "frame_step": 256,
    "fft_size": 512,
    "mel_bins": 64,
    "max_time_mask": 10,
    "max_freq_mask": 10,
    "optimizer": "adam",
    "__timestamp__": 20201110173057,
    "verbose": 1,
    "epochs": 600,
    "steps": 155,
    "cpu_1": 0.2686848373999965,
    "cpu_10": 0.07204195639988029,
    "cpu_100": 0.41018720679985565,
    "gpu_1": 0.08073387620024733,
    "gpu_10": 0.037361136799881935,
    "gpu_100": 0.060991049199947155,
    "trainable_params": 392385,
    "non_trainable_params": 0.0,
    "total_params": 392385.0,
    "final_val_loss": 0.010066410526633263,
    "final_val_precision": 0.9797688126564026,
    "final_val_recall": 0.9713466763496399,
    "final_val_accuracy": 0.9974424839019775,
    "final_test_loss": 0.012936452403664589,
    "final_test_precision": 0.9658119678497314,
    "final_test_recall": 0.9713466763496399,
    "final_test_accuracy": 0.9966897368431091
}