{
    "dataset": "dataset_half_notrim_tensors",
    "train_split": 0.6,
    "val_split": 0.2,
    "test_split": 0.2,
    "sample_rate": 16000,
    "min_freq": 0,
    "max_freq": 8000,
    "pos_weight": 0.5,
    "conv_filters": 32,
    "conv_kernel_size": 3,
    "conv_stride": 1,
    "recurrent_cell": "gru",
    "recurrent_layers": 4,
    "recurrent_units": 64,
    "batch_size": 64,
    "learning_rate": 0.001,
    "frame_size": 512,
    "frame_step": 256,
    "fft_size": 512,
    "mel_bins": 64,
    "max_time_mask": 10,
    "max_freq_mask": 10,
    "optimizer": "adam",
    "__timestamp__": 20201111045840,
    "verbose": 1,
    "epochs": 600,
    "steps": 311,
    "cpu_1": 0.2844173640001827,
    "cpu_10": 0.07402790179949079,
    "cpu_100": 0.4186637175993383,
    "gpu_1": 0.08804653360020893,
    "gpu_10": 0.038081230200259594,
    "gpu_100": 0.07209833440028887,
    "trainable_params": 99937,
    "non_trainable_params": 0.0,
    "total_params": 99937.0,
    "final_val_loss": 0.009797549806535244,
    "final_val_precision": 0.988304078578949,
    "final_val_recall": 0.9684813618659973,
    "final_val_accuracy": 0.9977433681488037,
    "final_test_loss": 0.016887646168470383,
    "final_test_precision": 0.973607063293457,
    "final_test_recall": 0.9512894153594971,
    "final_test_accuracy": 0.9960878491401672
}