{
    "dataset": "dataset_half_notrim_tensors",
    "train_split": 0.6,
    "val_split": 0.2,
    "test_split": 0.2,
    "sample_rate": 16000,
    "min_freq": 0,
    "max_freq": 8000,
    "pos_weight": 0.2,
    "conv_filters": 64,
    "conv_kernel_size": 1,
    "conv_stride": 2,
    "recurrent_cell": "gru",
    "recurrent_layers": 3,
    "recurrent_units": 32,
    "batch_size": 64,
    "learning_rate": 0.00031622776601683794,
    "frame_size": 512,
    "frame_step": 256,
    "fft_size": 512,
    "mel_bins": 64,
    "max_time_mask": 10,
    "max_freq_mask": 10,
    "optimizer": "adam",
    "__timestamp__": 20201110170636,
    "verbose": 1,
    "epochs": 600,
    "steps": 311,
    "cpu_1": 0.2094091548002325,
    "cpu_10": 0.06255213879994699,
    "cpu_100": 0.3387406531999659,
    "gpu_1": 0.070930488400154,
    "gpu_10": 0.03685943239997869,
    "gpu_100": 0.05593458240018663,
    "trainable_params": 26273,
    "non_trainable_params": 0.0,
    "total_params": 26273.0,
    "final_val_loss": 0.01247239951044321,
    "final_val_precision": 0.9910179376602173,
    "final_val_recall": 0.9484240412712097,
    "final_val_accuracy": 0.9968406558036804,
    "final_test_loss": 0.0134038757532835,
    "final_test_precision": 0.9680232405662537,
    "final_test_recall": 0.9541547298431396,
    "final_test_accuracy": 0.9959374070167542
}