{
    "dataset": "dataset_half_notrim_tensors",
    "train_split": 0.6,
    "val_split": 0.2,
    "test_split": 0.2,
    "sample_rate": 16000,
    "min_freq": 0,
    "max_freq": 8000,
    "pos_weight": 0.3,
    "frame_size": 128,
    "frame_step": 128,
    "fft_size": 1024,
    "mel_bins": 64,
    "max_time_mask": 10,
    "max_freq_mask": 10,
    "conv_layers": 1,
    "conv_filters": 64,
    "conv_kernel_size": 5,
    "conv_stride": 2,
    "maxpool_size": 5,
    "dense_layers": 1,
    "dense_units": 64,
    "dropout": 0.11686991946336851,
    "batch_size": 64,
    "learning_rate": 0.001,
    "optimizer": "adam",
    "__timestamp__": 20201109052116,
    "verbose": 0,
    "epochs": 200,
    "steps": 311,
    "cpu_1": 0.07951558580007259,
    "cpu_10": 0.16124849379993975,
    "cpu_100": 1.3123364691999995,
    "gpu_1": 0.03948492780000379,
    "gpu_10": 0.03080030959990836,
    "gpu_100": 0.041906625399860786,
    "trainable_params": 69953,
    "non_trainable_params": 128,
    "total_params": 70081,
    "final_val_loss": 0.03382696956396103,
    "final_val_precision": 0.9487951993942261,
    "final_val_recall": 0.9025787711143494,
    "final_val_accuracy": 0.9923273921012878,
    "final_test_loss": 0.03562789410352707,
    "final_test_precision": 0.9434523582458496,
    "final_test_recall": 0.9083094596862793,
    "final_test_accuracy": 0.9923262000083923
}