{
    "dataset": "dataset_half_notrim_tensors",
    "train_split": 0.6,
    "val_split": 0.2,
    "test_split": 0.2,
    "sample_rate": 16000,
    "min_freq": 0,
    "max_freq": 8000,
    "pos_weight": 0.05253655894565806,
    "frame_size": 128,
    "frame_step": 128,
    "fft_size": 1024,
    "mel_bins": 16,
    "max_time_mask": 10,
    "max_freq_mask": 10,
    "conv_layers": 2,
    "conv_filters": 32,
    "conv_kernel_size": 5,
    "conv_stride": 1,
    "maxpool_size": 3,
    "dense_layers": 1,
    "dense_units": 64,
    "dropout": 0.1611340914885011,
    "batch_size": 256,
    "learning_rate": 0.001,
    "optimizer": "adam",
    "__timestamp__": 20201109082903,
    "verbose": 0,
    "epochs": 200,
    "steps": 77,
    "cpu_1": 0.08063968460010074,
    "cpu_10": 0.15902925840018725,
    "cpu_100": 1.299794476000534,
    "gpu_1": 0.04303351760026999,
    "gpu_10": 0.03328845739997632,
    "gpu_100": 0.047292174999893175,
    "trainable_params": 62369,
    "non_trainable_params": 192,
    "total_params": 62561,
    "final_val_loss": 0.022089883685112,
    "final_val_precision": 0.9584569931030273,
    "final_val_recall": 0.9255014061927795,
    "final_val_accuracy": 0.9939822554588318,
    "final_test_loss": 0.024613071233034134,
    "final_test_precision": 0.9642857313156128,
    "final_test_recall": 0.9283667802810669,
    "final_test_accuracy": 0.9944327473640442
}