{
    "dataset": "dataset_half_notrim_tensors",
    "train_split": 0.6,
    "val_split": 0.2,
    "test_split": 0.2,
    "sample_rate": 16000,
    "min_freq": 0,
    "max_freq": 8000,
    "pos_weight": 0.2,
    "conv_filters": 32,
    "conv_kernel_size": 3,
    "conv_stride": 3,
    "recurrent_cell": "gru",
    "recurrent_layers": 2,
    "recurrent_units": 128,
    "batch_size": 64,
    "learning_rate": 0.001,
    "frame_size": 512,
    "frame_step": 256,
    "fft_size": 512,
    "mel_bins": 64,
    "max_time_mask": 10,
    "max_freq_mask": 10,
    "optimizer": "adam",
    "__timestamp__": 20201110221224,
    "verbose": 1,
    "epochs": 600,
    "steps": 311,
    "cpu_1": 0.1697708881998551,
    "cpu_10": 0.06400076939971769,
    "cpu_100": 0.35477911199923257,
    "gpu_1": 0.06208977840069565,
    "gpu_10": 0.03385390960029326,
    "gpu_100": 0.048891229798755376,
    "trainable_params": 167585,
    "non_trainable_params": 0.0,
    "total_params": 167585.0,
    "final_val_loss": 0.00854906253516674,
    "final_val_precision": 0.9911764860153198,
    "final_val_recall": 0.9656160473823547,
    "final_val_accuracy": 0.9977433681488037,
    "final_test_loss": 0.01050986535847187,
    "final_test_precision": 0.9825072884559631,
    "final_test_recall": 0.9656160473823547,
    "final_test_accuracy": 0.997291624546051
}