{
    "num_epochs": 45,
    "dataset": "dataset_half_notrim_tensors",
    "train_split": 0.6,
    "val_split": 0.2,
    "test_split": 0.2,
    "sample_rate": 16000,
    "min_freq": 0,
    "max_freq": 8000,
    "n_timesteps": 32,
    "conv_filters": 32,
    "conv_kernel_size": 24,
    "conv_stride": 1,
    "recurrent_cell": "gru",
    "recurrent_layers": 3,
    "recurrent_units": 32,
    "batch_size": 128,
    "learning_rate": 0.001,
    "pos_weight": 0.1,
    "optimizer": "adam",
    "__timestamp__": 20201115035830,
    "verbose": 0,
    "epochs": 100,
    "steps": 155,
    "cpu_1": 0.23032456880005156,
    "cpu_10": 0.08434112979998645,
    "cpu_100": 0.32550703840001916,
    "gpu_1": 0.08671656779997647,
    "gpu_10": 0.06336733220000497,
    "gpu_100": 0.16806406639998386,
    "trainable_params": 43649,
    "non_trainable_params": 0.0,
    "total_params": 43649.0,
    "final_val_loss": 0.1515226662158966,
    "final_val_precision": 0.6770833134651184,
    "final_val_recall": 0.37249284982681274,
    "final_val_accuracy": 0.9577252864837646,
    "final_test_loss": 0.15778762102127075,
    "final_test_precision": 0.6376811861991882,
    "final_test_recall": 0.3782235085964203,
    "final_test_accuracy": 0.9560638070106506
}