{
    "num_epochs": 31,
    "dataset": "dataset_half_notrim_tensors",
    "train_split": 0.6,
    "val_split": 0.2,
    "test_split": 0.2,
    "sample_rate": 16000,
    "min_freq": 0,
    "max_freq": 8000,
    "n_timesteps": 5,
    "conv_filters": 64,
    "conv_kernel_size": 24,
    "conv_stride": 1,
    "recurrent_cell": "gru",
    "recurrent_layers": 1,
    "recurrent_units": 128,
    "batch_size": 128,
    "learning_rate": 0.001,
    "pos_weight": 0.1,
    "optimizer": "adam",
    "__timestamp__": 20201115041738,
    "verbose": 0,
    "epochs": 100,
    "steps": 155,
    "cpu_1": 0.18225446959986585,
    "cpu_10": 0.22887706239998806,
    "cpu_100": 1.7385848021999664,
    "gpu_1": 0.09567514639984438,
    "gpu_10": 0.08822433319992343,
    "gpu_100": 0.2973035795999749,
    "trainable_params": 82369,
    "non_trainable_params": 0.0,
    "total_params": 82369.0,
    "final_val_loss": 0.2152647078037262,
    "final_val_precision": 0.1666666716337204,
    "final_val_recall": 0.0028653296176344156,
    "final_val_accuracy": 0.9468933343887329,
    "final_test_loss": 0.21824581921100616,
    "final_test_precision": 0.375,
    "final_test_recall": 0.008595988154411316,
    "final_test_accuracy": 0.947186291217804
}