{
    "dataset": "dataset_half_notrim_tensors",
    "train_split": 0.6,
    "val_split": 0.2,
    "test_split": 0.2,
    "sample_rate": 16000,
    "min_freq": 0,
    "max_freq": 8000,
    "pos_weight": 0.4,
    "conv_filters": 64,
    "conv_kernel_size": 5,
    "conv_stride": 3,
    "recurrent_cell": "gru",
    "recurrent_layers": 3,
    "recurrent_units": 128,
    "batch_size": 256,
    "learning_rate": 3.1622776601683795e-05,
    "frame_size": 512,
    "frame_step": 256,
    "fft_size": 512,
    "mel_bins": 64,
    "max_time_mask": 10,
    "max_freq_mask": 10,
    "optimizer": "adam",
    "__timestamp__": 20201110181924,
    "verbose": 1,
    "epochs": 600,
    "steps": 77,
    "cpu_1": 0.22422919020064,
    "cpu_10": 0.06742422179995629,
    "cpu_100": 0.3726123134008958,
    "gpu_1": 0.07395117099949858,
    "gpu_10": 0.03583135180015233,
    "gpu_100": 0.05491875000006985,
    "trainable_params": 293313,
    "non_trainable_params": 0.0,
    "total_params": 293313.0,
    "final_val_loss": 0.021433275192975998,
    "final_val_precision": 0.9643917083740234,
    "final_val_recall": 0.9312320947647095,
    "final_val_accuracy": 0.9945840239524841,
    "final_test_loss": 0.02147269807755947,
    "final_test_precision": 0.9482758641242981,
    "final_test_recall": 0.9455587267875671,
    "final_test_accuracy": 0.9944327473640442
}