{
    "dataset": "dataset_half_notrim_tensors",
    "train_split": 0.6,
    "val_split": 0.2,
    "test_split": 0.2,
    "sample_rate": 16000,
    "min_freq": 0,
    "max_freq": 8000,
    "pos_weight": 0.5,
    "frame_size": 128,
    "frame_step": 128,
    "fft_size": 128,
    "mel_bins": 128,
    "max_time_mask": 10,
    "max_freq_mask": 10,
    "conv_filters": 64,
    "conv_kernel_size": 1,
    "conv_stride": 3,
    "recurrent_cell": "bi-lstm",
    "recurrent_layers": 2,
    "recurrent_units": 128,
    "batch_size": 256,
    "learning_rate": 0.0031622776601683794,
    "optimizer": "adam",
    "__timestamp__": 20201109075939,
    "verbose": 0,
    "epochs": 200,
    "steps": 77,
    "cpu_1": 0.28922233220000637,
    "cpu_10": 0.06931795519958542,
    "cpu_100": 0.299489469600303,
    "gpu_1": 0.08526995860047464,
    "gpu_10": 0.03951575680002861,
    "gpu_100": 0.07289816459997382,
    "trainable_params": 600385,
    "non_trainable_params": 0.0,
    "total_params": 600385.0,
    "final_val_loss": 0.01491478830575943,
    "final_val_precision": 0.9822485446929932,
    "final_val_recall": 0.9512894153594971,
    "final_val_accuracy": 0.9965397715568542,
    "final_test_loss": 0.01851719431579113,
    "final_test_precision": 0.9512894153594971,
    "final_test_recall": 0.9512894153594971,
    "final_test_accuracy": 0.9948841333389282
}