{
    "dataset": "dataset_half_notrim_tensors",
    "train_split": 0.6,
    "val_split": 0.2,
    "test_split": 0.2,
    "sample_rate": 16000,
    "min_freq": 0,
    "max_freq": 8000,
    "pos_weight": 0.4,
    "frame_size": 1024,
    "frame_step": 512,
    "fft_size": 1024,
    "mel_bins": 128,
    "max_time_mask": 10,
    "max_freq_mask": 10,
    "conv_filters": 32,
    "conv_kernel_size": 5,
    "conv_stride": 1,
    "recurrent_cell": "bi-gru",
    "recurrent_layers": 1,
    "recurrent_units": 64,
    "batch_size": 256,
    "learning_rate": 0.0031622776601683794,
    "optimizer": "adam",
    "__timestamp__": 20201109053427,
    "verbose": 0,
    "epochs": 200,
    "steps": 77,
    "cpu_1": 0.16120782359994337,
    "cpu_10": 0.06259067359987966,
    "cpu_100": 0.3467560044001402,
    "gpu_1": 0.05397994020004262,
    "gpu_10": 0.03204948279990276,
    "gpu_100": 0.04978166219998457,
    "trainable_params": 58273,
    "non_trainable_params": 0.0,
    "total_params": 58273.0,
    "final_val_loss": 0.012658572755753994,
    "final_val_precision": 0.9738371968269348,
    "final_val_recall": 0.9598853588104248,
    "final_val_accuracy": 0.9965397715568542,
    "final_test_loss": 0.016677895560860634,
    "final_test_precision": 0.979411780834198,
    "final_test_recall": 0.9541547298431396,
    "final_test_accuracy": 0.996539294719696
}