{
    "dataset": "dataset_half_notrim_tensors",
    "train_split": 0.6,
    "val_split": 0.2,
    "test_split": 0.2,
    "sample_rate": 16000,
    "min_freq": 0,
    "max_freq": 8000,
    "pos_weight": 0.05253655894565806,
    "conv_filters": 32,
    "conv_kernel_size": 5,
    "conv_stride": 2,
    "recurrent_cell": "gru",
    "recurrent_layers": 2,
    "recurrent_units": 64,
    "batch_size": 256,
    "learning_rate": 0.001,
    "frame_size": 512,
    "frame_step": 256,
    "fft_size": 512,
    "mel_bins": 64,
    "max_time_mask": 10,
    "max_freq_mask": 10,
    "optimizer": "adam",
    "__timestamp__": 20201110221738,
    "verbose": 1,
    "epochs": 600,
    "steps": 77,
    "cpu_1": 0.1683176402002573,
    "cpu_10": 0.06330900660104817,
    "cpu_100": 0.3514348818011058,
    "gpu_1": 0.05867560859915102,
    "gpu_10": 0.03420321060111746,
    "gpu_100": 0.051032602199848044,
    "trainable_params": 54113,
    "non_trainable_params": 0.0,
    "total_params": 54113.0,
    "final_val_loss": 0.009922786615788937,
    "final_val_precision": 0.9970149397850037,
    "final_val_recall": 0.9570200443267822,
    "final_val_accuracy": 0.9975929260253906,
    "final_test_loss": 0.009734366089105606,
    "final_test_precision": 0.9824047088623047,
    "final_test_recall": 0.9598853588104248,
    "final_test_accuracy": 0.9969906806945801
}