{
    "num_epochs": 42,
    "dataset": "dataset_half_notrim_tensors",
    "train_split": 0.6,
    "val_split": 0.2,
    "test_split": 0.2,
    "sample_rate": 16000,
    "min_freq": 0,
    "max_freq": 8000,
    "n_timesteps": 32,
    "conv_filters": 32,
    "conv_kernel_size": 3,
    "conv_stride": 4,
    "recurrent_cell": "bi-gru",
    "recurrent_layers": 2,
    "recurrent_units": 32,
    "batch_size": 64,
    "learning_rate": 0.001,
    "pos_weight": 0.1,
    "optimizer": "adam",
    "__timestamp__": 20201115041342,
    "verbose": 0,
    "epochs": 100,
    "steps": 311,
    "cpu_1": 0.25485659579999265,
    "cpu_10": 0.048252532800052,
    "cpu_100": 0.1332480487999419,
    "gpu_1": 0.07949799560010433,
    "gpu_10": 0.04551273799997944,
    "gpu_100": 0.09682211780000216,
    "trainable_params": 34657,
    "non_trainable_params": 0.0,
    "total_params": 34657.0,
    "final_val_loss": 0.032042376697063446,
    "final_val_precision": 0.9430379867553711,
    "final_val_recall": 0.8538681864738464,
    "final_val_accuracy": 0.9896193742752075,
    "final_test_loss": 0.042262423783540726,
    "final_test_precision": 0.9456868767738342,
    "final_test_recall": 0.8481375575065613,
    "final_test_accuracy": 0.9894673228263855
}