{
    "dataset": "dataset_half_notrim_tensors",
    "train_split": 0.6,
    "val_split": 0.2,
    "test_split": 0.2,
    "sample_rate": 16000,
    "min_freq": 0,
    "max_freq": 8000,
    "pos_weight": 0.05253655894565806,
    "conv_filters": 64,
    "conv_kernel_size": 5,
    "conv_stride": 1,
    "recurrent_cell": "gru",
    "recurrent_layers": 2,
    "recurrent_units": 32,
    "batch_size": 128,
    "learning_rate": 0.001,
    "frame_size": 512,
    "frame_step": 256,
    "fft_size": 512,
    "mel_bins": 64,
    "max_time_mask": 10,
    "max_freq_mask": 10,
    "optimizer": "adam",
    "__timestamp__": 20201111072906,
    "verbose": 1,
    "epochs": 600,
    "steps": 155,
    "cpu_1": 0.1691852898002253,
    "cpu_10": 0.06379820980073418,
    "cpu_100": 0.3398248770005011,
    "gpu_1": 0.05542676900004153,
    "gpu_10": 0.031017105200589867,
    "gpu_100": 0.05079432839993388,
    "trainable_params": 36321,
    "non_trainable_params": 0.0,
    "total_params": 36321.0,
    "final_val_loss": 0.009855401702225208,
    "final_val_precision": 0.9911764860153198,
    "final_val_recall": 0.9656160473823547,
    "final_val_accuracy": 0.9977433681488037,
    "final_test_loss": 0.010132686235010624,
    "final_test_precision": 0.9882006049156189,
    "final_test_recall": 0.9598853588104248,
    "final_test_accuracy": 0.997291624546051
}