{
    "dataset": "dataset_half_notrim_tensors",
    "train_split": 0.6,
    "val_split": 0.2,
    "test_split": 0.2,
    "sample_rate": 16000,
    "min_freq": 0,
    "max_freq": 8000,
    "pos_weight": 0.5,
    "conv_filters": 32,
    "conv_kernel_size": 1,
    "conv_stride": 2,
    "recurrent_cell": "gru",
    "recurrent_layers": 3,
    "recurrent_units": 64,
    "batch_size": 256,
    "learning_rate": 3.1622776601683795e-05,
    "frame_size": 512,
    "frame_step": 256,
    "fft_size": 512,
    "mel_bins": 64,
    "max_time_mask": 10,
    "max_freq_mask": 10,
    "optimizer": "adam",
    "__timestamp__": 20201110204037,
    "verbose": 1,
    "epochs": 600,
    "steps": 77,
    "cpu_1": 0.25022129839926494,
    "cpu_10": 0.06798704079992604,
    "cpu_100": 0.36841456680122064,
    "gpu_1": 0.0707297616005235,
    "gpu_10": 0.03623119540061452,
    "gpu_100": 0.05875850440061185,
    "trainable_params": 70881,
    "non_trainable_params": 0.0,
    "total_params": 70881.0,
    "final_val_loss": 0.03696195036172867,
    "final_val_precision": 0.8552631735801697,
    "final_val_recall": 0.9312320947647095,
    "final_val_accuracy": 0.9881149530410767,
    "final_test_loss": 0.033483944833278656,
    "final_test_precision": 0.8650793433189392,
    "final_test_recall": 0.9369627237319946,
    "final_test_accuracy": 0.9890159368515015
}