{
    "dataset": "dataset_half_notrim_tensors",
    "train_split": 0.6,
    "val_split": 0.2,
    "test_split": 0.2,
    "sample_rate": 16000,
    "min_freq": 0,
    "max_freq": 8000,
    "pos_weight": 0.5,
    "conv_filters": 64,
    "conv_kernel_size": 5,
    "conv_stride": 1,
    "recurrent_cell": "gru",
    "recurrent_layers": 3,
    "recurrent_units": 64,
    "batch_size": 256,
    "learning_rate": 3.1622776601683795e-05,
    "frame_size": 512,
    "frame_step": 256,
    "fft_size": 512,
    "mel_bins": 64,
    "max_time_mask": 10,
    "max_freq_mask": 10,
    "optimizer": "adam",
    "__timestamp__": 20201111083047,
    "verbose": 1,
    "epochs": 600,
    "steps": 77,
    "cpu_1": 0.20762445119980838,
    "cpu_10": 0.06534704280056758,
    "cpu_100": 0.3764304394004284,
    "gpu_1": 0.07686608520016307,
    "gpu_10": 0.03529784720012685,
    "gpu_100": 0.06277030960045522,
    "trainable_params": 95489,
    "non_trainable_params": 0.0,
    "total_params": 95489.0,
    "final_val_loss": 0.033273570239543915,
    "final_val_precision": 0.8700265288352966,
    "final_val_recall": 0.939828097820282,
    "final_val_accuracy": 0.9894689321517944,
    "final_test_loss": 0.03514736518263817,
    "final_test_precision": 0.883783757686615,
    "final_test_recall": 0.9369627237319946,
    "final_test_accuracy": 0.9902196526527405
}