{
    "dataset": "dataset_half_notrim_tensors",
    "train_split": 0.6,
    "val_split": 0.2,
    "test_split": 0.2,
    "sample_rate": 16000,
    "min_freq": 0,
    "max_freq": 8000,
    "pos_weight": 0.1,
    "conv_layers": 1,
    "conv_filters": 32,
    "conv_kernel_size": 3,
    "conv_stride": 1,
    "maxpool_size": 1,
    "dense_layers": 2,
    "dense_units": 64,
    "dropout": 0.19949700797946654,
    "batch_size": 64,
    "learning_rate": 0.001,
    "frame_size": 512,
    "frame_step": 256,
    "fft_size": 512,
    "mel_bins": 64,
    "max_time_mask": 10,
    "max_freq_mask": 10,
    "optimizer": "adam",
    "__timestamp__": 20201111031359,
    "verbose": 0,
    "epochs": 200,
    "steps": 311,
    "cpu_1": 0.0667943797998305,
    "cpu_10": 0.05608171180028876,
    "cpu_100": 0.31071765100023185,
    "gpu_1": 0.037091830799909076,
    "gpu_10": 0.028022275999865086,
    "gpu_100": 0.04027935819976847,
    "trainable_params": 129249,
    "non_trainable_params": 64,
    "total_params": 129313,
    "final_val_loss": 0.030437443405389786,
    "final_val_precision": 0.9599999785423279,
    "final_val_recall": 0.8939828276634216,
    "final_val_accuracy": 0.9924778342247009,
    "final_test_loss": 0.030977552756667137,
    "final_test_precision": 0.9459459185600281,
    "final_test_recall": 0.9025787711143494,
    "final_test_accuracy": 0.9921757578849792
}