{
    "dataset": "dataset_half_notrim_tensors",
    "train_split": 0.6,
    "val_split": 0.2,
    "test_split": 0.2,
    "sample_rate": 16000,
    "min_freq": 0,
    "max_freq": 8000,
    "pos_weight": 0.2,
    "frame_size": 512,
    "frame_step": 256,
    "fft_size": 2048,
    "mel_bins": 32,
    "max_time_mask": 10,
    "max_freq_mask": 10,
    "conv_filters": 64,
    "conv_kernel_size": 3,
    "conv_stride": 2,
    "recurrent_cell": "gru",
    "recurrent_layers": 1,
    "recurrent_units": 64,
    "batch_size": 64,
    "learning_rate": 3.162277660168379e-06,
    "optimizer": "adam",
    "__timestamp__": 20201109064021,
    "verbose": 0,
    "epochs": 200,
    "steps": 311,
    "cpu_1": 0.12708234660003653,
    "cpu_10": 0.16743987019999623,
    "cpu_100": 1.366319069199926,
    "gpu_1": 0.049609791599687016,
    "gpu_10": 0.031967816399992445,
    "gpu_100": 0.04452713419996144,
    "trainable_params": 31233,
    "non_trainable_params": 0.0,
    "total_params": 31233.0,
    "final_val_loss": 0.116150863468647,
    "final_val_precision": 0.5627530217170715,
    "final_val_recall": 0.796561598777771,
    "final_val_accuracy": 0.9568226337432861,
    "final_test_loss": 0.11499924212694168,
    "final_test_precision": 0.5762004256248474,
    "final_test_recall": 0.7908309698104858,
    "final_test_accuracy": 0.9584712386131287
}