{
    "dataset": "dataset_half_notrim_tensors",
    "train_split": 0.6,
    "val_split": 0.2,
    "test_split": 0.2,
    "sample_rate": 16000,
    "min_freq": 0,
    "max_freq": 8000,
    "pos_weight": 0.05253655894565806,
    "conv_filters": 64,
    "conv_kernel_size": 3,
    "conv_stride": 1,
    "recurrent_cell": "gru",
    "recurrent_layers": 3,
    "recurrent_units": 32,
    "batch_size": 256,
    "learning_rate": 0.001,
    "frame_size": 512,
    "frame_step": 256,
    "fft_size": 512,
    "mel_bins": 64,
    "max_time_mask": 10,
    "max_freq_mask": 10,
    "optimizer": "adam",
    "__timestamp__": 20201110164528,
    "verbose": 1,
    "epochs": 600,
    "steps": 77,
    "cpu_1": 0.23897492579963,
    "cpu_10": 0.06998901500010106,
    "cpu_100": 0.3821311343999696,
    "gpu_1": 0.0701437129995611,
    "gpu_10": 0.03492059600030188,
    "gpu_100": 0.06390521119974438,
    "trainable_params": 34465,
    "non_trainable_params": 0.0,
    "total_params": 34465.0,
    "final_val_loss": 0.010607847012579441,
    "final_val_precision": 0.9882352948188782,
    "final_val_recall": 0.9627507328987122,
    "final_val_accuracy": 0.9974424839019775,
    "final_test_loss": 0.010792888700962067,
    "final_test_precision": 0.979411780834198,
    "final_test_recall": 0.9541547298431396,
    "final_test_accuracy": 0.996539294719696
}