{
    "dataset": "dataset_half_notrim_tensors",
    "train_split": 0.6,
    "val_split": 0.2,
    "test_split": 0.2,
    "sample_rate": 16000,
    "min_freq": 0,
    "max_freq": 8000,
    "pos_weight": 0.2,
    "conv_filters": 32,
    "conv_kernel_size": 5,
    "conv_stride": 2,
    "recurrent_cell": "bi-gru",
    "recurrent_layers": 4,
    "recurrent_units": 128,
    "batch_size": 256,
    "learning_rate": 0.001,
    "frame_size": 512,
    "frame_step": 256,
    "fft_size": 512,
    "mel_bins": 64,
    "max_time_mask": 10,
    "max_freq_mask": 10,
    "optimizer": "adam",
    "__timestamp__": 20201110184546,
    "verbose": 1,
    "epochs": 600,
    "steps": 77,
    "cpu_1": 0.46315201199977307,
    "cpu_10": 0.09246493360005843,
    "cpu_100": 0.5575383159997728,
    "gpu_1": 0.12314109200015082,
    "gpu_10": 0.04064153879990044,
    "gpu_100": 0.08447565719980048,
    "trainable_params": 1024289,
    "non_trainable_params": 0.0,
    "total_params": 1024289.0,
    "final_val_loss": 0.009099943563342094,
    "final_val_precision": 0.9853801131248474,
    "final_val_recall": 0.9656160473823547,
    "final_val_accuracy": 0.9974424839019775,
    "final_test_loss": 0.01051942165941,
    "final_test_precision": 0.9736841917037964,
    "final_test_recall": 0.9541547298431396,
    "final_test_accuracy": 0.9962383508682251
}