{
    "dataset": "dataset_half_notrim_tensors",
    "train_split": 0.6,
    "val_split": 0.2,
    "test_split": 0.2,
    "sample_rate": 16000,
    "min_freq": 0,
    "max_freq": 8000,
    "pos_weight": 0.1,
    "frame_size": 128,
    "frame_step": 128,
    "fft_size": 128,
    "mel_bins": 16,
    "max_time_mask": 10,
    "max_freq_mask": 10,
    "conv_layers": 1,
    "conv_filters": 32,
    "conv_kernel_size": 5,
    "conv_stride": 3,
    "maxpool_size": 5,
    "dense_layers": 3,
    "dense_units": 64,
    "dropout": 0.19821158835206804,
    "batch_size": 256,
    "learning_rate": 3.162277660168379e-06,
    "optimizer": "adam",
    "__timestamp__": 20201109070035,
    "verbose": 0,
    "epochs": 200,
    "steps": 77,
    "cpu_1": 0.05968236359985894,
    "cpu_10": 0.03850367140003073,
    "cpu_100": 0.14042554820007352,
    "gpu_1": 0.03679585760000918,
    "gpu_10": 0.029634547000023305,
    "gpu_100": 0.03974808980019588,
    "trainable_params": 21729,
    "non_trainable_params": 64,
    "total_params": 21793,
    "final_val_loss": 0.1864292323589325,
    "final_val_precision": 0.0,
    "final_val_recall": 0.0,
    "final_val_accuracy": 0.9474951028823853,
    "final_test_loss": 0.18459558486938477,
    "final_test_precision": 1.0,
    "final_test_recall": 0.005730659235268831,
    "final_test_accuracy": 0.9477881193161011
}