{
    "dataset": "dataset_half_notrim_tensors",
    "train_split": 0.6,
    "val_split": 0.2,
    "test_split": 0.2,
    "sample_rate": 16000,
    "min_freq": 0,
    "max_freq": 8000,
    "pos_weight": 0.4,
    "conv_filters": 64,
    "conv_kernel_size": 5,
    "conv_stride": 1,
    "recurrent_cell": "bi-gru",
    "recurrent_layers": 2,
    "recurrent_units": 64,
    "batch_size": 128,
    "learning_rate": 0.00031622776601683794,
    "frame_size": 512,
    "frame_step": 256,
    "fft_size": 512,
    "mel_bins": 64,
    "max_time_mask": 10,
    "max_freq_mask": 10,
    "optimizer": "adam",
    "__timestamp__": 20201110143621,
    "verbose": 0,
    "epochs": 600,
    "steps": 155,
    "cpu_1": 0.5938418331999855,
    "cpu_10": 0.06482968060008716,
    "cpu_100": 0.37820733999988077,
    "gpu_1": 0.08009002059998238,
    "gpu_10": 0.04065209959999265,
    "gpu_100": 0.07682317979997606,
    "trainable_params": 145089,
    "non_trainable_params": 0.0,
    "total_params": 145089.0,
    "final_val_loss": 0.009528396651148796,
    "final_val_precision": 0.9853372573852539,
    "final_val_recall": 0.9627507328987122,
    "final_val_accuracy": 0.9972919821739197,
    "final_test_loss": 0.01245567575097084,
    "final_test_precision": 0.9824047088623047,
    "final_test_recall": 0.9598853588104248,
    "final_test_accuracy": 0.9969906806945801
}