{
    "dataset": "dataset_half_notrim_tensors",
    "train_split": 0.6,
    "val_split": 0.2,
    "test_split": 0.2,
    "sample_rate": 16000,
    "min_freq": 0,
    "max_freq": 8000,
    "pos_weight": 0.4,
    "conv_filters": 32,
    "conv_kernel_size": 5,
    "conv_stride": 1,
    "recurrent_cell": "bi-gru",
    "recurrent_layers": 2,
    "recurrent_units": 32,
    "batch_size": 256,
    "learning_rate": 0.001,
    "frame_size": 512,
    "frame_step": 256,
    "fft_size": 512,
    "mel_bins": 64,
    "max_time_mask": 10,
    "max_freq_mask": 10,
    "optimizer": "adam",
    "__timestamp__": 20201111073919,
    "verbose": 1,
    "epochs": 600,
    "steps": 77,
    "cpu_1": 0.2794575975989574,
    "cpu_10": 0.06584658400024637,
    "cpu_100": 0.3539657236018684,
    "gpu_1": 0.07723012800124707,
    "gpu_10": 0.04005662000054144,
    "gpu_100": 0.06817240379969007,
    "trainable_params": 41825,
    "non_trainable_params": 0.0,
    "total_params": 41825.0,
    "final_val_loss": 0.0100595373660326,
    "final_val_precision": 0.9767441749572754,
    "final_val_recall": 0.9627507328987122,
    "final_val_accuracy": 0.9968406558036804,
    "final_test_loss": 0.013814370147883892,
    "final_test_precision": 0.9738371968269348,
    "final_test_recall": 0.9598853588104248,
    "final_test_accuracy": 0.996539294719696
}