{
    "dataset": "dataset_half_notrim_tensors",
    "train_split": 0.6,
    "val_split": 0.2,
    "test_split": 0.2,
    "sample_rate": 16000,
    "min_freq": 0,
    "max_freq": 8000,
    "pos_weight": 0.4,
    "frame_size": 128,
    "frame_step": 128,
    "fft_size": 128,
    "mel_bins": 16,
    "max_time_mask": 10,
    "max_freq_mask": 10,
    "conv_layers": 1,
    "conv_filters": 32,
    "conv_kernel_size": 3,
    "conv_stride": 2,
    "maxpool_size": 5,
    "dense_layers": 3,
    "dense_units": 64,
    "dropout": 0.13441469929691474,
    "batch_size": 128,
    "learning_rate": 3.162277660168379e-06,
    "optimizer": "adam",
    "__timestamp__": 20201109053235,
    "verbose": 0,
    "epochs": 200,
    "steps": 155,
    "cpu_1": 0.06574993820013333,
    "cpu_10": 0.04209832820006341,
    "cpu_100": 0.1482779293999556,
    "gpu_1": 0.044588065399966584,
    "gpu_10": 0.030955044200072734,
    "gpu_100": 0.04399134819996107,
    "trainable_params": 28897,
    "non_trainable_params": 64,
    "total_params": 28961,
    "final_val_loss": 0.2937082350254059,
    "final_val_precision": 0.25806450843811035,
    "final_val_recall": 0.022922636941075325,
    "final_val_accuracy": 0.945238471031189,
    "final_test_loss": 0.29579758644104004,
    "final_test_precision": 0.1666666716337204,
    "final_test_recall": 0.011461318470537663,
    "final_test_accuracy": 0.9450797438621521
}