{
    "dataset": "dataset_half_notrim_tensors",
    "train_split": 0.6,
    "val_split": 0.2,
    "test_split": 0.2,
    "sample_rate": 16000,
    "min_freq": 0,
    "max_freq": 8000,
    "pos_weight": 0.4,
    "conv_filters": 32,
    "conv_kernel_size": 3,
    "conv_stride": 3,
    "recurrent_cell": "gru",
    "recurrent_layers": 4,
    "recurrent_units": 64,
    "batch_size": 64,
    "learning_rate": 0.00031622776601683794,
    "frame_size": 512,
    "frame_step": 256,
    "fft_size": 512,
    "mel_bins": 64,
    "max_time_mask": 10,
    "max_freq_mask": 10,
    "optimizer": "adam",
    "__timestamp__": 20201111024147,
    "verbose": 1,
    "epochs": 600,
    "steps": 311,
    "cpu_1": 0.25731750979994106,
    "cpu_10": 0.06176046419996055,
    "cpu_100": 0.33538094139998975,
    "gpu_1": 0.06775898959995175,
    "gpu_10": 0.03309319919999325,
    "gpu_100": 0.05165564759995504,
    "trainable_params": 99937,
    "non_trainable_params": 0.0,
    "total_params": 99937.0,
    "final_val_loss": 0.010414548218250275,
    "final_val_precision": 0.9853372573852539,
    "final_val_recall": 0.9627507328987122,
    "final_val_accuracy": 0.9972919821739197,
    "final_test_loss": 0.01149615366011858,
    "final_test_precision": 0.9767441749572754,
    "final_test_recall": 0.9627507328987122,
    "final_test_accuracy": 0.9968401789665222
}