{
    "dataset": "dataset_half_notrim_tensors",
    "train_split": 0.6,
    "val_split": 0.2,
    "test_split": 0.2,
    "sample_rate": 16000,
    "min_freq": 0,
    "max_freq": 8000,
    "pos_weight": 0.05253655894565806,
    "conv_filters": 64,
    "conv_kernel_size": 3,
    "conv_stride": 3,
    "recurrent_cell": "gru",
    "recurrent_layers": 3,
    "recurrent_units": 128,
    "batch_size": 64,
    "learning_rate": 3.1622776601683795e-05,
    "frame_size": 512,
    "frame_step": 256,
    "fft_size": 512,
    "mel_bins": 64,
    "max_time_mask": 10,
    "max_freq_mask": 10,
    "optimizer": "adam",
    "__timestamp__": 20201111051748,
    "verbose": 1,
    "epochs": 600,
    "steps": 311,
    "cpu_1": 0.2200714524002251,
    "cpu_10": 0.06511466119991383,
    "cpu_100": 0.38433074060012584,
    "gpu_1": 0.07161944500039681,
    "gpu_10": 0.033803194999927656,
    "gpu_100": 0.06024602120014606,
    "trainable_params": 285121,
    "non_trainable_params": 0.0,
    "total_params": 285121.0,
    "final_val_loss": 0.013148512691259384,
    "final_val_precision": 0.9910179376602173,
    "final_val_recall": 0.9484240412712097,
    "final_val_accuracy": 0.9968406558036804,
    "final_test_loss": 0.014539221301674843,
    "final_test_precision": 0.9820895791053772,
    "final_test_recall": 0.9426934123039246,
    "final_test_accuracy": 0.9960878491401672
}