{
    "dataset": "dataset_half_notrim_tensors",
    "train_split": 0.6,
    "val_split": 0.2,
    "test_split": 0.2,
    "sample_rate": 16000,
    "min_freq": 0,
    "max_freq": 8000,
    "pos_weight": 0.05253655894565806,
    "conv_filters": 64,
    "conv_kernel_size": 5,
    "conv_stride": 3,
    "recurrent_cell": "gru",
    "recurrent_layers": 3,
    "recurrent_units": 32,
    "batch_size": 64,
    "learning_rate": 3.1622776601683795e-05,
    "frame_size": 512,
    "frame_step": 256,
    "fft_size": 512,
    "mel_bins": 64,
    "max_time_mask": 10,
    "max_freq_mask": 10,
    "optimizer": "adam",
    "__timestamp__": 20201111065726,
    "verbose": 1,
    "epochs": 600,
    "steps": 311,
    "cpu_1": 0.5302257755996834,
    "cpu_10": 0.05784716540001682,
    "cpu_100": 0.31964366539978073,
    "gpu_1": 0.06671452340015094,
    "gpu_10": 0.03040109100038535,
    "gpu_100": 0.05467786020089989,
    "trainable_params": 42657,
    "non_trainable_params": 0.0,
    "total_params": 42657.0,
    "final_val_loss": 0.019709808751940727,
    "final_val_precision": 0.9817629456520081,
    "final_val_recall": 0.9255014061927795,
    "final_val_accuracy": 0.9951857924461365,
    "final_test_loss": 0.01722649112343788,
    "final_test_precision": 0.976047933101654,
    "final_test_recall": 0.934097409248352,
    "final_test_accuracy": 0.9953355193138123
}