{
    "dataset": "dataset_half_notrim_tensors",
    "train_split": 0.6,
    "val_split": 0.2,
    "test_split": 0.2,
    "sample_rate": 16000,
    "min_freq": 0,
    "max_freq": 8000,
    "pos_weight": 0.05253655894565806,
    "conv_filters": 64,
    "conv_kernel_size": 3,
    "conv_stride": 3,
    "recurrent_cell": "gru",
    "recurrent_layers": 3,
    "recurrent_units": 64,
    "batch_size": 64,
    "learning_rate": 0.001,
    "frame_size": 512,
    "frame_step": 256,
    "fft_size": 512,
    "mel_bins": 64,
    "max_time_mask": 10,
    "max_freq_mask": 10,
    "optimizer": "adam",
    "__timestamp__": 20201110193849,
    "verbose": 1,
    "epochs": 600,
    "steps": 311,
    "cpu_1": 0.21207836699977634,
    "cpu_10": 0.06301023420019192,
    "cpu_100": 0.347647479400257,
    "gpu_1": 0.06724262479983736,
    "gpu_10": 0.03164476379934058,
    "gpu_100": 0.054441597599725354,
    "trainable_params": 87297,
    "non_trainable_params": 0.0,
    "total_params": 87297.0,
    "final_val_loss": 0.009499666281044483,
    "final_val_precision": 0.9881656765937805,
    "final_val_recall": 0.9570200443267822,
    "final_val_accuracy": 0.9971415400505066,
    "final_test_loss": 0.01414662878960371,
    "final_test_precision": 0.9680232405662537,
    "final_test_recall": 0.9541547298431396,
    "final_test_accuracy": 0.9959374070167542
}