{
    "dataset": "dataset_half_notrim_tensors",
    "train_split": 0.6,
    "val_split": 0.2,
    "test_split": 0.2,
    "sample_rate": 16000,
    "min_freq": 0,
    "max_freq": 8000,
    "pos_weight": 0.3,
    "conv_filters": 64,
    "conv_kernel_size": 3,
    "conv_stride": 1,
    "recurrent_cell": "bi-gru",
    "recurrent_layers": 2,
    "recurrent_units": 128,
    "batch_size": 64,
    "learning_rate": 0.001,
    "frame_size": 512,
    "frame_step": 256,
    "fft_size": 512,
    "mel_bins": 64,
    "max_time_mask": 10,
    "max_freq_mask": 10,
    "optimizer": "adam",
    "__timestamp__": 20201111044040,
    "verbose": 1,
    "epochs": 600,
    "steps": 311,
    "cpu_1": 0.2507919640000182,
    "cpu_10": 0.6189565119995677,
    "cpu_100": 0.49320722419979574,
    "gpu_1": 0.07545421579961839,
    "gpu_10": 0.03468552759986778,
    "gpu_100": 0.06915295960025106,
    "trainable_params": 458049,
    "non_trainable_params": 0.0,
    "total_params": 458049.0,
    "final_val_loss": 0.008602829650044441,
    "final_val_precision": 0.9970238208770752,
    "final_val_recall": 0.9598853588104248,
    "final_val_accuracy": 0.9977433681488037,
    "final_test_loss": 0.011284603737294674,
    "final_test_precision": 0.9821428656578064,
    "final_test_recall": 0.9455587267875671,
    "final_test_accuracy": 0.9962383508682251
}