{
    "dataset": "dataset_half_notrim_tensors",
    "train_split": 0.6,
    "val_split": 0.2,
    "test_split": 0.2,
    "sample_rate": 16000,
    "min_freq": 0,
    "max_freq": 8000,
    "pos_weight": 0.5,
    "conv_filters": 64,
    "conv_kernel_size": 1,
    "conv_stride": 2,
    "recurrent_cell": "bi-gru",
    "recurrent_layers": 4,
    "recurrent_units": 128,
    "batch_size": 256,
    "learning_rate": 0.001,
    "frame_size": 512,
    "frame_step": 256,
    "fft_size": 512,
    "mel_bins": 64,
    "max_time_mask": 10,
    "max_freq_mask": 10,
    "optimizer": "adam",
    "__timestamp__": 20201110153920,
    "verbose": 1,
    "epochs": 600,
    "steps": 77,
    "cpu_1": 0.4581365286000164,
    "cpu_10": 0.10095603239997217,
    "cpu_100": 0.6080299681999805,
    "gpu_1": 0.11677290479997282,
    "gpu_10": 0.04455228580000039,
    "gpu_100": 0.08522568319999664,
    "trainable_params": 1042753,
    "non_trainable_params": 0.0,
    "total_params": 1042753.0,
    "final_val_loss": 0.008280486799776554,
    "final_val_precision": 0.9884058237075806,
    "final_val_recall": 0.9770773649215698,
    "final_val_accuracy": 0.998194694519043,
    "final_test_loss": 0.011912399902939796,
    "final_test_precision": 0.9603399634361267,
    "final_test_recall": 0.9713466763496399,
    "final_test_accuracy": 0.9963887929916382
}