{
    "dataset": "dataset_half_notrim_tensors",
    "train_split": 0.6,
    "val_split": 0.2,
    "test_split": 0.2,
    "sample_rate": 16000,
    "min_freq": 0,
    "max_freq": 8000,
    "pos_weight": 0.4,
    "conv_filters": 64,
    "conv_kernel_size": 1,
    "conv_stride": 1,
    "recurrent_cell": "gru",
    "recurrent_layers": 2,
    "recurrent_units": 64,
    "batch_size": 64,
    "learning_rate": 0.001,
    "frame_size": 512,
    "frame_step": 256,
    "fft_size": 512,
    "mel_bins": 64,
    "max_time_mask": 10,
    "max_freq_mask": 10,
    "optimizer": "adam",
    "__timestamp__": 20201111023628,
    "verbose": 1,
    "epochs": 600,
    "steps": 311,
    "cpu_1": 0.15448674720009875,
    "cpu_10": 0.06334850399998686,
    "cpu_100": 0.3588695612000265,
    "gpu_1": 0.06196582899997338,
    "gpu_10": 0.038644933399973526,
    "gpu_100": 0.060442723199957984,
    "trainable_params": 54145,
    "non_trainable_params": 0.0,
    "total_params": 54145.0,
    "final_val_loss": 0.011852351017296314,
    "final_val_precision": 0.9850746393203735,
    "final_val_recall": 0.9455587267875671,
    "final_val_accuracy": 0.9963893294334412,
    "final_test_loss": 0.010643618181347847,
    "final_test_precision": 0.9823529124259949,
    "final_test_recall": 0.9570200443267822,
    "final_test_accuracy": 0.9968401789665222
}