{
    "dataset": "dataset_half_notrim_tensors",
    "train_split": 0.6,
    "val_split": 0.2,
    "test_split": 0.2,
    "sample_rate": 16000,
    "min_freq": 0,
    "max_freq": 8000,
    "pos_weight": 0.5,
    "frame_size": 512,
    "frame_step": 256,
    "fft_size": 512,
    "mel_bins": 64,
    "max_time_mask": 10,
    "max_freq_mask": 10,
    "conv_layers": 2,
    "conv_filters": 32,
    "conv_kernel_size": 3,
    "conv_stride": 1,
    "maxpool_size": 3,
    "dense_layers": 3,
    "dense_units": 64,
    "dropout": 0.1,
    "batch_size": 128,
    "optimizer": "adam",
    "learning_rate": 0.001,
    "__timestamp__": 20201109042957,
    "verbose": 1,
    "epochs": 3,
    "steps": 155,
    "cpu_1": 0.10030615999994552,
    "cpu_10": 0.06350397779997366,
    "cpu_100": 0.34984837200008767,
    "gpu_1": 0.04805907539976033,
    "gpu_10": 0.03342154559995834,
    "gpu_100": 0.05052301079995232,
    "trainable_params": 35745,
    "non_trainable_params": 192,
    "total_params": 35937,
    "final_val_loss": 0.09036795049905777,
    "final_val_precision": 0.6051660776138306,
    "final_val_recall": 0.939828097820282,
    "final_val_accuracy": 0.9646456837654114,
    "final_test_loss": 0.08819510042667389,
    "final_test_precision": 0.6201117038726807,
    "final_test_recall": 0.9541547298431396,
    "final_test_accuracy": 0.9668973684310913
}