{
    "dataset": "dataset_half_notrim_tensors",
    "train_split": 0.6,
    "val_split": 0.2,
    "test_split": 0.2,
    "sample_rate": 16000,
    "min_freq": 0,
    "max_freq": 8000,
    "pos_weight": 0.4,
    "conv_filters": 32,
    "conv_kernel_size": 5,
    "conv_stride": 1,
    "recurrent_cell": "bi-gru",
    "recurrent_layers": 2,
    "recurrent_units": 32,
    "batch_size": 128,
    "learning_rate": 0.001,
    "frame_size": 512,
    "frame_step": 256,
    "fft_size": 512,
    "mel_bins": 64,
    "max_time_mask": 10,
    "max_freq_mask": 10,
    "optimizer": "adam",
    "__timestamp__": 20201110222121,
    "verbose": 1,
    "epochs": 600,
    "steps": 155,
    "cpu_1": 0.27872545740101484,
    "cpu_10": 0.06976562880008715,
    "cpu_100": 0.38116912999830677,
    "gpu_1": 0.0843247582000913,
    "gpu_10": 0.037751960201421755,
    "gpu_100": 0.07353154699958395,
    "trainable_params": 41825,
    "non_trainable_params": 0.0,
    "total_params": 41825.0,
    "final_val_loss": 0.012043368071317673,
    "final_val_precision": 0.9707602262496948,
    "final_val_recall": 0.9512894153594971,
    "final_val_accuracy": 0.9959380030632019,
    "final_test_loss": 0.01319669745862484,
    "final_test_precision": 0.9653179049491882,
    "final_test_recall": 0.9570200443267822,
    "final_test_accuracy": 0.9959374070167542
}