{
    "dataset": "dataset_half_notrim_tensors",
    "train_split": 0.6,
    "val_split": 0.2,
    "test_split": 0.2,
    "sample_rate": 16000,
    "min_freq": 0,
    "max_freq": 8000,
    "pos_weight": 0.05253655894565806,
    "conv_filters": 64,
    "conv_kernel_size": 5,
    "conv_stride": 2,
    "recurrent_cell": "bi-gru",
    "recurrent_layers": 2,
    "recurrent_units": 64,
    "batch_size": 128,
    "learning_rate": 3.1622776601683795e-05,
    "frame_size": 512,
    "frame_step": 256,
    "fft_size": 512,
    "mel_bins": 64,
    "max_time_mask": 10,
    "max_freq_mask": 10,
    "optimizer": "adam",
    "__timestamp__": 20201111095711,
    "verbose": 1,
    "epochs": 600,
    "steps": 155,
    "cpu_1": 0.254418821199215,
    "cpu_10": 0.06265336380020017,
    "cpu_100": 0.3415981259997352,
    "gpu_1": 0.07573020900017582,
    "gpu_10": 0.031719496599544074,
    "gpu_100": 0.05832372479926562,
    "trainable_params": 145089,
    "non_trainable_params": 0.0,
    "total_params": 145089.0,
    "final_val_loss": 0.017562393099069595,
    "final_val_precision": 0.9673590660095215,
    "final_val_recall": 0.934097409248352,
    "final_val_accuracy": 0.9948849081993103,
    "final_test_loss": 0.012885923497378826,
    "final_test_precision": 0.9623188376426697,
    "final_test_recall": 0.9512894153594971,
    "final_test_accuracy": 0.9954860210418701
}