{
    "dataset": "dataset_half_notrim_tensors",
    "train_split": 0.6,
    "val_split": 0.2,
    "test_split": 0.2,
    "sample_rate": 16000,
    "min_freq": 0,
    "max_freq": 8000,
    "pos_weight": 0.5,
    "frame_size": 512,
    "frame_step": 256,
    "fft_size": 512,
    "mel_bins": 64,
    "max_time_mask": 10,
    "max_freq_mask": 10,
    "conv_kernel_size": 3,
    "conv_stride": 1,
    "conv_filters": 32,
    "recurrent_cell": "gru",
    "recurrent_layers": 3,
    "recurrent_units": 64,
    "batch_size": 128,
    "optimizer": "adam",
    "learning_rate": 0.0005,
    "__timestamp__": 20201110184648,
    "verbose": 1,
    "epochs": 500,
    "steps": 155,
    "cpu_1": 0.21662437840000165,
    "cpu_10": 0.06907684720001725,
    "cpu_100": 0.35683382679997067,
    "gpu_1": 0.06276279720002549,
    "gpu_10": 0.03492323560001296,
    "gpu_100": 0.05940967420001471,
    "trainable_params": 74977,
    "non_trainable_params": 0.0,
    "total_params": 74977.0,
    "final_val_loss": 0.009895624592900276,
    "final_val_precision": 0.9658119678497314,
    "final_val_recall": 0.9713466763496399,
    "final_val_accuracy": 0.9966902136802673,
    "final_test_loss": 0.01164086814969778,
    "final_test_precision": 0.9659090638160706,
    "final_test_recall": 0.9742120504379272,
    "final_test_accuracy": 0.9968401789665222
}