{
    "dataset": "dataset_half_notrim_tensors",
    "train_split": 0.6,
    "val_split": 0.2,
    "test_split": 0.2,
    "sample_rate": 16000,
    "min_freq": 0,
    "max_freq": 8000,
    "pos_weight": 0.4,
    "frame_size": 128,
    "frame_step": 128,
    "fft_size": 2048,
    "mel_bins": 64,
    "max_time_mask": 10,
    "max_freq_mask": 10,
    "conv_layers": 4,
    "conv_filters": 64,
    "conv_kernel_size": 3,
    "conv_stride": 1,
    "maxpool_size": 1,
    "dense_layers": 2,
    "dense_units": 64,
    "dropout": 0.153489856123855,
    "batch_size": 128,
    "learning_rate": 0.01,
    "optimizer": "adam",
    "__timestamp__": 20201109070811,
    "verbose": 0,
    "epochs": 200,
    "steps": 155,
    "cpu_1": 0.11185999359950075,
    "cpu_10": 0.32284543639980257,
    "cpu_100": 2.9225253823999084,
    "gpu_1": 0.04802813460009929,
    "gpu_10": 0.03506745880004018,
    "gpu_100": 0.05663281300039671,
    "trainable_params": 4367297,
    "non_trainable_params": 1920,
    "total_params": 4369217,
    "final_val_loss": 0.05209800973534584,
    "final_val_precision": 0.8506666421890259,
    "final_val_recall": 0.9140400886535645,
    "final_val_accuracy": 0.9870618581771851,
    "final_test_loss": 0.10234090685844421,
    "final_test_precision": 0.818652868270874,
    "final_test_recall": 0.9054441452026367,
    "final_test_accuracy": 0.9845019578933716
}