{
    "dataset": "dataset_half_notrim_tensors",
    "train_split": 0.6,
    "val_split": 0.2,
    "test_split": 0.2,
    "sample_rate": 16000,
    "min_freq": 0,
    "max_freq": 8000,
    "pos_weight": 0.1,
    "conv_filters": 32,
    "conv_kernel_size": 5,
    "conv_stride": 3,
    "recurrent_cell": "gru",
    "recurrent_layers": 3,
    "recurrent_units": 128,
    "batch_size": 64,
    "learning_rate": 0.001,
    "frame_size": 512,
    "frame_step": 256,
    "fft_size": 512,
    "mel_bins": 64,
    "max_time_mask": 10,
    "max_freq_mask": 10,
    "optimizer": "adam",
    "__timestamp__": 20201110191222,
    "verbose": 1,
    "epochs": 600,
    "steps": 311,
    "cpu_1": 0.22204472080011328,
    "cpu_10": 0.06727106980033568,
    "cpu_100": 0.37977432780025994,
    "gpu_1": 0.07138740499976848,
    "gpu_10": 0.032975638799689476,
    "gpu_100": 0.05318939779936045,
    "trainable_params": 270753,
    "non_trainable_params": 0.0,
    "total_params": 270753.0,
    "final_val_loss": 0.008904521353542805,
    "final_val_precision": 0.997032642364502,
    "final_val_recall": 0.9627507328987122,
    "final_val_accuracy": 0.9978938102722168,
    "final_test_loss": 0.010224415920674801,
    "final_test_precision": 0.9824047088623047,
    "final_test_recall": 0.9598853588104248,
    "final_test_accuracy": 0.9969906806945801
}