{
    "dataset": "dataset_half_notrim_tensors",
    "train_split": 0.6,
    "val_split": 0.2,
    "test_split": 0.2,
    "sample_rate": 16000,
    "min_freq": 0,
    "max_freq": 8000,
    "pos_weight": 0.05253655894565806,
    "frame_size": 1024,
    "frame_step": 1024,
    "fft_size": 2048,
    "mel_bins": 64,
    "max_time_mask": 10,
    "max_freq_mask": 10,
    "conv_filters": 64,
    "conv_kernel_size": 5,
    "conv_stride": 3,
    "recurrent_cell": "bi-gru",
    "recurrent_layers": 1,
    "recurrent_units": 128,
    "batch_size": 128,
    "learning_rate": 3.1622776601683795e-05,
    "optimizer": "adam",
    "__timestamp__": 20201109054132,
    "verbose": 0,
    "epochs": 200,
    "steps": 155,
    "cpu_1": 0.15198353120003957,
    "cpu_10": 0.06168542939985855,
    "cpu_100": 0.3655401500001062,
    "gpu_1": 0.055609371199807356,
    "gpu_10": 0.03281332839997049,
    "gpu_100": 0.04543431420006527,
    "trainable_params": 169793,
    "non_trainable_params": 0.0,
    "total_params": 169793.0,
    "final_val_loss": 0.03713411092758179,
    "final_val_precision": 0.9181286692619324,
    "final_val_recall": 0.8997134566307068,
    "final_val_accuracy": 0.990522027015686,
    "final_test_loss": 0.03440829738974571,
    "final_test_precision": 0.9017341136932373,
    "final_test_recall": 0.8939828276634216,
    "final_test_accuracy": 0.9893168807029724
}