{
    "dataset": "dataset_half_notrim_tensors",
    "train_split": 0.6,
    "val_split": 0.2,
    "test_split": 0.2,
    "sample_rate": 16000,
    "min_freq": 0,
    "max_freq": 8000,
    "pos_weight": 0.5,
    "conv_filters": 64,
    "conv_kernel_size": 3,
    "conv_stride": 1,
    "recurrent_cell": "gru",
    "recurrent_layers": 3,
    "recurrent_units": 64,
    "batch_size": 128,
    "learning_rate": 0.001,
    "frame_size": 512,
    "frame_step": 256,
    "fft_size": 512,
    "mel_bins": 64,
    "max_time_mask": 10,
    "max_freq_mask": 10,
    "optimizer": "adam",
    "__timestamp__": 20201110174705,
    "verbose": 1,
    "epochs": 600,
    "steps": 155,
    "cpu_1": 0.21687456119980197,
    "cpu_10": 0.06795370119980362,
    "cpu_100": 0.3939911301993561,
    "gpu_1": 0.07014854540029773,
    "gpu_10": 0.036050117400009185,
    "gpu_100": 0.061765686799481044,
    "trainable_params": 87297,
    "non_trainable_params": 0.0,
    "total_params": 87297.0,
    "final_val_loss": 0.011471766978502274,
    "final_val_precision": 0.9825581312179565,
    "final_val_recall": 0.9684813618659973,
    "final_val_accuracy": 0.9974424839019775,
    "final_test_loss": 0.01241055317223072,
    "final_test_precision": 0.9658119678497314,
    "final_test_recall": 0.9713466763496399,
    "final_test_accuracy": 0.9966897368431091
}