{
    "dataset": "dataset_half_notrim_tensors",
    "train_split": 0.6,
    "val_split": 0.2,
    "test_split": 0.2,
    "sample_rate": 16000,
    "min_freq": 0,
    "max_freq": 8000,
    "pos_weight": 0.5,
    "frame_size": 1024,
    "frame_step": 512,
    "fft_size": 2048,
    "mel_bins": 128,
    "max_time_mask": 10,
    "max_freq_mask": 10,
    "conv_layers": 3,
    "conv_filters": 64,
    "conv_kernel_size": 5,
    "conv_stride": 1,
    "maxpool_size": 1,
    "dense_layers": 1,
    "dense_units": 64,
    "dropout": 0.15105552723372279,
    "batch_size": 256,
    "learning_rate": 0.00031622776601683794,
    "optimizer": "adam",
    "__timestamp__": 20201109061329,
    "verbose": 0,
    "epochs": 200,
    "steps": 77,
    "cpu_1": 0.08165869980002753,
    "cpu_10": 0.1000065934000304,
    "cpu_100": 0.7303697157998613,
    "gpu_1": 0.04322675359999266,
    "gpu_10": 0.03177770279980905,
    "gpu_100": 0.04875068840010499,
    "trainable_params": 542145,
    "non_trainable_params": 896,
    "total_params": 543041,
    "final_val_loss": 0.020773956552147865,
    "final_val_precision": 0.9348441958427429,
    "final_val_recall": 0.9455587267875671,
    "final_val_accuracy": 0.9936813712120056,
    "final_test_loss": 0.021259650588035583,
    "final_test_precision": 0.9481267929077148,
    "final_test_recall": 0.9426934123039246,
    "final_test_accuracy": 0.9942822456359863
}