{
    "dataset": "dataset_half_notrim_tensors",
    "train_split": 0.6,
    "val_split": 0.2,
    "test_split": 0.2,
    "sample_rate": 16000,
    "min_freq": 0,
    "max_freq": 8000,
    "pos_weight": 0.5,
    "frame_size": 128,
    "frame_step": 128,
    "fft_size": 128,
    "mel_bins": 64,
    "max_time_mask": 10,
    "max_freq_mask": 10,
    "conv_filters": 32,
    "conv_kernel_size": 5,
    "conv_stride": 3,
    "recurrent_cell": "bi-gru",
    "recurrent_layers": 2,
    "recurrent_units": 32,
    "batch_size": 64,
    "learning_rate": 0.0001,
    "optimizer": "adam",
    "__timestamp__": 20201109085957,
    "verbose": 0,
    "epochs": 200,
    "steps": 311,
    "cpu_1": 0.2550383962003252,
    "cpu_10": 0.04463068300028681,
    "cpu_100": 0.17740414960026102,
    "gpu_1": 0.0777664638000715,
    "gpu_10": 0.03753038659997401,
    "gpu_100": 0.06594927679980174,
    "trainable_params": 41825,
    "non_trainable_params": 0.0,
    "total_params": 41825.0,
    "final_val_loss": 0.012663774192333221,
    "final_val_precision": 0.9740633964538574,
    "final_val_recall": 0.9684813618659973,
    "final_val_accuracy": 0.9969910979270935,
    "final_test_loss": 0.010946233756840229,
    "final_test_precision": 0.9630681872367859,
    "final_test_recall": 0.9713466763496399,
    "final_test_accuracy": 0.996539294719696
}