{
    "dataset": "dataset_half_notrim_tensors",
    "train_split": 0.6,
    "val_split": 0.2,
    "test_split": 0.2,
    "sample_rate": 16000,
    "min_freq": 0,
    "max_freq": 8000,
    "pos_weight": 0.05253655894565806,
    "conv_filters": 32,
    "conv_kernel_size": 5,
    "conv_stride": 3,
    "recurrent_cell": "bi-gru",
    "recurrent_layers": 2,
    "recurrent_units": 128,
    "batch_size": 128,
    "learning_rate": 0.00031622776601683794,
    "frame_size": 512,
    "frame_step": 256,
    "fft_size": 512,
    "mel_bins": 64,
    "max_time_mask": 10,
    "max_freq_mask": 10,
    "optimizer": "adam",
    "__timestamp__": 20201110143722,
    "verbose": 0,
    "epochs": 600,
    "steps": 155,
    "cpu_1": 0.33986147359992175,
    "cpu_10": 0.08278112640000472,
    "cpu_100": 0.4573072522000075,
    "gpu_1": 0.0940587716000664,
    "gpu_10": 0.048998425399986445,
    "gpu_100": 0.07957664540017503,
    "trainable_params": 431393,
    "non_trainable_params": 0.0,
    "total_params": 431393.0,
    "final_val_loss": 0.009965723380446434,
    "final_val_precision": 0.9881656765937805,
    "final_val_recall": 0.9570200443267822,
    "final_val_accuracy": 0.9971415400505066,
    "final_test_loss": 0.009566073305904865,
    "final_test_precision": 0.9882352948188782,
    "final_test_recall": 0.9627507328987122,
    "final_test_accuracy": 0.9974420666694641
}