{
    "dataset": "dataset_half_notrim_tensors",
    "train_split": 0.6,
    "val_split": 0.2,
    "test_split": 0.2,
    "sample_rate": 16000,
    "min_freq": 0,
    "max_freq": 8000,
    "pos_weight": 0.4,
    "conv_filters": 32,
    "conv_kernel_size": 5,
    "conv_stride": 2,
    "recurrent_cell": "gru",
    "recurrent_layers": 2,
    "recurrent_units": 64,
    "batch_size": 256,
    "learning_rate": 3.1622776601683795e-05,
    "frame_size": 512,
    "frame_step": 256,
    "fft_size": 512,
    "mel_bins": 64,
    "max_time_mask": 10,
    "max_freq_mask": 10,
    "optimizer": "adam",
    "__timestamp__": 20201110154401,
    "verbose": 1,
    "epochs": 600,
    "steps": 77,
    "cpu_1": 0.1601326097999845,
    "cpu_10": 0.06440443139999844,
    "cpu_100": 0.34655285419999016,
    "gpu_1": 0.0577775816000667,
    "gpu_10": 0.03252738819996921,
    "gpu_100": 0.0524866557999303,
    "trainable_params": 54113,
    "non_trainable_params": 0.0,
    "total_params": 54113.0,
    "final_val_loss": 0.021771427243947983,
    "final_val_precision": 0.9373219609260559,
    "final_val_recall": 0.9426934123039246,
    "final_val_accuracy": 0.9936813712120056,
    "final_test_loss": 0.024114208295941353,
    "final_test_precision": 0.9213483333587646,
    "final_test_recall": 0.939828097820282,
    "final_test_accuracy": 0.9926271438598633
}