{
    "dataset": "dataset_half_notrim_tensors",
    "train_split": 0.6,
    "val_split": 0.2,
    "test_split": 0.2,
    "sample_rate": 16000,
    "min_freq": 0,
    "max_freq": 8000,
    "pos_weight": 0.5,
    "frame_size": 128,
    "frame_step": 128,
    "fft_size": 128,
    "mel_bins": 128,
    "max_time_mask": 10,
    "max_freq_mask": 10,
    "conv_layers": 1,
    "conv_filters": 32,
    "conv_kernel_size": 3,
    "conv_stride": 3,
    "maxpool_size": 3,
    "dense_layers": 1,
    "dense_units": 64,
    "dropout": 0.19639746750794898,
    "batch_size": 64,
    "learning_rate": 0.001,
    "optimizer": "adam",
    "__timestamp__": 20201109092233,
    "verbose": 0,
    "epochs": 200,
    "steps": 311,
    "cpu_1": 0.0637532945991552,
    "cpu_10": 0.04025154099945212,
    "cpu_100": 0.15170597700052896,
    "gpu_1": 0.03777158899974893,
    "gpu_10": 0.032024627999635416,
    "gpu_100": 0.04144506280063069,
    "trainable_params": 39137,
    "non_trainable_params": 64,
    "total_params": 39201,
    "final_val_loss": 0.049347952008247375,
    "final_val_precision": 0.8818444013595581,
    "final_val_recall": 0.8767908215522766,
    "final_val_accuracy": 0.9873627424240112,
    "final_test_loss": 0.05436776950955391,
    "final_test_precision": 0.8551532030105591,
    "final_test_recall": 0.8796561360359192,
    "final_test_accuracy": 0.9858561754226685
}