{
    "dataset": "dataset_half_notrim_tensors",
    "train_split": 0.6,
    "val_split": 0.2,
    "test_split": 0.2,
    "sample_rate": 16000,
    "min_freq": 0,
    "max_freq": 8000,
    "pos_weight": 0.2,
    "frame_size": 128,
    "frame_step": 128,
    "fft_size": 256,
    "mel_bins": 32,
    "max_time_mask": 10,
    "max_freq_mask": 10,
    "conv_layers": 1,
    "conv_filters": 32,
    "conv_kernel_size": 5,
    "conv_stride": 2,
    "maxpool_size": 3,
    "dense_layers": 2,
    "dense_units": 64,
    "dropout": 0.12029439112675194,
    "batch_size": 256,
    "learning_rate": 3.162277660168379e-06,
    "optimizer": "adam",
    "__timestamp__": 20201109065014,
    "verbose": 0,
    "epochs": 200,
    "steps": 77,
    "cpu_1": 0.06619577439996646,
    "cpu_10": 0.05320551599997998,
    "cpu_100": 0.286713549399974,
    "gpu_1": 0.03732683359976363,
    "gpu_10": 0.029645359000096506,
    "gpu_100": 0.04135770560023957,
    "trainable_params": 48353,
    "non_trainable_params": 64,
    "total_params": 48417,
    "final_val_loss": 0.2527367174625397,
    "final_val_precision": 0.3459119498729706,
    "final_val_recall": 0.15759311616420746,
    "final_val_accuracy": 0.9401233792304993,
    "final_test_loss": 0.25139573216438293,
    "final_test_precision": 0.3239436745643616,
    "final_test_recall": 0.1318051517009735,
    "final_test_accuracy": 0.9399638772010803
}