{
    "dataset": "dataset_half_notrim_tensors",
    "train_split": 0.6,
    "val_split": 0.2,
    "test_split": 0.2,
    "sample_rate": 16000,
    "min_freq": 0,
    "max_freq": 8000,
    "pos_weight": 0.3,
    "frame_size": 128,
    "frame_step": 128,
    "fft_size": 128,
    "mel_bins": 128,
    "max_time_mask": 10,
    "max_freq_mask": 10,
    "conv_layers": 4,
    "conv_filters": 64,
    "conv_kernel_size": 3,
    "conv_stride": 3,
    "maxpool_size": 1,
    "dense_layers": 2,
    "dense_units": 64,
    "dropout": 0.15023638770689357,
    "batch_size": 64,
    "learning_rate": 0.001,
    "optimizer": "adam",
    "__timestamp__": 20201109085442,
    "verbose": 0,
    "epochs": 200,
    "steps": 311,
    "cpu_1": 0.08536456440015172,
    "cpu_10": 0.04359197080011654,
    "cpu_100": 0.16699131580026005,
    "gpu_1": 0.04809593319987471,
    "gpu_10": 0.03136185979965376,
    "gpu_100": 0.04848006759966665,
    "trainable_params": 578497,
    "non_trainable_params": 1920,
    "total_params": 580417,
    "final_val_loss": 0.05931072682142258,
    "final_val_precision": 0.868571400642395,
    "final_val_recall": 0.8710601925849915,
    "final_val_accuracy": 0.9863095879554749,
    "final_test_loss": 0.051738619804382324,
    "final_test_precision": 0.8840579986572266,
    "final_test_recall": 0.873925507068634,
    "final_test_accuracy": 0.9873608350753784
}