{
    "dataset": "dataset_half_notrim_tensors",
    "train_split": 0.6,
    "val_split": 0.2,
    "test_split": 0.2,
    "sample_rate": 16000,
    "min_freq": 0,
    "max_freq": 8000,
    "pos_weight": 0.3,
    "conv_filters": 64,
    "conv_kernel_size": 3,
    "conv_stride": 3,
    "recurrent_cell": "gru",
    "recurrent_layers": 4,
    "recurrent_units": 64,
    "batch_size": 256,
    "learning_rate": 0.001,
    "frame_size": 512,
    "frame_step": 256,
    "fft_size": 512,
    "mel_bins": 64,
    "max_time_mask": 10,
    "max_freq_mask": 10,
    "optimizer": "adam",
    "__timestamp__": 20201111041912,
    "verbose": 1,
    "epochs": 600,
    "steps": 77,
    "cpu_1": 0.26004147559979174,
    "cpu_10": 0.06483560780015978,
    "cpu_100": 0.35139620220033974,
    "gpu_1": 0.07432897800008505,
    "gpu_10": 0.03303400500026328,
    "gpu_100": 0.060568570599753,
    "trainable_params": 112257,
    "non_trainable_params": 0.0,
    "total_params": 112257.0,
    "final_val_loss": 0.016071025282144547,
    "final_val_precision": 0.9650145769119263,
    "final_val_recall": 0.9484240412712097,
    "final_val_accuracy": 0.9954866766929626,
    "final_test_loss": 0.013483377173542976,
    "final_test_precision": 0.9653179049491882,
    "final_test_recall": 0.9570200443267822,
    "final_test_accuracy": 0.9959374070167542
}