{
    "dataset": "dataset_half_notrim_tensors",
    "train_split": 0.6,
    "val_split": 0.2,
    "test_split": 0.2,
    "sample_rate": 16000,
    "min_freq": 0,
    "max_freq": 8000,
    "pos_weight": 0.4,
    "frame_size": 256,
    "frame_step": 128,
    "fft_size": 256,
    "mel_bins": 128,
    "max_time_mask": 10,
    "max_freq_mask": 10,
    "conv_layers": 1,
    "conv_filters": 32,
    "conv_kernel_size": 5,
    "conv_stride": 2,
    "maxpool_size": 3,
    "dense_layers": 3,
    "dense_units": 64,
    "dropout": 0.173124577308435,
    "batch_size": 128,
    "learning_rate": 3.162277660168379e-06,
    "optimizer": "adam",
    "__timestamp__": 20201109080549,
    "verbose": 0,
    "epochs": 200,
    "steps": 155,
    "cpu_1": 0.06954540540027665,
    "cpu_10": 0.05628190800052835,
    "cpu_100": 0.3000535162002052,
    "gpu_1": 0.039727610600311894,
    "gpu_10": 0.031148786599806043,
    "gpu_100": 0.04276701559938374,
    "trainable_params": 64225,
    "non_trainable_params": 64,
    "total_params": 64289,
    "final_val_loss": 0.2810603976249695,
    "final_val_precision": 0.31242460012435913,
    "final_val_recall": 0.7421203255653381,
    "final_val_accuracy": 0.9007070660591125,
    "final_test_loss": 0.2832692563533783,
    "final_test_precision": 0.3033067286014557,
    "final_test_recall": 0.7621776461601257,
    "final_test_accuracy": 0.8955762982368469
}