{
    "dataset": "dataset_half_notrim_tensors",
    "train_split": 0.6,
    "val_split": 0.2,
    "test_split": 0.2,
    "sample_rate": 16000,
    "min_freq": 0,
    "max_freq": 8000,
    "pos_weight": 0.2,
    "frame_size": 256,
    "frame_step": 256,
    "fft_size": 256,
    "mel_bins": 128,
    "max_time_mask": 10,
    "max_freq_mask": 10,
    "conv_layers": 2,
    "conv_filters": 64,
    "conv_kernel_size": 5,
    "conv_stride": 1,
    "maxpool_size": 1,
    "dense_layers": 3,
    "dense_units": 64,
    "dropout": 0.10205458712170194,
    "batch_size": 256,
    "learning_rate": 0.00031622776601683794,
    "optimizer": "adam",
    "__timestamp__": 20201109081802,
    "verbose": 0,
    "epochs": 200,
    "steps": 77,
    "cpu_1": 0.06978159800019057,
    "cpu_10": 0.044261033599832446,
    "cpu_100": 0.1780511592001858,
    "gpu_1": 0.040617060600197874,
    "gpu_10": 0.030412544399587203,
    "gpu_100": 0.04539798860023438,
    "trainable_params": 527553,
    "non_trainable_params": 384,
    "total_params": 527937,
    "final_val_loss": 0.03297693654894829,
    "final_val_precision": 0.9197707772254944,
    "final_val_recall": 0.9197707772254944,
    "final_val_accuracy": 0.9915751218795776,
    "final_test_loss": 0.02879483439028263,
    "final_test_precision": 0.9420289993286133,
    "final_test_recall": 0.9312320947647095,
    "final_test_accuracy": 0.9933794736862183
}