{
    "dataset": "dataset_half_notrim_tensors",
    "train_split": 0.6,
    "val_split": 0.2,
    "test_split": 0.2,
    "sample_rate": 16000,
    "min_freq": 0,
    "max_freq": 8000,
    "pos_weight": 0.3,
    "frame_size": 256,
    "frame_step": 128,
    "fft_size": 1024,
    "mel_bins": 32,
    "max_time_mask": 10,
    "max_freq_mask": 10,
    "conv_layers": 1,
    "conv_filters": 32,
    "conv_kernel_size": 5,
    "conv_stride": 3,
    "maxpool_size": 5,
    "dense_layers": 3,
    "dense_units": 64,
    "dropout": 0.11118953862378148,
    "batch_size": 128,
    "learning_rate": 0.00031622776601683794,
    "optimizer": "adam",
    "__timestamp__": 20201109081518,
    "verbose": 0,
    "epochs": 200,
    "steps": 155,
    "cpu_1": 0.07538031899966882,
    "cpu_10": 0.15510462220008775,
    "cpu_100": 1.2467612183994787,
    "gpu_1": 0.0405253567998443,
    "gpu_10": 0.028646617000413245,
    "gpu_100": 0.04402074280005763,
    "trainable_params": 24289,
    "non_trainable_params": 64,
    "total_params": 24353,
    "final_val_loss": 0.03399651497602463,
    "final_val_precision": 0.8923512697219849,
    "final_val_recall": 0.9025787711143494,
    "final_val_accuracy": 0.9891680479049683,
    "final_test_loss": 0.03040151670575142,
    "final_test_precision": 0.886426568031311,
    "final_test_recall": 0.9169054627418518,
    "final_test_accuracy": 0.9894673228263855
}