{
    "dataset": "dataset_half_notrim_tensors",
    "train_split": 0.6,
    "val_split": 0.2,
    "test_split": 0.2,
    "sample_rate": 16000,
    "min_freq": 0,
    "max_freq": 8000,
    "pos_weight": 0.3,
    "conv_filters": 32,
    "conv_kernel_size": 5,
    "conv_stride": 2,
    "recurrent_cell": "bi-gru",
    "recurrent_layers": 4,
    "recurrent_units": 32,
    "batch_size": 128,
    "learning_rate": 3.1622776601683795e-05,
    "frame_size": 512,
    "frame_step": 256,
    "fft_size": 512,
    "mel_bins": 64,
    "max_time_mask": 10,
    "max_freq_mask": 10,
    "optimizer": "adam",
    "__timestamp__": 20201110162348,
    "verbose": 1,
    "epochs": 600,
    "steps": 155,
    "cpu_1": 0.4500764417998653,
    "cpu_10": 0.06992979240003479,
    "cpu_100": 0.3853100436001114,
    "gpu_1": 0.10963652959999308,
    "gpu_10": 0.04048297419994924,
    "gpu_100": 0.08402730339985283,
    "trainable_params": 79457,
    "non_trainable_params": 0.0,
    "total_params": 79457.0,
    "final_val_loss": 0.017338931560516357,
    "final_val_precision": 0.9674556255340576,
    "final_val_recall": 0.9369627237319946,
    "final_val_accuracy": 0.9950353503227234,
    "final_test_loss": 0.015377731993794441,
    "final_test_precision": 0.9436619877815247,
    "final_test_recall": 0.9598853588104248,
    "final_test_accuracy": 0.9948841333389282
}