{
    "dataset": "dataset_half_notrim_tensors",
    "train_split": 0.6,
    "val_split": 0.2,
    "test_split": 0.2,
    "sample_rate": 16000,
    "min_freq": 0,
    "max_freq": 8000,
    "pos_weight": 0.2,
    "frame_size": 256,
    "frame_step": 256,
    "fft_size": 512,
    "mel_bins": 128,
    "max_time_mask": 10,
    "max_freq_mask": 10,
    "conv_filters": 32,
    "conv_kernel_size": 5,
    "conv_stride": 3,
    "recurrent_cell": "bi-lstm",
    "recurrent_layers": 2,
    "recurrent_units": 32,
    "batch_size": 64,
    "learning_rate": 0.001,
    "optimizer": "adam",
    "__timestamp__": 20201109092203,
    "verbose": 0,
    "epochs": 200,
    "steps": 311,
    "cpu_1": 0.272019836200343,
    "cpu_10": 0.062063549001322826,
    "cpu_100": 0.33927208759923816,
    "gpu_1": 0.0823382317998039,
    "gpu_10": 0.036737704801635115,
    "gpu_100": 0.06276249460061081,
    "trainable_params": 62049,
    "non_trainable_params": 0.0,
    "total_params": 62049.0,
    "final_val_loss": 0.011701878160238266,
    "final_val_precision": 0.98525071144104,
    "final_val_recall": 0.9570200443267822,
    "final_val_accuracy": 0.9969910979270935,
    "final_test_loss": 0.011429095640778542,
    "final_test_precision": 0.982300877571106,
    "final_test_recall": 0.9541547298431396,
    "final_test_accuracy": 0.9966897368431091
}