{
    "dataset": "dataset_half_notrim_tensors",
    "train_split": 0.6,
    "val_split": 0.2,
    "test_split": 0.2,
    "sample_rate": 16000,
    "min_freq": 0,
    "max_freq": 8000,
    "pos_weight": 0.2,
    "n_timesteps": 5,
    "conv_filters": 64,
    "conv_kernel_size": 1,
    "conv_stride": 1,
    "recurrent_cell": "bi-gru",
    "recurrent_layers": 4,
    "recurrent_units": 32,
    "batch_size": 64,
    "learning_rate": 0.001,
    "optimizer": "adam",
    "__timestamp__": 20201109083041,
    "verbose": 2,
    "epochs": 200,
    "steps": 311,
    "cpu_1": 0.594400968199625,
    "cpu_10": 0.26846420759902684,
    "cpu_100": 1.344932792599866,
    "gpu_1": 0.25384100939991183,
    "gpu_10": 0.1791767713999434,
    "gpu_100": 0.6561987958004465,
    "trainable_params": 66113,
    "non_trainable_params": 0.0,
    "total_params": 66113.0,
    "final_val_loss": 0.05597950890660286,
    "final_val_precision": 0.8971962332725525,
    "final_val_recall": 0.8252149224281311,
    "final_val_accuracy": 0.9858582615852356,
    "final_test_loss": 0.06167585402727127,
    "final_test_precision": 0.8791540861129761,
    "final_test_recall": 0.8338108658790588,
    "final_test_accuracy": 0.9852542877197266
}