{
    "dataset": "dataset_half_notrim_tensors",
    "train_split": 0.6,
    "val_split": 0.2,
    "test_split": 0.2,
    "sample_rate": 16000,
    "min_freq": 0,
    "max_freq": 8000,
    "pos_weight": 0.4,
    "conv_layers": 3,
    "conv_filters": 64,
    "conv_kernel_size": 3,
    "conv_stride": 1,
    "maxpool_size": 1,
    "dense_layers": 1,
    "dense_units": 64,
    "dropout": 0.13345663811087674,
    "batch_size": 64,
    "learning_rate": 0.001,
    "frame_size": 512,
    "frame_step": 256,
    "fft_size": 512,
    "mel_bins": 64,
    "max_time_mask": 10,
    "max_freq_mask": 10,
    "optimizer": "adam",
    "__timestamp__": 20201111031017,
    "verbose": 0,
    "epochs": 200,
    "steps": 311,
    "cpu_1": 0.07537143879999349,
    "cpu_10": 0.0629868723999607,
    "cpu_100": 0.34705107400004637,
    "gpu_1": 0.0472609119999106,
    "gpu_10": 0.03609241700014536,
    "gpu_100": 0.057874645600168154,
    "trainable_params": 1037761,
    "non_trainable_params": 896,
    "total_params": 1038657,
    "final_val_loss": 0.025243211537599564,
    "final_val_precision": 0.978787899017334,
    "final_val_recall": 0.9255014061927795,
    "final_val_accuracy": 0.9950353503227234,
    "final_test_loss": 0.030605832114815712,
    "final_test_precision": 0.9702380895614624,
    "final_test_recall": 0.934097409248352,
    "final_test_accuracy": 0.9950346350669861
}