{
    "dataset": "dataset_half_notrim_tensors",
    "train_split": 0.6,
    "val_split": 0.2,
    "test_split": 0.2,
    "sample_rate": 16000,
    "min_freq": 0,
    "max_freq": 8000,
    "pos_weight": 0.05253655894565806,
    "conv_filters": 64,
    "conv_kernel_size": 5,
    "conv_stride": 1,
    "recurrent_cell": "bi-gru",
    "recurrent_layers": 4,
    "recurrent_units": 128,
    "batch_size": 128,
    "learning_rate": 0.00031622776601683794,
    "frame_size": 512,
    "frame_step": 256,
    "fft_size": 512,
    "mel_bins": 64,
    "max_time_mask": 10,
    "max_freq_mask": 10,
    "optimizer": "adam",
    "__timestamp__": 20201111042244,
    "verbose": 1,
    "epochs": 600,
    "steps": 155,
    "cpu_1": 0.47667102020022867,
    "cpu_10": 0.1283853803997772,
    "cpu_100": 0.7828139765997548,
    "gpu_1": 0.1140328009998484,
    "gpu_10": 0.05043229859966232,
    "gpu_100": 0.10056413140009682,
    "trainable_params": 1059137,
    "non_trainable_params": 0.0,
    "total_params": 1059137.0,
    "final_val_loss": 0.008441588841378689,
    "final_val_precision": 0.9941349029541016,
    "final_val_recall": 0.9713466763496399,
    "final_val_accuracy": 0.998194694519043,
    "final_test_loss": 0.009072363376617432,
    "final_test_precision": 0.988304078578949,
    "final_test_recall": 0.9684813618659973,
    "final_test_accuracy": 0.9977430105209351
}