{
    "dataset": "dataset_half_notrim_tensors",
    "train_split": 0.6,
    "val_split": 0.2,
    "test_split": 0.2,
    "sample_rate": 16000,
    "min_freq": 0,
    "max_freq": 8000,
    "pos_weight": 0.5,
    "conv_filters": 32,
    "conv_kernel_size": 5,
    "conv_stride": 2,
    "recurrent_cell": "gru",
    "recurrent_layers": 4,
    "recurrent_units": 32,
    "batch_size": 256,
    "learning_rate": 0.001,
    "frame_size": 512,
    "frame_step": 256,
    "fft_size": 512,
    "mel_bins": 64,
    "max_time_mask": 10,
    "max_freq_mask": 10,
    "optimizer": "adam",
    "__timestamp__": 20201111061517,
    "verbose": 1,
    "epochs": 600,
    "steps": 77,
    "cpu_1": 0.25798341079971576,
    "cpu_10": 0.05981516259998898,
    "cpu_100": 0.3425268118000531,
    "gpu_1": 0.07591682679994846,
    "gpu_10": 0.03606165960045473,
    "gpu_100": 0.05898616439990292,
    "trainable_params": 35649,
    "non_trainable_params": 0.0,
    "total_params": 35649.0,
    "final_val_loss": 0.010280617512762547,
    "final_val_precision": 0.977011501789093,
    "final_val_recall": 0.9742120504379272,
    "final_val_accuracy": 0.9974424839019775,
    "final_test_loss": 0.0118095763027668,
    "final_test_precision": 0.9715099930763245,
    "final_test_recall": 0.9770773649215698,
    "final_test_accuracy": 0.997291624546051
}