{
    "dataset": "dataset_half_notrim_tensors",
    "train_split": 0.6,
    "val_split": 0.2,
    "test_split": 0.2,
    "sample_rate": 16000,
    "min_freq": 0,
    "max_freq": 8000,
    "pos_weight": 0.1,
    "frame_size": 512,
    "frame_step": 256,
    "fft_size": 2048,
    "mel_bins": 64,
    "max_time_mask": 10,
    "max_freq_mask": 10,
    "conv_layers": 1,
    "conv_filters": 32,
    "conv_kernel_size": 5,
    "conv_stride": 2,
    "maxpool_size": 3,
    "dense_layers": 2,
    "dense_units": 64,
    "dropout": 0.17163009326499448,
    "batch_size": 256,
    "learning_rate": 3.1622776601683795e-05,
    "optimizer": "adam",
    "__timestamp__": 20201109060446,
    "verbose": 0,
    "epochs": 200,
    "steps": 77,
    "cpu_1": 0.08042902060024062,
    "cpu_10": 0.1757977455998116,
    "cpu_100": 1.5113819829999557,
    "gpu_1": 0.039551702800054045,
    "gpu_10": 0.03233999559997756,
    "gpu_100": 0.042315393600074455,
    "trainable_params": 30945,
    "non_trainable_params": 64,
    "total_params": 31009,
    "final_val_loss": 0.03814265504479408,
    "final_val_precision": 0.9069069027900696,
    "final_val_recall": 0.8653295040130615,
    "final_val_accuracy": 0.9882653951644897,
    "final_test_loss": 0.03608754649758339,
    "final_test_precision": 0.908823549747467,
    "final_test_recall": 0.8853868246078491,
    "final_test_accuracy": 0.9893168807029724
}