{
    "dataset": "dataset_half_notrim_tensors",
    "train_split": 0.6,
    "val_split": 0.2,
    "test_split": 0.2,
    "sample_rate": 16000,
    "min_freq": 0,
    "max_freq": 8000,
    "pos_weight": 0.4,
    "conv_filters": 64,
    "conv_kernel_size": 3,
    "conv_stride": 2,
    "recurrent_cell": "gru",
    "recurrent_layers": 2,
    "recurrent_units": 64,
    "batch_size": 64,
    "learning_rate": 3.1622776601683795e-05,
    "frame_size": 512,
    "frame_step": 256,
    "fft_size": 512,
    "mel_bins": 64,
    "max_time_mask": 10,
    "max_freq_mask": 10,
    "optimizer": "adam",
    "__timestamp__": 20201110212642,
    "verbose": 1,
    "epochs": 600,
    "steps": 311,
    "cpu_1": 0.1705190523985948,
    "cpu_10": 0.0612368289999722,
    "cpu_100": 0.35251561439872603,
    "gpu_1": 0.062263017000077525,
    "gpu_10": 0.032183307799277826,
    "gpu_100": 0.0514643205991888,
    "trainable_params": 62337,
    "non_trainable_params": 0.0,
    "total_params": 62337.0,
    "final_val_loss": 0.021223604679107666,
    "final_val_precision": 0.9457142949104309,
    "final_val_recall": 0.9484240412712097,
    "final_val_accuracy": 0.994433581829071,
    "final_test_loss": 0.0197281651198864,
    "final_test_precision": 0.9399999976158142,
    "final_test_recall": 0.9426934123039246,
    "final_test_accuracy": 0.9938308596611023
}