{
    "dataset": "dataset_half_notrim_tensors",
    "train_split": 0.6,
    "val_split": 0.2,
    "test_split": 0.2,
    "sample_rate": 16000,
    "min_freq": 0,
    "max_freq": 8000,
    "pos_weight": 0.05253655894565806,
    "conv_filters": 64,
    "conv_kernel_size": 3,
    "conv_stride": 1,
    "recurrent_cell": "gru",
    "recurrent_layers": 3,
    "recurrent_units": 64,
    "batch_size": 64,
    "learning_rate": 0.001,
    "frame_size": 512,
    "frame_step": 256,
    "fft_size": 512,
    "mel_bins": 64,
    "max_time_mask": 10,
    "max_freq_mask": 10,
    "optimizer": "adam",
    "__timestamp__": 20201110174619,
    "verbose": 1,
    "epochs": 600,
    "steps": 311,
    "cpu_1": 0.22214605579974886,
    "cpu_10": 0.07152188419968297,
    "cpu_100": 0.38313738540055053,
    "gpu_1": 0.0712408798000979,
    "gpu_10": 0.038832543199896465,
    "gpu_100": 0.06362552239988872,
    "trainable_params": 87297,
    "non_trainable_params": 0.0,
    "total_params": 87297.0,
    "final_val_loss": 0.009855976328253746,
    "final_val_precision": 0.9970238208770752,
    "final_val_recall": 0.9598853588104248,
    "final_val_accuracy": 0.9977433681488037,
    "final_test_loss": 0.01097935065627098,
    "final_test_precision": 0.9969696998596191,
    "final_test_recall": 0.9426934123039246,
    "final_test_accuracy": 0.9968401789665222
}