{
    "dataset": "dataset_half_notrim_tensors",
    "train_split": 0.6,
    "val_split": 0.2,
    "test_split": 0.2,
    "sample_rate": 16000,
    "min_freq": 0,
    "max_freq": 8000,
    "pos_weight": 0.3,
    "conv_filters": 32,
    "conv_kernel_size": 5,
    "conv_stride": 3,
    "recurrent_cell": "gru",
    "recurrent_layers": 3,
    "recurrent_units": 128,
    "batch_size": 256,
    "learning_rate": 0.001,
    "frame_size": 512,
    "frame_step": 256,
    "fft_size": 512,
    "mel_bins": 64,
    "max_time_mask": 10,
    "max_freq_mask": 10,
    "optimizer": "adam",
    "__timestamp__": 20201110161202,
    "verbose": 1,
    "epochs": 600,
    "steps": 77,
    "cpu_1": 0.2298835767996934,
    "cpu_10": 0.06676812920049997,
    "cpu_100": 0.37800073879989216,
    "gpu_1": 0.06772609040017415,
    "gpu_10": 0.033347340000182156,
    "gpu_100": 0.05348301579979307,
    "trainable_params": 270753,
    "non_trainable_params": 0.0,
    "total_params": 270753.0,
    "final_val_loss": 0.009957704693078995,
    "final_val_precision": 0.9824047088623047,
    "final_val_recall": 0.9598853588104248,
    "final_val_accuracy": 0.9969910979270935,
    "final_test_loss": 0.01048635970801115,
    "final_test_precision": 0.9713466763496399,
    "final_test_recall": 0.9713466763496399,
    "final_test_accuracy": 0.9969906806945801
}