{
    "dataset": "dataset_half_notrim_tensors",
    "train_split": 0.6,
    "val_split": 0.2,
    "test_split": 0.2,
    "sample_rate": 16000,
    "min_freq": 0,
    "max_freq": 8000,
    "pos_weight": 0.2,
    "frame_size": 512,
    "frame_step": 256,
    "fft_size": 512,
    "mel_bins": 128,
    "max_time_mask": 10,
    "max_freq_mask": 10,
    "conv_layers": 1,
    "conv_filters": 64,
    "conv_kernel_size": 5,
    "conv_stride": 2,
    "maxpool_size": 3,
    "dense_layers": 1,
    "dense_units": 64,
    "dropout": 0.1041714232739458,
    "batch_size": 128,
    "learning_rate": 3.1622776601683795e-05,
    "optimizer": "adam",
    "__timestamp__": 20201109063658,
    "verbose": 0,
    "epochs": 200,
    "steps": 155,
    "cpu_1": 0.06686788879997038,
    "cpu_10": 0.05794344139976602,
    "cpu_100": 0.32443180180016495,
    "gpu_1": 0.03860623479977221,
    "gpu_10": 0.029547586199987562,
    "gpu_100": 0.042563687400070195,
    "trainable_params": 78145,
    "non_trainable_params": 128,
    "total_params": 78273,
    "final_val_loss": 0.02775956131517887,
    "final_val_precision": 0.9516616463661194,
    "final_val_recall": 0.9025787711143494,
    "final_val_accuracy": 0.9924778342247009,
    "final_test_loss": 0.024324603378772736,
    "final_test_precision": 0.9721361994743347,
    "final_test_recall": 0.8997134566307068,
    "final_test_accuracy": 0.9933794736862183
}