{
    "dataset": "dataset_half_notrim_tensors",
    "train_split": 0.6,
    "val_split": 0.2,
    "test_split": 0.2,
    "sample_rate": 16000,
    "min_freq": 0,
    "max_freq": 8000,
    "pos_weight": 0.3,
    "frame_size": 256,
    "frame_step": 128,
    "fft_size": 256,
    "mel_bins": 128,
    "max_time_mask": 10,
    "max_freq_mask": 10,
    "conv_filters": 64,
    "conv_kernel_size": 3,
    "conv_stride": 1,
    "recurrent_cell": "gru",
    "recurrent_layers": 2,
    "recurrent_units": 128,
    "batch_size": 256,
    "learning_rate": 0.00031622776601683794,
    "optimizer": "adam",
    "__timestamp__": 20201109052032,
    "verbose": 0,
    "epochs": 200,
    "steps": 77,
    "cpu_1": 0.15786885040015478,
    "cpu_10": 0.07046721879978576,
    "cpu_100": 0.41214481440010786,
    "gpu_1": 0.06031102279994229,
    "gpu_10": 0.039997698999923156,
    "gpu_100": 0.07742881920003128,
    "trainable_params": 198337,
    "non_trainable_params": 0.0,
    "total_params": 198337.0,
    "final_val_loss": 0.01005367562174797,
    "final_val_precision": 0.9911242723464966,
    "final_val_recall": 0.9598853588104248,
    "final_val_accuracy": 0.9974424839019775,
    "final_test_loss": 0.010813204571604729,
    "final_test_precision": 0.9853801131248474,
    "final_test_recall": 0.9656160473823547,
    "final_test_accuracy": 0.9974420666694641
}