{
    "dataset": "dataset_half_notrim_tensors",
    "train_split": 0.6,
    "val_split": 0.2,
    "test_split": 0.2,
    "sample_rate": 16000,
    "min_freq": 0,
    "max_freq": 8000,
    "pos_weight": 0.4,
    "conv_filters": 64,
    "conv_kernel_size": 3,
    "conv_stride": 3,
    "recurrent_cell": "gru",
    "recurrent_layers": 4,
    "recurrent_units": 64,
    "batch_size": 128,
    "learning_rate": 0.00031622776601683794,
    "frame_size": 512,
    "frame_step": 256,
    "fft_size": 512,
    "mel_bins": 64,
    "max_time_mask": 10,
    "max_freq_mask": 10,
    "optimizer": "adam",
    "__timestamp__": 20201110172312,
    "verbose": 1,
    "epochs": 600,
    "steps": 155,
    "cpu_1": 0.2741397596000752,
    "cpu_10": 0.06820240619981632,
    "cpu_100": 0.3753457894001258,
    "gpu_1": 0.07947218560002511,
    "gpu_10": 0.03462370060005924,
    "gpu_100": 0.05977210700002615,
    "trainable_params": 112257,
    "non_trainable_params": 0.0,
    "total_params": 112257.0,
    "final_val_loss": 0.012817858718335629,
    "final_val_precision": 0.97398841381073,
    "final_val_recall": 0.9656160473823547,
    "final_val_accuracy": 0.9968406558036804,
    "final_test_loss": 0.014334945939481258,
    "final_test_precision": 0.9624277353286743,
    "final_test_recall": 0.9541547298431396,
    "final_test_accuracy": 0.9956364631652832
}