{
    "dataset": "dataset_half_notrim_tensors",
    "train_split": 0.6,
    "val_split": 0.2,
    "test_split": 0.2,
    "sample_rate": 16000,
    "min_freq": 0,
    "max_freq": 8000,
    "pos_weight": 0.05253655894565806,
    "frame_size": 256,
    "frame_step": 256,
    "fft_size": 1024,
    "mel_bins": 64,
    "max_time_mask": 10,
    "max_freq_mask": 10,
    "conv_layers": 4,
    "conv_filters": 32,
    "conv_kernel_size": 3,
    "conv_stride": 2,
    "maxpool_size": 1,
    "dense_layers": 3,
    "dense_units": 64,
    "dropout": 0.13180230319932634,
    "batch_size": 64,
    "learning_rate": 3.162277660168379e-06,
    "optimizer": "adam",
    "__timestamp__": 20201109053407,
    "verbose": 0,
    "epochs": 200,
    "steps": 311,
    "cpu_1": 0.08613074780005263,
    "cpu_10": 0.09253476140002022,
    "cpu_100": 0.6499004058000537,
    "gpu_1": 0.04616747800018857,
    "gpu_10": 0.030396035600097092,
    "gpu_100": 0.04636411440005759,
    "trainable_params": 172065,
    "non_trainable_params": 960,
    "total_params": 173025,
    "final_val_loss": 0.08297215402126312,
    "final_val_precision": 0.8721461296081543,
    "final_val_recall": 0.5472779273986816,
    "final_val_accuracy": 0.9720174670219421,
    "final_test_loss": 0.08075570315122604,
    "final_test_precision": 0.8416666388511658,
    "final_test_recall": 0.5787965655326843,
    "final_test_accuracy": 0.972163736820221
}