{
    "dataset": "dataset_half_notrim_tensors",
    "train_split": 0.6,
    "val_split": 0.2,
    "test_split": 0.2,
    "sample_rate": 16000,
    "min_freq": 0,
    "max_freq": 8000,
    "pos_weight": 0.3,
    "frame_size": 512,
    "frame_step": 512,
    "fft_size": 1024,
    "mel_bins": 32,
    "max_time_mask": 10,
    "max_freq_mask": 10,
    "conv_filters": 64,
    "conv_kernel_size": 5,
    "conv_stride": 1,
    "recurrent_cell": "lstm",
    "recurrent_layers": 3,
    "recurrent_units": 64,
    "batch_size": 256,
    "learning_rate": 0.001,
    "optimizer": "adam",
    "__timestamp__": 20201109045634,
    "verbose": 0,
    "epochs": 2,
    "steps": 77,
    "cpu_1": 0.28712830879999274,
    "cpu_10": 0.062071859799993946,
    "cpu_100": 0.3714563817999988,
    "gpu_1": 0.06542601859999878,
    "gpu_10": 0.03401332260000345,
    "gpu_100": 0.05735287400001425,
    "trainable_params": 109441,
    "non_trainable_params": 0.0,
    "total_params": 109441.0,
    "final_val_loss": 0.13777099549770355,
    "final_val_precision": 0.508348822593689,
    "final_val_recall": 0.7851002812385559,
    "final_val_accuracy": 0.948849081993103,
    "final_test_loss": 0.1312352418899536,
    "final_test_precision": 0.5374531745910645,
    "final_test_recall": 0.8223495483398438,
    "final_test_accuracy": 0.9535058736801147
}