{
    "dataset": "dataset_half_notrim_tensors",
    "train_split": 0.6,
    "val_split": 0.2,
    "test_split": 0.2,
    "sample_rate": 16000,
    "min_freq": 0,
    "max_freq": 8000,
    "pos_weight": 0.4,
    "conv_filters": 64,
    "conv_kernel_size": 1,
    "conv_stride": 3,
    "recurrent_cell": "gru",
    "recurrent_layers": 3,
    "recurrent_units": 32,
    "batch_size": 64,
    "learning_rate": 0.001,
    "frame_size": 512,
    "frame_step": 256,
    "fft_size": 512,
    "mel_bins": 64,
    "max_time_mask": 10,
    "max_freq_mask": 10,
    "optimizer": "adam",
    "__timestamp__": 20201110220615,
    "verbose": 1,
    "epochs": 600,
    "steps": 311,
    "cpu_1": 0.24388409279927145,
    "cpu_10": 0.06376140139909695,
    "cpu_100": 0.3510940137995931,
    "gpu_1": 0.07445472199833603,
    "gpu_10": 0.03563342939960421,
    "gpu_100": 0.05933935720095178,
    "trainable_params": 26273,
    "non_trainable_params": 0.0,
    "total_params": 26273.0,
    "final_val_loss": 0.011094451881945133,
    "final_val_precision": 0.9882698059082031,
    "final_val_recall": 0.9656160473823547,
    "final_val_accuracy": 0.9975929260253906,
    "final_test_loss": 0.015552619472146034,
    "final_test_precision": 0.9438202381134033,
    "final_test_recall": 0.9627507328987122,
    "final_test_accuracy": 0.9950346350669861
}