{
    "dataset": "dataset_half_notrim_tensors",
    "train_split": 0.6,
    "val_split": 0.2,
    "test_split": 0.2,
    "sample_rate": 16000,
    "min_freq": 0,
    "max_freq": 8000,
    "pos_weight": 0.2,
    "frame_size": 256,
    "frame_step": 128,
    "fft_size": 1024,
    "mel_bins": 64,
    "max_time_mask": 10,
    "max_freq_mask": 10,
    "conv_layers": 1,
    "conv_filters": 32,
    "conv_kernel_size": 3,
    "conv_stride": 1,
    "maxpool_size": 3,
    "dense_layers": 2,
    "dense_units": 64,
    "dropout": 0.15779264928618048,
    "batch_size": 256,
    "learning_rate": 3.162277660168379e-06,
    "optimizer": "adam",
    "__timestamp__": 20201109045747,
    "verbose": 0,
    "epochs": 200,
    "steps": 77,
    "cpu_1": 0.07690498539986948,
    "cpu_10": 0.15389364579996254,
    "cpu_100": 1.2578870172000733,
    "gpu_1": 0.04136477979996016,
    "gpu_10": 0.031266090400049504,
    "gpu_100": 0.045200246199965474,
    "trainable_params": 90337,
    "non_trainable_params": 64,
    "total_params": 90401,
    "final_val_loss": 0.1389329433441162,
    "final_val_precision": 0.5593607425689697,
    "final_val_recall": 0.7020057439804077,
    "final_val_accuracy": 0.9553182125091553,
    "final_test_loss": 0.13739295303821564,
    "final_test_precision": 0.5813449025154114,
    "final_test_recall": 0.7679083347320557,
    "final_test_accuracy": 0.9587721824645996
}