{
    "dataset": "dataset_half_notrim_tensors",
    "train_split": 0.6,
    "val_split": 0.2,
    "test_split": 0.2,
    "sample_rate": 16000,
    "min_freq": 0,
    "max_freq": 8000,
    "pos_weight": 0.3,
    "n_timesteps": 2,
    "conv_filters": 64,
    "conv_kernel_size": 5,
    "conv_stride": 1,
    "recurrent_cell": "gru",
    "recurrent_layers": 1,
    "recurrent_units": 64,
    "batch_size": 256,
    "learning_rate": 0.0001,
    "optimizer": "adam",
    "__timestamp__": 20201109082259,
    "verbose": 2,
    "epochs": 200,
    "steps": 77,
    "cpu_1": 0.1386608503995376,
    "cpu_10": 0.07464646420048666,
    "cpu_100": 0.28787230939997244,
    "gpu_1": 0.06073690200028068,
    "gpu_10": 0.05068652999943879,
    "gpu_100": 0.11853150459974131,
    "trainable_params": 15809,
    "non_trainable_params": 0.0,
    "total_params": 15809.0,
    "final_val_loss": 0.36525124311447144,
    "final_val_precision": 0.09090909361839294,
    "final_val_recall": 0.020057305693626404,
    "final_val_accuracy": 0.9380171298980713,
    "final_test_loss": 0.3670094907283783,
    "final_test_precision": 0.10810811072587967,
    "final_test_recall": 0.022922636941075325,
    "final_test_accuracy": 0.9387601613998413
}