{
    "dataset": "dataset_half_notrim_tensors",
    "train_split": 0.6,
    "val_split": 0.2,
    "test_split": 0.2,
    "sample_rate": 16000,
    "min_freq": 0,
    "max_freq": 8000,
    "pos_weight": 0.1,
    "frame_size": 128,
    "frame_step": 128,
    "fft_size": 256,
    "mel_bins": 64,
    "max_time_mask": 10,
    "max_freq_mask": 10,
    "conv_layers": 2,
    "conv_filters": 64,
    "conv_kernel_size": 5,
    "conv_stride": 1,
    "maxpool_size": 1,
    "dense_layers": 3,
    "dense_units": 64,
    "dropout": 0.11011057699099798,
    "batch_size": 128,
    "learning_rate": 0.01,
    "optimizer": "adam",
    "__timestamp__": 20201109051220,
    "verbose": 0,
    "epochs": 200,
    "steps": 155,
    "cpu_1": 0.0731395407999571,
    "cpu_10": 0.05703708780006309,
    "cpu_100": 0.32072061559997567,
    "gpu_1": 0.04204379500006326,
    "gpu_10": 0.03237170319998768,
    "gpu_100": 0.04512688839995462,
    "trainable_params": 1023169,
    "non_trainable_params": 384,
    "total_params": 1023553,
    "final_val_loss": 0.03580629825592041,
    "final_val_precision": 0.8985915780067444,
    "final_val_recall": 0.9140400886535645,
    "final_val_accuracy": 0.9900707006454468,
    "final_test_loss": 0.05007047951221466,
    "final_test_precision": 0.862533688545227,
    "final_test_recall": 0.9169054627418518,
    "final_test_accuracy": 0.9879626631736755
}