{
    "dataset": "dataset_half_notrim_tensors",
    "train_split": 0.6,
    "val_split": 0.2,
    "test_split": 0.2,
    "sample_rate": 16000,
    "min_freq": 0,
    "max_freq": 8000,
    "pos_weight": 0.1,
    "frame_size": 1024,
    "frame_step": 128,
    "fft_size": 2048,
    "mel_bins": 32,
    "max_time_mask": 10,
    "max_freq_mask": 10,
    "conv_filters": 32,
    "conv_kernel_size": 1,
    "conv_stride": 3,
    "recurrent_cell": "lstm",
    "recurrent_layers": 1,
    "recurrent_units": 32,
    "batch_size": 64,
    "learning_rate": 3.1622776601683795e-05,
    "optimizer": "adam",
    "__timestamp__": 20201109070730,
    "verbose": 0,
    "epochs": 200,
    "steps": 311,
    "cpu_1": 0.13289899359988339,
    "cpu_10": 0.2882591485999001,
    "cpu_100": 2.6074270395994974,
    "gpu_1": 0.05236029880034039,
    "gpu_10": 0.033949479799412076,
    "gpu_100": 0.04911377259995788,
    "trainable_params": 9409,
    "non_trainable_params": 0.0,
    "total_params": 9409.0,
    "final_val_loss": 0.0405360572040081,
    "final_val_precision": 0.8866279125213623,
    "final_val_recall": 0.873925507068634,
    "final_val_accuracy": 0.9875131845474243,
    "final_test_loss": 0.03845404461026192,
    "final_test_precision": 0.8976607918739319,
    "final_test_recall": 0.8796561360359192,
    "final_test_accuracy": 0.9884141087532043
}