{
    "dataset": "dataset_half_notrim_tensors",
    "train_split": 0.6,
    "val_split": 0.2,
    "test_split": 0.2,
    "sample_rate": 16000,
    "min_freq": 0,
    "max_freq": 8000,
    "pos_weight": 0.4,
    "conv_layers": 2,
    "conv_filters": 64,
    "conv_kernel_size": 5,
    "conv_stride": 2,
    "maxpool_size": 3,
    "dense_layers": 3,
    "dense_units": 64,
    "dropout": 0.17155877756571872,
    "batch_size": 64,
    "learning_rate": 0.001,
    "frame_size": 512,
    "frame_step": 256,
    "fft_size": 512,
    "mel_bins": 64,
    "max_time_mask": 10,
    "max_freq_mask": 10,
    "optimizer": "adam",
    "__timestamp__": 20201111040834,
    "verbose": 0,
    "epochs": 200,
    "steps": 311,
    "cpu_1": 0.07316390140003932,
    "cpu_10": 0.0555561883998962,
    "cpu_100": 0.31253384499996173,
    "gpu_1": 0.040770340199924246,
    "gpu_10": 0.029263895399708417,
    "gpu_100": 0.04271001500001148,
    "trainable_params": 72897,
    "non_trainable_params": 384,
    "total_params": 73281,
    "final_val_loss": 0.019486606121063232,
    "final_val_precision": 0.9704142212867737,
    "final_val_recall": 0.939828097820282,
    "final_val_accuracy": 0.9953362345695496,
    "final_test_loss": 0.018589776009321213,
    "final_test_precision": 0.967930018901825,
    "final_test_recall": 0.9512894153594971,
    "final_test_accuracy": 0.9957869648933411
}