{
    "dataset": "dataset_half_notrim_tensors",
    "train_split": 0.6,
    "val_split": 0.2,
    "test_split": 0.2,
    "sample_rate": 16000,
    "min_freq": 0,
    "max_freq": 8000,
    "pos_weight": 0.5,
    "conv_layers": 1,
    "conv_filters": 64,
    "conv_kernel_size": 5,
    "conv_stride": 1,
    "maxpool_size": 3,
    "dense_layers": 2,
    "dense_units": 64,
    "dropout": 0.19821105807310885,
    "batch_size": 64,
    "learning_rate": 0.001,
    "frame_size": 512,
    "frame_step": 256,
    "fft_size": 512,
    "mel_bins": 64,
    "max_time_mask": 10,
    "max_freq_mask": 10,
    "optimizer": "adam",
    "__timestamp__": 20201111025742,
    "verbose": 0,
    "epochs": 200,
    "steps": 311,
    "cpu_1": 0.06943007059999218,
    "cpu_10": 0.05478929180007981,
    "cpu_100": 0.3154259618001561,
    "gpu_1": 0.039139527000043015,
    "gpu_10": 0.030267490200003522,
    "gpu_100": 0.043010521599899224,
    "trainable_params": 100673,
    "non_trainable_params": 128,
    "total_params": 100801,
    "final_val_loss": 0.0273565873503685,
    "final_val_precision": 0.9339080452919006,
    "final_val_recall": 0.9312320947647095,
    "final_val_accuracy": 0.9929291605949402,
    "final_test_loss": 0.040874265134334564,
    "final_test_precision": 0.916201114654541,
    "final_test_recall": 0.939828097820282,
    "final_test_accuracy": 0.9923262000083923
}