{
    "dataset": "dataset_half_notrim_tensors",
    "train_split": 0.6,
    "val_split": 0.2,
    "test_split": 0.2,
    "sample_rate": 16000,
    "min_freq": 0,
    "max_freq": 8000,
    "pos_weight": 0.2,
    "conv_filters": 64,
    "conv_kernel_size": 5,
    "conv_stride": 3,
    "recurrent_cell": "bi-gru",
    "recurrent_layers": 3,
    "recurrent_units": 64,
    "batch_size": 64,
    "learning_rate": 0.001,
    "frame_size": 512,
    "frame_step": 256,
    "fft_size": 512,
    "mel_bins": 64,
    "max_time_mask": 10,
    "max_freq_mask": 10,
    "optimizer": "adam",
    "__timestamp__": 20201111080055,
    "verbose": 1,
    "epochs": 600,
    "steps": 311,
    "cpu_1": 0.3677288889994088,
    "cpu_10": 0.06429462340020109,
    "cpu_100": 0.3487052846001461,
    "gpu_1": 0.09626167019960122,
    "gpu_10": 0.03443324740073876,
    "gpu_100": 0.05899716560015804,
    "trainable_params": 219585,
    "non_trainable_params": 0.0,
    "total_params": 219585.0,
    "final_val_loss": 0.00902361236512661,
    "final_val_precision": 0.9940652847290039,
    "final_val_recall": 0.9598853588104248,
    "final_val_accuracy": 0.9975929260253906,
    "final_test_loss": 0.010150252841413021,
    "final_test_precision": 0.9823529124259949,
    "final_test_recall": 0.9570200443267822,
    "final_test_accuracy": 0.9968401789665222
}