{
    "dataset": "dataset_half_notrim_tensors",
    "train_split": 0.6,
    "val_split": 0.2,
    "test_split": 0.2,
    "sample_rate": 16000,
    "min_freq": 0,
    "max_freq": 8000,
    "pos_weight": 0.2,
    "frame_size": 1024,
    "frame_step": 512,
    "fft_size": 2048,
    "mel_bins": 64,
    "max_time_mask": 10,
    "max_freq_mask": 10,
    "conv_filters": 64,
    "conv_kernel_size": 1,
    "conv_stride": 1,
    "recurrent_cell": "lstm",
    "recurrent_layers": 1,
    "recurrent_units": 64,
    "batch_size": 128,
    "learning_rate": 0.0031622776601683794,
    "optimizer": "adam",
    "__timestamp__": 20201109083813,
    "verbose": 0,
    "epochs": 200,
    "steps": 155,
    "cpu_1": 0.11978677059996698,
    "cpu_10": 0.09594685999982175,
    "cpu_100": 0.7042561491991364,
    "gpu_1": 0.054828158200325564,
    "gpu_10": 0.03617182280031557,
    "gpu_100": 0.05167793100044946,
    "trainable_params": 37249,
    "non_trainable_params": 0.0,
    "total_params": 37249.0,
    "final_val_loss": 0.016473084688186646,
    "final_val_precision": 0.9590643048286438,
    "final_val_recall": 0.939828097820282,
    "final_val_accuracy": 0.9947344660758972,
    "final_test_loss": 0.020454544574022293,
    "final_test_precision": 0.9557521939277649,
    "final_test_recall": 0.9283667802810669,
    "final_test_accuracy": 0.9939813613891602
}