{
    "num_epochs": 44,
    "dataset": "dataset_half_notrim_tensors",
    "train_split": 0.6,
    "val_split": 0.2,
    "test_split": 0.2,
    "sample_rate": 16000,
    "min_freq": 0,
    "max_freq": 8000,
    "n_timesteps": 4,
    "conv_filters": 64,
    "conv_kernel_size": 5,
    "conv_stride": 3,
    "recurrent_cell": "gru",
    "recurrent_layers": 4,
    "recurrent_units": 64,
    "batch_size": 256,
    "learning_rate": 0.00031622776601683794,
    "pos_weight": 0.1,
    "optimizer": "adam",
    "__timestamp__": 20201115035129,
    "verbose": 0,
    "epochs": 100,
    "steps": 77,
    "cpu_1": 0.43990134180003226,
    "cpu_10": 0.29098726339998393,
    "cpu_100": 1.528971734600009,
    "gpu_1": 0.1798075504000735,
    "gpu_10": 0.14441788660001292,
    "gpu_100": 0.5230134087999886,
    "trainable_params": 101249,
    "non_trainable_params": 0.0,
    "total_params": 101249.0,
    "final_val_loss": 0.21608509123325348,
    "final_val_precision": 0.0,
    "final_val_recall": 0.0,
    "final_val_accuracy": 0.9474951028823853,
    "final_test_loss": 0.2154533416032791,
    "final_test_precision": 0.0,
    "final_test_recall": 0.0,
    "final_test_accuracy": 0.9474872350692749
}