{
    "dataset": "dataset_half_notrim_tensors",
    "train_split": 0.6,
    "val_split": 0.2,
    "test_split": 0.2,
    "sample_rate": 16000,
    "min_freq": 0,
    "max_freq": 8000,
    "pos_weight": 0.3,
    "frame_size": 512,
    "frame_step": 128,
    "fft_size": 512,
    "mel_bins": 128,
    "max_time_mask": 10,
    "max_freq_mask": 10,
    "conv_layers": 1,
    "conv_filters": 32,
    "conv_kernel_size": 3,
    "conv_stride": 2,
    "maxpool_size": 3,
    "dense_layers": 2,
    "dense_units": 64,
    "dropout": 0.10597385541269738,
    "batch_size": 64,
    "learning_rate": 0.01,
    "optimizer": "adam",
    "__timestamp__": 20201109062312,
    "verbose": 0,
    "epochs": 200,
    "steps": 311,
    "cpu_1": 0.07007064360004733,
    "cpu_10": 0.08342711740024242,
    "cpu_100": 0.5868004809995909,
    "gpu_1": 0.03876808260010876,
    "gpu_10": 0.029452325599959295,
    "gpu_100": 0.03924008720005077,
    "trainable_params": 55521,
    "non_trainable_params": 64,
    "total_params": 55585,
    "final_val_loss": 0.04025490581989288,
    "final_val_precision": 0.9552715420722961,
    "final_val_recall": 0.856733500957489,
    "final_val_accuracy": 0.990371584892273,
    "final_test_loss": 0.06870492547750473,
    "final_test_precision": 0.9386503100395203,
    "final_test_recall": 0.8767908215522766,
    "final_test_accuracy": 0.9905205965042114
}