{
    "dataset": "dataset_half_notrim_tensors",
    "train_split": 0.6,
    "val_split": 0.2,
    "test_split": 0.2,
    "sample_rate": 16000,
    "min_freq": 0,
    "max_freq": 8000,
    "pos_weight": 0.2,
    "conv_filters": 64,
    "conv_kernel_size": 1,
    "conv_stride": 2,
    "recurrent_cell": "gru",
    "recurrent_layers": 2,
    "recurrent_units": 32,
    "batch_size": 256,
    "learning_rate": 0.001,
    "frame_size": 512,
    "frame_step": 256,
    "fft_size": 512,
    "mel_bins": 64,
    "max_time_mask": 10,
    "max_freq_mask": 10,
    "optimizer": "adam",
    "__timestamp__": 20201110193254,
    "verbose": 1,
    "epochs": 600,
    "steps": 77,
    "cpu_1": 0.16494426560057035,
    "cpu_10": 0.06098259659993346,
    "cpu_100": 0.3377841379999154,
    "gpu_1": 0.060056127399366235,
    "gpu_10": 0.03212185819938895,
    "gpu_100": 0.05000515300016559,
    "trainable_params": 19937,
    "non_trainable_params": 0.0,
    "total_params": 19937.0,
    "final_val_loss": 0.013693423010408878,
    "final_val_precision": 0.9707602262496948,
    "final_val_recall": 0.9512894153594971,
    "final_val_accuracy": 0.9959380030632019,
    "final_test_loss": 0.012981623411178589,
    "final_test_precision": 0.9710144996643066,
    "final_test_recall": 0.9598853588104248,
    "final_test_accuracy": 0.9963887929916382
}