{
    "dataset": "dataset_half_notrim_tensors",
    "train_split": 0.6,
    "val_split": 0.2,
    "test_split": 0.2,
    "sample_rate": 16000,
    "min_freq": 0,
    "max_freq": 8000,
    "pos_weight": 0.4,
    "conv_layers": 1,
    "conv_filters": 32,
    "conv_kernel_size": 5,
    "conv_stride": 2,
    "maxpool_size": 5,
    "dense_layers": 2,
    "dense_units": 64,
    "dropout": 0.11775549919548133,
    "batch_size": 64,
    "learning_rate": 3.1622776601683795e-05,
    "frame_size": 512,
    "frame_step": 256,
    "fft_size": 512,
    "mel_bins": 64,
    "max_time_mask": 10,
    "max_freq_mask": 10,
    "optimizer": "adam",
    "__timestamp__": 20201111034041,
    "verbose": 0,
    "epochs": 200,
    "steps": 311,
    "cpu_1": 0.06879079760019521,
    "cpu_10": 0.060892305000015766,
    "cpu_100": 0.3296310326000821,
    "gpu_1": 0.03945533020014409,
    "gpu_10": 0.03063106580011663,
    "gpu_100": 0.040569728599803054,
    "trainable_params": 22753,
    "non_trainable_params": 64,
    "total_params": 22817,
    "final_val_loss": 0.03618359938263893,
    "final_val_precision": 0.869918704032898,
    "final_val_recall": 0.9197707772254944,
    "final_val_accuracy": 0.9885662794113159,
    "final_test_loss": 0.03317907080054283,
    "final_test_precision": 0.8706199526786804,
    "final_test_recall": 0.9255014061927795,
    "final_test_accuracy": 0.9888654947280884
}