{
    "dataset": "dataset_half_notrim_tensors",
    "train_split": 0.6,
    "val_split": 0.2,
    "test_split": 0.2,
    "sample_rate": 16000,
    "min_freq": 0,
    "max_freq": 8000,
    "pos_weight": 0.2,
    "conv_filters": 64,
    "conv_kernel_size": 3,
    "conv_stride": 3,
    "recurrent_cell": "gru",
    "recurrent_layers": 4,
    "recurrent_units": 64,
    "batch_size": 256,
    "learning_rate": 0.001,
    "frame_size": 512,
    "frame_step": 256,
    "fft_size": 512,
    "mel_bins": 64,
    "max_time_mask": 10,
    "max_freq_mask": 10,
    "optimizer": "adam",
    "__timestamp__": 20201111091217,
    "verbose": 1,
    "epochs": 600,
    "steps": 77,
    "cpu_1": 0.26405431579987637,
    "cpu_10": 0.057680547200288854,
    "cpu_100": 0.33096205120091327,
    "gpu_1": 0.07679493180039572,
    "gpu_10": 0.030923070399876452,
    "gpu_100": 0.05261297839897452,
    "trainable_params": 112257,
    "non_trainable_params": 0.0,
    "total_params": 112257.0,
    "final_val_loss": 0.01090097613632679,
    "final_val_precision": 0.9686609506607056,
    "final_val_recall": 0.9742120504379272,
    "final_val_accuracy": 0.9969910979270935,
    "final_test_loss": 0.014340345747768879,
    "final_test_precision": 0.9598853588104248,
    "final_test_recall": 0.9598853588104248,
    "final_test_accuracy": 0.9957869648933411
}