{
    "dataset": "dataset_half_notrim_tensors",
    "train_split": 0.6,
    "val_split": 0.2,
    "test_split": 0.2,
    "sample_rate": 16000,
    "min_freq": 0,
    "max_freq": 8000,
    "pos_weight": 0.4,
    "conv_filters": 32,
    "conv_kernel_size": 3,
    "conv_stride": 3,
    "recurrent_cell": "gru",
    "recurrent_layers": 2,
    "recurrent_units": 64,
    "batch_size": 64,
    "learning_rate": 0.001,
    "frame_size": 512,
    "frame_step": 256,
    "fft_size": 512,
    "mel_bins": 64,
    "max_time_mask": 10,
    "max_freq_mask": 10,
    "optimizer": "adam",
    "__timestamp__": 20201110175356,
    "verbose": 1,
    "epochs": 600,
    "steps": 311,
    "cpu_1": 0.1659934629999043,
    "cpu_10": 0.06100504680034646,
    "cpu_100": 0.34878787980014747,
    "gpu_1": 0.057980085200324535,
    "gpu_10": 0.03609951000034926,
    "gpu_100": 0.05133451359979517,
    "trainable_params": 50017,
    "non_trainable_params": 0.0,
    "total_params": 50017.0,
    "final_val_loss": 0.009559258818626404,
    "final_val_precision": 0.9766082167625427,
    "final_val_recall": 0.9570200443267822,
    "final_val_accuracy": 0.9965397715568542,
    "final_test_loss": 0.01154254749417305,
    "final_test_precision": 0.9793510437011719,
    "final_test_recall": 0.9512894153594971,
    "final_test_accuracy": 0.9963887929916382
}