{
    "dataset": "dataset_half_notrim_tensors",
    "train_split": 0.6,
    "val_split": 0.2,
    "test_split": 0.2,
    "sample_rate": 16000,
    "min_freq": 0,
    "max_freq": 8000,
    "pos_weight": 0.3,
    "frame_size": 128,
    "frame_step": 128,
    "fft_size": 128,
    "mel_bins": 64,
    "max_time_mask": 10,
    "max_freq_mask": 10,
    "conv_layers": 3,
    "conv_filters": 64,
    "conv_kernel_size": 5,
    "conv_stride": 1,
    "maxpool_size": 1,
    "dense_layers": 1,
    "dense_units": 64,
    "dropout": 0.1361725369636848,
    "batch_size": 64,
    "learning_rate": 0.001,
    "optimizer": "adam",
    "__timestamp__": 20201109073732,
    "verbose": 0,
    "epochs": 200,
    "steps": 311,
    "cpu_1": 0.07957976959987718,
    "cpu_10": 0.05314667560014641,
    "cpu_100": 0.2536113697999099,
    "gpu_1": 0.04387623740076378,
    "gpu_10": 0.03422756320069311,
    "gpu_100": 0.04366078980019665,
    "trainable_params": 2078145,
    "non_trainable_params": 896,
    "total_params": 2079041,
    "final_val_loss": 0.03837314620614052,
    "final_val_precision": 0.9805194735527039,
    "final_val_recall": 0.8653295040130615,
    "final_val_accuracy": 0.9920265078544617,
    "final_test_loss": 0.05544895678758621,
    "final_test_precision": 0.9676375389099121,
    "final_test_recall": 0.856733500957489,
    "final_test_accuracy": 0.9909720420837402
}