{
    "dataset": "dataset_half_notrim_tensors",
    "train_split": 0.6,
    "val_split": 0.2,
    "test_split": 0.2,
    "sample_rate": 16000,
    "min_freq": 0,
    "max_freq": 8000,
    "pos_weight": 0.4,
    "conv_layers": 1,
    "conv_filters": 64,
    "conv_kernel_size": 3,
    "conv_stride": 1,
    "maxpool_size": 1,
    "dense_layers": 2,
    "dense_units": 64,
    "dropout": 0.1282782579860044,
    "batch_size": 128,
    "learning_rate": 0.001,
    "frame_size": 512,
    "frame_step": 256,
    "fft_size": 512,
    "mel_bins": 64,
    "max_time_mask": 10,
    "max_freq_mask": 10,
    "optimizer": "adam",
    "__timestamp__": 20201111032045,
    "verbose": 0,
    "epochs": 200,
    "steps": 155,
    "cpu_1": 0.06749262020002789,
    "cpu_10": 0.05641339579997293,
    "cpu_100": 0.31533443120006266,
    "gpu_1": 0.03673614979979902,
    "gpu_10": 0.02961223360034637,
    "gpu_100": 0.03954228120001062,
    "trainable_params": 256321,
    "non_trainable_params": 128,
    "total_params": 256449,
    "final_val_loss": 0.032650455832481384,
    "final_val_precision": 0.9497041702270508,
    "final_val_recall": 0.9197707772254944,
    "final_val_accuracy": 0.9932300448417664,
    "final_test_loss": 0.042671941220760345,
    "final_test_precision": 0.9264705777168274,
    "final_test_recall": 0.9025787711143494,
    "final_test_accuracy": 0.9911224842071533
}