{
    "dataset": "dataset_half_notrim_tensors",
    "train_split": 0.6,
    "val_split": 0.2,
    "test_split": 0.2,
    "sample_rate": 16000,
    "min_freq": 0,
    "max_freq": 8000,
    "pos_weight": 0.05253655894565806,
    "frame_size": 128,
    "frame_step": 128,
    "fft_size": 2048,
    "mel_bins": 16,
    "max_time_mask": 10,
    "max_freq_mask": 10,
    "conv_layers": 2,
    "conv_filters": 64,
    "conv_kernel_size": 5,
    "conv_stride": 3,
    "maxpool_size": 1,
    "dense_layers": 1,
    "dense_units": 64,
    "dropout": 0.13165001446188462,
    "batch_size": 128,
    "learning_rate": 0.01,
    "optimizer": "adam",
    "__timestamp__": 20201109073420,
    "verbose": 0,
    "epochs": 200,
    "steps": 155,
    "cpu_1": 0.09849785579935996,
    "cpu_10": 0.3127651106002304,
    "cpu_100": 2.8360814700001358,
    "gpu_1": 0.04151775460013596,
    "gpu_10": 0.03299461859969597,
    "gpu_100": 0.044258191799963244,
    "trainable_params": 153281,
    "non_trainable_params": 384,
    "total_params": 153665,
    "final_val_loss": 0.03670091927051544,
    "final_val_precision": 0.9406528472900391,
    "final_val_recall": 0.9083094596862793,
    "final_val_accuracy": 0.9921769499778748,
    "final_test_loss": 0.04126964882016182,
    "final_test_precision": 0.9176136255264282,
    "final_test_recall": 0.9255014061927795,
    "final_test_accuracy": 0.9917243719100952
}