{
    "dataset": "dataset_half_notrim_tensors",
    "train_split": 0.6,
    "val_split": 0.2,
    "test_split": 0.2,
    "sample_rate": 16000,
    "min_freq": 0,
    "max_freq": 8000,
    "pos_weight": 0.2,
    "frame_size": 128,
    "frame_step": 128,
    "fft_size": 2048,
    "mel_bins": 32,
    "max_time_mask": 10,
    "max_freq_mask": 10,
    "conv_layers": 1,
    "conv_filters": 64,
    "conv_kernel_size": 3,
    "conv_stride": 1,
    "maxpool_size": 5,
    "dense_layers": 1,
    "dense_units": 64,
    "dropout": 0.1357910158708167,
    "batch_size": 64,
    "learning_rate": 0.001,
    "optimizer": "adam",
    "__timestamp__": 20201109092652,
    "verbose": 0,
    "epochs": 200,
    "steps": 311,
    "cpu_1": 0.0913999912008876,
    "cpu_10": 0.30378862020006636,
    "cpu_100": 2.7473374651992346,
    "gpu_1": 0.038514105799549725,
    "gpu_10": 0.031725622199155624,
    "gpu_100": 0.04382599339951412,
    "trainable_params": 104769,
    "non_trainable_params": 128,
    "total_params": 104897,
    "final_val_loss": 0.04327722638845444,
    "final_val_precision": 0.8644986152648926,
    "final_val_recall": 0.9140400886535645,
    "final_val_accuracy": 0.9879645109176636,
    "final_test_loss": 0.05267874151468277,
    "final_test_precision": 0.8227847814559937,
    "final_test_recall": 0.9312320947647095,
    "final_test_accuracy": 0.9858561754226685
}