{
    "dataset": "dataset_half_notrim_tensors",
    "train_split": 0.6,
    "val_split": 0.2,
    "test_split": 0.2,
    "sample_rate": 16000,
    "min_freq": 0,
    "max_freq": 8000,
    "pos_weight": 0.2,
    "conv_filters": 64,
    "conv_kernel_size": 1,
    "conv_stride": 3,
    "recurrent_cell": "gru",
    "recurrent_layers": 3,
    "recurrent_units": 32,
    "batch_size": 128,
    "learning_rate": 0.001,
    "frame_size": 512,
    "frame_step": 256,
    "fft_size": 512,
    "mel_bins": 64,
    "max_time_mask": 10,
    "max_freq_mask": 10,
    "optimizer": "adam",
    "__timestamp__": 20201110175509,
    "verbose": 1,
    "epochs": 600,
    "steps": 155,
    "cpu_1": 0.22340724839996257,
    "cpu_10": 0.06483951800000795,
    "cpu_100": 0.34594106980039213,
    "gpu_1": 0.07004611980009941,
    "gpu_10": 0.036804765800116004,
    "gpu_100": 0.05913575759950618,
    "trainable_params": 26273,
    "non_trainable_params": 0.0,
    "total_params": 26273.0,
    "final_val_loss": 0.010741210542619228,
    "final_val_precision": 0.9970059990882874,
    "final_val_recall": 0.9541547298431396,
    "final_val_accuracy": 0.9974424839019775,
    "final_test_loss": 0.012751288712024689,
    "final_test_precision": 0.9820895791053772,
    "final_test_recall": 0.9426934123039246,
    "final_test_accuracy": 0.9960878491401672
}