{
    "dataset": "dataset_half_notrim_tensors",
    "train_split": 0.6,
    "val_split": 0.2,
    "test_split": 0.2,
    "sample_rate": 16000,
    "min_freq": 0,
    "max_freq": 8000,
    "pos_weight": 0.3,
    "frame_size": 128,
    "frame_step": 128,
    "fft_size": 128,
    "mel_bins": 64,
    "max_time_mask": 10,
    "max_freq_mask": 10,
    "conv_filters": 32,
    "conv_kernel_size": 3,
    "conv_stride": 3,
    "recurrent_cell": "gru",
    "recurrent_layers": 2,
    "recurrent_units": 64,
    "batch_size": 256,
    "learning_rate": 0.0031622776601683794,
    "optimizer": "adam",
    "__timestamp__": 20201109065557,
    "verbose": 0,
    "epochs": 200,
    "steps": 77,
    "cpu_1": 0.1647238086003199,
    "cpu_10": 0.04628088680001383,
    "cpu_100": 0.17088528260028396,
    "gpu_1": 0.05481354519997694,
    "gpu_10": 0.03274513340002159,
    "gpu_100": 0.05452495360004832,
    "trainable_params": 50017,
    "non_trainable_params": 0.0,
    "total_params": 50017.0,
    "final_val_loss": 0.013786457479000092,
    "final_val_precision": 0.9654178619384766,
    "final_val_recall": 0.9598853588104248,
    "final_val_accuracy": 0.996088445186615,
    "final_test_loss": 0.015731191262602806,
    "final_test_precision": 0.9567723274230957,
    "final_test_recall": 0.9512894153594971,
    "final_test_accuracy": 0.9951850771903992
}