{
    "dataset": "dataset_half_notrim_tensors",
    "train_split": 0.6,
    "val_split": 0.2,
    "test_split": 0.2,
    "sample_rate": 16000,
    "min_freq": 0,
    "max_freq": 8000,
    "pos_weight": 0.3,
    "conv_layers": 3,
    "conv_filters": 64,
    "conv_kernel_size": 3,
    "conv_stride": 1,
    "maxpool_size": 3,
    "dense_layers": 3,
    "dense_units": 64,
    "dropout": 0.12887104525752663,
    "batch_size": 256,
    "learning_rate": 0.001,
    "frame_size": 512,
    "frame_step": 256,
    "fft_size": 512,
    "mel_bins": 64,
    "max_time_mask": 10,
    "max_freq_mask": 10,
    "optimizer": "adam",
    "__timestamp__": 20201111023456,
    "verbose": 0,
    "epochs": 200,
    "steps": 77,
    "cpu_1": 0.07959050220006247,
    "cpu_10": 0.057112343799963126,
    "cpu_100": 0.3285344016001545,
    "gpu_1": 0.04281524859998172,
    "gpu_10": 0.0327892711999084,
    "gpu_100": 0.046500697399915226,
    "trainable_params": 155585,
    "non_trainable_params": 896,
    "total_params": 156481,
    "final_val_loss": 0.022024476900696754,
    "final_val_precision": 0.9590643048286438,
    "final_val_recall": 0.939828097820282,
    "final_val_accuracy": 0.9947344660758972,
    "final_test_loss": 0.01979847624897957,
    "final_test_precision": 0.9594202637672424,
    "final_test_recall": 0.9484240412712097,
    "final_test_accuracy": 0.9951850771903992
}