{
    "dataset": "dataset_half_notrim_tensors",
    "train_split": 0.6,
    "val_split": 0.2,
    "test_split": 0.2,
    "sample_rate": 16000,
    "min_freq": 0,
    "max_freq": 8000,
    "pos_weight": 0.4,
    "frame_size": 128,
    "frame_step": 128,
    "fft_size": 2048,
    "mel_bins": 32,
    "max_time_mask": 10,
    "max_freq_mask": 10,
    "conv_layers": 2,
    "conv_filters": 32,
    "conv_kernel_size": 5,
    "conv_stride": 3,
    "maxpool_size": 1,
    "dense_layers": 2,
    "dense_units": 64,
    "dropout": 0.1197591900934864,
    "batch_size": 64,
    "learning_rate": 0.001,
    "optimizer": "adam",
    "__timestamp__": 20201109051711,
    "verbose": 0,
    "epochs": 200,
    "steps": 311,
    "cpu_1": 0.09744278480002322,
    "cpu_10": 0.3123110604000431,
    "cpu_100": 2.912189168399891,
    "gpu_1": 0.04665412019994619,
    "gpu_10": 0.0325764674000311,
    "gpu_100": 0.04710649700000431,
    "trainable_params": 71073,
    "non_trainable_params": 192,
    "total_params": 71265,
    "final_val_loss": 0.02668776735663414,
    "final_val_precision": 0.9408283829689026,
    "final_val_recall": 0.9111747741699219,
    "final_val_accuracy": 0.9923273921012878,
    "final_test_loss": 0.03376789018511772,
    "final_test_precision": 0.939130425453186,
    "final_test_recall": 0.9283667802810669,
    "final_test_accuracy": 0.9930785298347473
}