{
    "num_epochs": 45,
    "dataset": "dataset_half_notrim_tensors",
    "train_split": 0.6,
    "val_split": 0.2,
    "test_split": 0.2,
    "sample_rate": 16000,
    "min_freq": 0,
    "max_freq": 8000,
    "n_timesteps": 64,
    "conv_filters": 32,
    "conv_kernel_size": 5,
    "conv_stride": 3,
    "recurrent_cell": "bi-gru",
    "recurrent_layers": 1,
    "recurrent_units": 128,
    "batch_size": 64,
    "learning_rate": 0.00031622776601683794,
    "pos_weight": 0.1,
    "optimizer": "adam",
    "__timestamp__": 20201115034210,
    "verbose": 0,
    "epochs": 100,
    "steps": 311,
    "cpu_1": 0.1546934183999838,
    "cpu_10": 0.03878206800000043,
    "cpu_100": 0.09117713479995473,
    "gpu_1": 0.04764969860002566,
    "gpu_10": 0.03235118139996303,
    "gpu_100": 0.05256889819997923,
    "trainable_params": 134945,
    "non_trainable_params": 0.0,
    "total_params": 134945.0,
    "final_val_loss": 0.06704647839069366,
    "final_val_precision": 0.8598726391792297,
    "final_val_recall": 0.7736389636993408,
    "final_val_accuracy": 0.9814954400062561,
    "final_test_loss": 0.06162643805146217,
    "final_test_precision": 0.8515151739120483,
    "final_test_recall": 0.8051576018333435,
    "final_test_accuracy": 0.9823954105377197
}