{
    "dataset": "dataset_half_notrim_tensors",
    "train_split": 0.6,
    "val_split": 0.2,
    "test_split": 0.2,
    "sample_rate": 16000,
    "min_freq": 0,
    "max_freq": 8000,
    "pos_weight": 0.3,
    "conv_filters": 64,
    "conv_kernel_size": 1,
    "conv_stride": 1,
    "recurrent_cell": "bi-gru",
    "recurrent_layers": 4,
    "recurrent_units": 64,
    "batch_size": 128,
    "learning_rate": 0.001,
    "frame_size": 512,
    "frame_step": 256,
    "fft_size": 512,
    "mel_bins": 64,
    "max_time_mask": 10,
    "max_freq_mask": 10,
    "optimizer": "adam",
    "__timestamp__": 20201110180155,
    "verbose": 1,
    "epochs": 600,
    "steps": 155,
    "cpu_1": 0.4404641400000401,
    "cpu_10": 0.07465063760027987,
    "cpu_100": 0.44305815139996413,
    "gpu_1": 0.1249099603999639,
    "gpu_10": 0.04518021660005615,
    "gpu_100": 0.10361983720031276,
    "trainable_params": 277697,
    "non_trainable_params": 0.0,
    "total_params": 277697.0,
    "final_val_loss": 0.008510271087288857,
    "final_val_precision": 0.9912023544311523,
    "final_val_recall": 0.9684813618659973,
    "final_val_accuracy": 0.9978938102722168,
    "final_test_loss": 0.013491871766746044,
    "final_test_precision": 0.9880596995353699,
    "final_test_recall": 0.9484240412712097,
    "final_test_accuracy": 0.9966897368431091
}