{
    "dataset": "dataset_half_notrim_tensors",
    "train_split": 0.6,
    "val_split": 0.2,
    "test_split": 0.2,
    "sample_rate": 16000,
    "min_freq": 0,
    "max_freq": 8000,
    "pos_weight": 0.1,
    "frame_size": 256,
    "frame_step": 128,
    "fft_size": 1024,
    "mel_bins": 32,
    "max_time_mask": 10,
    "max_freq_mask": 10,
    "conv_layers": 1,
    "conv_filters": 64,
    "conv_kernel_size": 3,
    "conv_stride": 3,
    "maxpool_size": 3,
    "dense_layers": 3,
    "dense_units": 64,
    "dropout": 0.133123996600634,
    "batch_size": 64,
    "learning_rate": 0.0001,
    "optimizer": "adam",
    "__timestamp__": 20201109071459,
    "verbose": 0,
    "epochs": 200,
    "steps": 311,
    "cpu_1": 0.07777814179971757,
    "cpu_10": 0.1512190580000606,
    "cpu_100": 1.2420938426002976,
    "gpu_1": 0.039729359400371325,
    "gpu_10": 0.029554215999451117,
    "gpu_100": 0.04386453919978521,
    "trainable_params": 62273,
    "non_trainable_params": 128,
    "total_params": 62401,
    "final_val_loss": 0.03324917331337929,
    "final_val_precision": 0.9221556782722473,
    "final_val_recall": 0.8825215101242065,
    "final_val_accuracy": 0.9899202585220337,
    "final_test_loss": 0.03927503526210785,
    "final_test_precision": 0.8778409361839294,
    "final_test_recall": 0.8853868246078491,
    "final_test_accuracy": 0.9875112771987915
}