{
    "dataset": "dataset_half_notrim_tensors",
    "train_split": 0.6,
    "val_split": 0.2,
    "test_split": 0.2,
    "sample_rate": 16000,
    "min_freq": 0,
    "max_freq": 8000,
    "pos_weight": 0.4,
    "frame_size": 256,
    "frame_step": 256,
    "fft_size": 256,
    "mel_bins": 64,
    "max_time_mask": 10,
    "max_freq_mask": 10,
    "conv_filters": 64,
    "conv_kernel_size": 5,
    "conv_stride": 3,
    "recurrent_cell": "bi-gru",
    "recurrent_layers": 4,
    "recurrent_units": 64,
    "batch_size": 256,
    "learning_rate": 0.001,
    "optimizer": "adam",
    "__timestamp__": 20201109125524,
    "verbose": 0,
    "epochs": 200,
    "steps": 77,
    "cpu_1": 1.1676750854006968,
    "cpu_10": 0.04923731719973148,
    "cpu_100": 0.20087233439990088,
    "gpu_1": 0.11996704119956121,
    "gpu_10": 0.03803001759952167,
    "gpu_100": 0.07530577239958802,
    "trainable_params": 294081,
    "non_trainable_params": 0.0,
    "total_params": 294081.0,
    "final_val_loss": 0.008411851711571217,
    "final_val_precision": 0.9854651093482971,
    "final_val_recall": 0.9713466763496399,
    "final_val_accuracy": 0.9977433681488037,
    "final_test_loss": 0.00932365283370018,
    "final_test_precision": 0.9853801131248474,
    "final_test_recall": 0.9656160473823547,
    "final_test_accuracy": 0.9974420666694641
}