{
    "dataset": "dataset_half_notrim_tensors",
    "train_split": 0.6,
    "val_split": 0.2,
    "test_split": 0.2,
    "sample_rate": 16000,
    "min_freq": 0,
    "max_freq": 8000,
    "pos_weight": 0.3,
    "frame_size": 512,
    "frame_step": 256,
    "fft_size": 2048,
    "mel_bins": 32,
    "max_time_mask": 10,
    "max_freq_mask": 10,
    "conv_filters": 32,
    "conv_kernel_size": 3,
    "conv_stride": 2,
    "recurrent_cell": "lstm",
    "recurrent_layers": 3,
    "recurrent_units": 128,
    "batch_size": 128,
    "learning_rate": 0.01,
    "optimizer": "adam",
    "__timestamp__": 20201109073450,
    "verbose": 0,
    "epochs": 200,
    "steps": 155,
    "cpu_1": 0.23256946239962417,
    "cpu_10": 0.18975549419992604,
    "cpu_100": 1.4394555216007574,
    "gpu_1": 0.06749182739986281,
    "gpu_10": 0.03347801120035001,
    "gpu_100": 0.05763315820004209,
    "trainable_params": 348833,
    "non_trainable_params": 0.0,
    "total_params": 348833.0,
    "final_val_loss": 0.01986006274819374,
    "final_val_precision": 0.9519773721694946,
    "final_val_recall": 0.9656160473823547,
    "final_val_accuracy": 0.9956371188163757,
    "final_test_loss": 0.02176038734614849,
    "final_test_precision": 0.9241573214530945,
    "final_test_recall": 0.9426934123039246,
    "final_test_accuracy": 0.9929280877113342
}