{
    "dataset": "dataset_half_notrim_tensors",
    "train_split": 0.6,
    "val_split": 0.2,
    "test_split": 0.2,
    "sample_rate": 16000,
    "min_freq": 0,
    "max_freq": 8000,
    "pos_weight": 0.3,
    "conv_filters": 64,
    "conv_kernel_size": 3,
    "conv_stride": 1,
    "recurrent_cell": "bi-gru",
    "recurrent_layers": 2,
    "recurrent_units": 32,
    "batch_size": 256,
    "learning_rate": 3.1622776601683795e-05,
    "frame_size": 512,
    "frame_step": 256,
    "fft_size": 512,
    "mel_bins": 64,
    "max_time_mask": 10,
    "max_freq_mask": 10,
    "optimizer": "adam",
    "__timestamp__": 20201110170709,
    "verbose": 1,
    "epochs": 600,
    "steps": 77,
    "cpu_1": 0.2813915688000634,
    "cpu_10": 0.07371939899967402,
    "cpu_100": 0.39620264559980567,
    "gpu_1": 0.08398838280008931,
    "gpu_10": 0.04191106839971326,
    "gpu_100": 0.07935620340031165,
    "trainable_params": 50049,
    "non_trainable_params": 0.0,
    "total_params": 50049.0,
    "final_val_loss": 0.023955782875418663,
    "final_val_precision": 0.9587020874023438,
    "final_val_recall": 0.9312320947647095,
    "final_val_accuracy": 0.994283139705658,
    "final_test_loss": 0.027226759120821953,
    "final_test_precision": 0.9287833571434021,
    "final_test_recall": 0.8968481421470642,
    "final_test_accuracy": 0.9909720420837402
}