{
    "num_epochs": 100,
    "dataset": "dataset_half_notrim_tensors",
    "train_split": 0.6,
    "val_split": 0.2,
    "test_split": 0.2,
    "sample_rate": 16000,
    "min_freq": 0,
    "max_freq": 8000,
    "n_timesteps": 16,
    "conv_filters": 32,
    "conv_kernel_size": 24,
    "conv_stride": 4,
    "recurrent_cell": "gru",
    "recurrent_layers": 2,
    "recurrent_units": 32,
    "batch_size": 256,
    "learning_rate": 0.001,
    "pos_weight": 0.1,
    "optimizer": "adam",
    "__timestamp__": 20201115035016,
    "verbose": 0,
    "epochs": 100,
    "steps": 77,
    "cpu_1": 0.15181104420003066,
    "cpu_10": 0.046487858799991955,
    "cpu_100": 0.13887243519993717,
    "gpu_1": 0.057442580600036305,
    "gpu_10": 0.04034130019999793,
    "gpu_100": 0.08443842540000332,
    "trainable_params": 25025,
    "non_trainable_params": 0.0,
    "total_params": 25025.0,
    "final_val_loss": 0.07553920894861221,
    "final_val_precision": 0.856269121170044,
    "final_val_recall": 0.8022922873497009,
    "final_val_accuracy": 0.9825485348701477,
    "final_test_loss": 0.07843893021345139,
    "final_test_precision": 0.8410404920578003,
    "final_test_recall": 0.8338108658790588,
    "final_test_accuracy": 0.9829972982406616
}