{
    "dataset": "dataset_half_notrim_tensors",
    "train_split": 0.6,
    "val_split": 0.2,
    "test_split": 0.2,
    "sample_rate": 16000,
    "min_freq": 0,
    "max_freq": 8000,
    "pos_weight": 0.05253655894565806,
    "frame_size": 512,
    "frame_step": 128,
    "fft_size": 1024,
    "mel_bins": 32,
    "max_time_mask": 10,
    "max_freq_mask": 10,
    "conv_layers": 2,
    "conv_filters": 32,
    "conv_kernel_size": 3,
    "conv_stride": 2,
    "maxpool_size": 1,
    "dense_layers": 3,
    "dense_units": 64,
    "dropout": 0.18487380243438944,
    "batch_size": 256,
    "learning_rate": 0.001,
    "optimizer": "adam",
    "__timestamp__": 20201109052434,
    "verbose": 0,
    "epochs": 200,
    "steps": 77,
    "cpu_1": 0.08550266980009838,
    "cpu_10": 0.16018301819995032,
    "cpu_100": 1.3083041725999465,
    "gpu_1": 0.039367725000101925,
    "gpu_10": 0.03293737980011428,
    "gpu_100": 0.04243711779990918,
    "trainable_params": 130977,
    "non_trainable_params": 192,
    "total_params": 131169,
    "final_val_loss": 0.02851637825369835,
    "final_val_precision": 0.9545454382896423,
    "final_val_recall": 0.9025787711143494,
    "final_val_accuracy": 0.992628276348114,
    "final_test_loss": 0.03271863982081413,
    "final_test_precision": 0.9492537379264832,
    "final_test_recall": 0.9111747741699219,
    "final_test_accuracy": 0.9927775859832764
}