{
    "dataset": "dataset_half_notrim_tensors",
    "train_split": 0.6,
    "val_split": 0.2,
    "test_split": 0.2,
    "sample_rate": 16000,
    "min_freq": 0,
    "max_freq": 8000,
    "pos_weight": 0.5,
    "conv_filters": 64,
    "conv_kernel_size": 3,
    "conv_stride": 1,
    "recurrent_cell": "bi-gru",
    "recurrent_layers": 3,
    "recurrent_units": 32,
    "batch_size": 256,
    "learning_rate": 0.00031622776601683794,
    "frame_size": 512,
    "frame_step": 256,
    "fft_size": 512,
    "mel_bins": 64,
    "max_time_mask": 10,
    "max_freq_mask": 10,
    "optimizer": "adam",
    "__timestamp__": 20201111090055,
    "verbose": 1,
    "epochs": 600,
    "steps": 77,
    "cpu_1": 0.34025929600029486,
    "cpu_10": 0.06720096079952782,
    "cpu_100": 0.3746384573998512,
    "gpu_1": 0.09341471160078071,
    "gpu_10": 0.0370455722004408,
    "gpu_100": 0.08240229759903742,
    "trainable_params": 68865,
    "non_trainable_params": 0.0,
    "total_params": 68865.0,
    "final_val_loss": 0.014113816432654858,
    "final_val_precision": 0.9739130139350891,
    "final_val_recall": 0.9627507328987122,
    "final_val_accuracy": 0.9966902136802673,
    "final_test_loss": 0.017465615645051003,
    "final_test_precision": 0.9625360369682312,
    "final_test_recall": 0.9570200443267822,
    "final_test_accuracy": 0.9957869648933411
}