{
    "dataset": "dataset_half_notrim_tensors",
    "train_split": 0.6,
    "val_split": 0.2,
    "test_split": 0.2,
    "sample_rate": 16000,
    "min_freq": 0,
    "max_freq": 8000,
    "pos_weight": 0.2,
    "conv_filters": 32,
    "conv_kernel_size": 5,
    "conv_stride": 1,
    "recurrent_cell": "bi-gru",
    "recurrent_layers": 4,
    "recurrent_units": 64,
    "batch_size": 128,
    "learning_rate": 3.1622776601683795e-05,
    "frame_size": 512,
    "frame_step": 256,
    "fft_size": 512,
    "mel_bins": 64,
    "max_time_mask": 10,
    "max_freq_mask": 10,
    "optimizer": "adam",
    "__timestamp__": 20201111054159,
    "verbose": 1,
    "epochs": 600,
    "steps": 155,
    "cpu_1": 0.4817968944000313,
    "cpu_10": 0.09247348839962796,
    "cpu_100": 0.4914833584007283,
    "gpu_1": 0.12934169719992497,
    "gpu_10": 0.04649394900043262,
    "gpu_100": 0.10783857339993119,
    "trainable_params": 271521,
    "non_trainable_params": 0.0,
    "total_params": 271521.0,
    "final_val_loss": 0.014386167749762535,
    "final_val_precision": 0.976401150226593,
    "final_val_recall": 0.9484240412712097,
    "final_val_accuracy": 0.996088445186615,
    "final_test_loss": 0.014464659616351128,
    "final_test_precision": 0.9624277353286743,
    "final_test_recall": 0.9541547298431396,
    "final_test_accuracy": 0.9956364631652832
}