{
    "dataset": "dataset_half_notrim_tensors",
    "train_split": 0.6,
    "val_split": 0.2,
    "test_split": 0.2,
    "sample_rate": 16000,
    "min_freq": 0,
    "max_freq": 8000,
    "pos_weight": 0.4,
    "conv_filters": 32,
    "conv_kernel_size": 5,
    "conv_stride": 1,
    "recurrent_cell": "gru",
    "recurrent_layers": 2,
    "recurrent_units": 32,
    "batch_size": 256,
    "learning_rate": 0.001,
    "frame_size": 512,
    "frame_step": 256,
    "fft_size": 512,
    "mel_bins": 64,
    "max_time_mask": 10,
    "max_freq_mask": 10,
    "optimizer": "adam",
    "__timestamp__": 20201110172508,
    "verbose": 1,
    "epochs": 600,
    "steps": 77,
    "cpu_1": 0.16656029259975186,
    "cpu_10": 0.0637846604004153,
    "cpu_100": 0.3458315861998926,
    "gpu_1": 0.05633859299996402,
    "gpu_10": 0.033955826399869694,
    "gpu_100": 0.06312379360006162,
    "trainable_params": 22977,
    "non_trainable_params": 0.0,
    "total_params": 22977.0,
    "final_val_loss": 0.012256458401679993,
    "final_val_precision": 0.9795918464660645,
    "final_val_recall": 0.9627507328987122,
    "final_val_accuracy": 0.9969910979270935,
    "final_test_loss": 0.011269470676779747,
    "final_test_precision": 0.9768785834312439,
    "final_test_recall": 0.9684813618659973,
    "final_test_accuracy": 0.9971411228179932
}