{
    "dataset": "dataset_half_notrim_tensors",
    "train_split": 0.6,
    "val_split": 0.2,
    "test_split": 0.2,
    "sample_rate": 16000,
    "min_freq": 0,
    "max_freq": 8000,
    "pos_weight": 0.2,
    "conv_filters": 64,
    "conv_kernel_size": 5,
    "conv_stride": 1,
    "recurrent_cell": "bi-gru",
    "recurrent_layers": 2,
    "recurrent_units": 32,
    "batch_size": 64,
    "learning_rate": 0.00031622776601683794,
    "frame_size": 512,
    "frame_step": 256,
    "fft_size": 512,
    "mel_bins": 64,
    "max_time_mask": 10,
    "max_freq_mask": 10,
    "optimizer": "adam",
    "__timestamp__": 20201110155710,
    "verbose": 1,
    "epochs": 600,
    "steps": 311,
    "cpu_1": 0.34057953100009397,
    "cpu_10": 0.06484660139994958,
    "cpu_100": 0.36820654720004314,
    "gpu_1": 0.07888470100006088,
    "gpu_10": 0.038706426999942777,
    "gpu_100": 0.072308423800132,
    "trainable_params": 58241,
    "non_trainable_params": 0.0,
    "total_params": 58241.0,
    "final_val_loss": 0.008654029108583927,
    "final_val_precision": 0.9912280440330505,
    "final_val_recall": 0.9713466763496399,
    "final_val_accuracy": 0.9980442523956299,
    "final_test_loss": 0.01486365869641304,
    "final_test_precision": 0.9792899489402771,
    "final_test_recall": 0.9484240412712097,
    "final_test_accuracy": 0.9962383508682251
}