{
    "dataset": "dataset_half_notrim_tensors",
    "train_split": 0.6,
    "val_split": 0.2,
    "test_split": 0.2,
    "sample_rate": 16000,
    "min_freq": 0,
    "max_freq": 8000,
    "pos_weight": 0.05253655894565806,
    "conv_filters": 32,
    "conv_kernel_size": 3,
    "conv_stride": 1,
    "recurrent_cell": "gru",
    "recurrent_layers": 3,
    "recurrent_units": 64,
    "batch_size": 256,
    "learning_rate": 0.001,
    "frame_size": 512,
    "frame_step": 256,
    "fft_size": 512,
    "mel_bins": 64,
    "max_time_mask": 10,
    "max_freq_mask": 10,
    "optimizer": "adam",
    "__timestamp__": 20201111064701,
    "verbose": 1,
    "epochs": 600,
    "steps": 77,
    "cpu_1": 0.2187757142000919,
    "cpu_10": 0.06439785120019223,
    "cpu_100": 0.3602722456005722,
    "gpu_1": 0.06435306400016998,
    "gpu_10": 0.031220385800043004,
    "gpu_100": 0.05740037659961672,
    "trainable_params": 74977,
    "non_trainable_params": 0.0,
    "total_params": 74977.0,
    "final_val_loss": 0.008846697397530079,
    "final_val_precision": 0.9941176176071167,
    "final_val_recall": 0.9684813618659973,
    "final_val_accuracy": 0.9980442523956299,
    "final_test_loss": 0.01154051162302494,
    "final_test_precision": 0.9940298795700073,
    "final_test_recall": 0.9541547298431396,
    "final_test_accuracy": 0.997291624546051
}