{
    "dataset": "dataset_half_notrim_tensors",
    "train_split": 0.6,
    "val_split": 0.2,
    "test_split": 0.2,
    "sample_rate": 16000,
    "min_freq": 0,
    "max_freq": 8000,
    "pos_weight": 0.5,
    "frame_size": 128,
    "frame_step": 128,
    "fft_size": 1024,
    "mel_bins": 64,
    "max_time_mask": 10,
    "max_freq_mask": 10,
    "conv_filters": 64,
    "conv_kernel_size": 5,
    "conv_stride": 2,
    "recurrent_cell": "lstm",
    "recurrent_layers": 1,
    "recurrent_units": 128,
    "batch_size": 128,
    "learning_rate": 0.001,
    "optimizer": "adam",
    "__timestamp__": 20201109053820,
    "verbose": 0,
    "epochs": 200,
    "steps": 155,
    "cpu_1": 0.12814869519997957,
    "cpu_10": 0.16437620580009024,
    "cpu_100": 1.3134988829999201,
    "gpu_1": 0.04772908419990927,
    "gpu_10": 0.033657597999990685,
    "gpu_100": 0.048059450599976114,
    "trainable_params": 119489,
    "non_trainable_params": 0.0,
    "total_params": 119489.0,
    "final_val_loss": 0.018154960125684738,
    "final_val_precision": 0.9622092843055725,
    "final_val_recall": 0.9484240412712097,
    "final_val_accuracy": 0.9953362345695496,
    "final_test_loss": 0.015051496215164661,
    "final_test_precision": 0.9567723274230957,
    "final_test_recall": 0.9512894153594971,
    "final_test_accuracy": 0.9951850771903992
}