{
    "dataset": "dataset_half_notrim_tensors",
    "train_split": 0.6,
    "val_split": 0.2,
    "test_split": 0.2,
    "sample_rate": 16000,
    "min_freq": 0,
    "max_freq": 8000,
    "pos_weight": 0.4,
    "conv_filters": 64,
    "conv_kernel_size": 1,
    "conv_stride": 2,
    "recurrent_cell": "bi-gru",
    "recurrent_layers": 4,
    "recurrent_units": 32,
    "batch_size": 64,
    "learning_rate": 3.1622776601683795e-05,
    "frame_size": 512,
    "frame_step": 256,
    "fft_size": 512,
    "mel_bins": 64,
    "max_time_mask": 10,
    "max_freq_mask": 10,
    "optimizer": "adam",
    "__timestamp__": 20201110195702,
    "verbose": 1,
    "epochs": 600,
    "steps": 311,
    "cpu_1": 0.45332077919883884,
    "cpu_10": 0.06743420180064277,
    "cpu_100": 0.3734576199982257,
    "gpu_1": 0.12208981039948412,
    "gpu_10": 0.03887054820006597,
    "gpu_100": 0.08151516919897403,
    "trainable_params": 79489,
    "non_trainable_params": 0.0,
    "total_params": 79489.0,
    "final_val_loss": 0.022655844688415527,
    "final_val_precision": 0.9502924084663391,
    "final_val_recall": 0.9312320947647095,
    "final_val_accuracy": 0.9938318133354187,
    "final_test_loss": 0.01892975904047489,
    "final_test_precision": 0.9566473960876465,
    "final_test_recall": 0.9484240412712097,
    "final_test_accuracy": 0.9950346350669861
}