{
    "dataset": "dataset_half_notrim_tensors",
    "train_split": 0.6,
    "val_split": 0.2,
    "test_split": 0.2,
    "sample_rate": 16000,
    "min_freq": 0,
    "max_freq": 8000,
    "pos_weight": 0.3,
    "conv_filters": 64,
    "conv_kernel_size": 1,
    "conv_stride": 2,
    "recurrent_cell": "bi-gru",
    "recurrent_layers": 2,
    "recurrent_units": 32,
    "batch_size": 64,
    "learning_rate": 0.00031622776601683794,
    "frame_size": 512,
    "frame_step": 256,
    "fft_size": 512,
    "mel_bins": 64,
    "max_time_mask": 10,
    "max_freq_mask": 10,
    "optimizer": "adam",
    "__timestamp__": 20201111050629,
    "verbose": 1,
    "epochs": 600,
    "steps": 311,
    "cpu_1": 0.2679702055997041,
    "cpu_10": 0.06497588640013419,
    "cpu_100": 0.3650710148005601,
    "gpu_1": 0.08843703499987896,
    "gpu_10": 0.036661471600746155,
    "gpu_100": 0.06807231260027038,
    "trainable_params": 41857,
    "non_trainable_params": 0.0,
    "total_params": 41857.0,
    "final_val_loss": 0.013843324966728687,
    "final_val_precision": 0.9677419066429138,
    "final_val_recall": 0.9455587267875671,
    "final_val_accuracy": 0.9954866766929626,
    "final_test_loss": 0.015330664813518524,
    "final_test_precision": 0.9649122953414917,
    "final_test_recall": 0.9455587267875671,
    "final_test_accuracy": 0.9953355193138123
}