{
    "dataset": "dataset_half_notrim_tensors",
    "train_split": 0.6,
    "val_split": 0.2,
    "test_split": 0.2,
    "sample_rate": 16000,
    "min_freq": 0,
    "max_freq": 8000,
    "pos_weight": 0.1,
    "conv_filters": 64,
    "conv_kernel_size": 5,
    "conv_stride": 1,
    "recurrent_cell": "gru",
    "recurrent_layers": 3,
    "recurrent_units": 64,
    "batch_size": 64,
    "learning_rate": 0.001,
    "frame_size": 512,
    "frame_step": 256,
    "fft_size": 512,
    "mel_bins": 64,
    "max_time_mask": 10,
    "max_freq_mask": 10,
    "optimizer": "adam",
    "__timestamp__": 20201110183818,
    "verbose": 1,
    "epochs": 600,
    "steps": 311,
    "cpu_1": 0.2176417295999272,
    "cpu_10": 0.06913271699959296,
    "cpu_100": 0.3912285649996193,
    "gpu_1": 0.06879858700049227,
    "gpu_10": 0.03756785840014345,
    "gpu_100": 0.060845332000462805,
    "trainable_params": 95489,
    "non_trainable_params": 0.0,
    "total_params": 95489.0,
    "final_val_loss": 0.008907151408493519,
    "final_val_precision": 0.9970414042472839,
    "final_val_recall": 0.9656160473823547,
    "final_val_accuracy": 0.9980442523956299,
    "final_test_loss": 0.01185513660311699,
    "final_test_precision": 0.9710982441902161,
    "final_test_recall": 0.9627507328987122,
    "final_test_accuracy": 0.996539294719696
}