{
    "dataset": "dataset_half_notrim_tensors",
    "train_split": 0.6,
    "val_split": 0.2,
    "test_split": 0.2,
    "sample_rate": 16000,
    "min_freq": 0,
    "max_freq": 8000,
    "pos_weight": 0.2,
    "frame_size": 128,
    "frame_step": 128,
    "fft_size": 128,
    "mel_bins": 32,
    "max_time_mask": 10,
    "max_freq_mask": 10,
    "conv_layers": 1,
    "conv_filters": 64,
    "conv_kernel_size": 3,
    "conv_stride": 2,
    "maxpool_size": 5,
    "dense_layers": 1,
    "dense_units": 64,
    "dropout": 0.1790660190591185,
    "batch_size": 64,
    "learning_rate": 0.01,
    "optimizer": "adam",
    "__timestamp__": 20201109093016,
    "verbose": 0,
    "epochs": 200,
    "steps": 311,
    "cpu_1": 0.06710342779988424,
    "cpu_10": 0.043356788798701015,
    "cpu_100": 0.15053997060094843,
    "gpu_1": 0.04064474420010811,
    "gpu_10": 0.030118218799907483,
    "gpu_100": 0.043914697799482386,
    "trainable_params": 55617,
    "non_trainable_params": 128,
    "total_params": 55745,
    "final_val_loss": 0.04485045373439789,
    "final_val_precision": 0.9171597361564636,
    "final_val_recall": 0.8882521390914917,
    "final_val_accuracy": 0.9899202585220337,
    "final_test_loss": 0.04420751333236694,
    "final_test_precision": 0.8966480493545532,
    "final_test_recall": 0.9197707772254944,
    "final_test_accuracy": 0.9902196526527405
}