{
    "dataset": "dataset_half_notrim_tensors",
    "train_split": 0.6,
    "val_split": 0.2,
    "test_split": 0.2,
    "sample_rate": 16000,
    "min_freq": 0,
    "max_freq": 8000,
    "pos_weight": 0.2,
    "conv_filters": 32,
    "conv_kernel_size": 3,
    "conv_stride": 3,
    "recurrent_cell": "bi-gru",
    "recurrent_layers": 2,
    "recurrent_units": 64,
    "batch_size": 64,
    "learning_rate": 3.1622776601683795e-05,
    "frame_size": 512,
    "frame_step": 256,
    "fft_size": 512,
    "mel_bins": 64,
    "max_time_mask": 10,
    "max_freq_mask": 10,
    "optimizer": "adam",
    "__timestamp__": 20201110223559,
    "verbose": 1,
    "epochs": 600,
    "steps": 311,
    "cpu_1": 0.26968015639940857,
    "cpu_10": 0.06328150339977583,
    "cpu_100": 0.36103916259962715,
    "gpu_1": 0.08377114340037224,
    "gpu_10": 0.03605699640029343,
    "gpu_100": 0.06015363080077805,
    "trainable_params": 118433,
    "non_trainable_params": 0.0,
    "total_params": 118433.0,
    "final_val_loss": 0.017113853245973587,
    "final_val_precision": 0.9732937812805176,
    "final_val_recall": 0.939828097820282,
    "final_val_accuracy": 0.9954866766929626,
    "final_test_loss": 0.017465809360146523,
    "final_test_precision": 0.9588235020637512,
    "final_test_recall": 0.934097409248352,
    "final_test_accuracy": 0.9944327473640442
}