{
    "dataset": "dataset_half_notrim_tensors",
    "train_split": 0.6,
    "val_split": 0.2,
    "test_split": 0.2,
    "sample_rate": 16000,
    "min_freq": 0,
    "max_freq": 8000,
    "pos_weight": 0.05253655894565806,
    "conv_layers": 2,
    "conv_filters": 32,
    "conv_kernel_size": 5,
    "conv_stride": 2,
    "maxpool_size": 1,
    "dense_layers": 3,
    "dense_units": 64,
    "dropout": 0.15790647371247765,
    "batch_size": 128,
    "learning_rate": 0.001,
    "frame_size": 512,
    "frame_step": 256,
    "fft_size": 512,
    "mel_bins": 64,
    "max_time_mask": 10,
    "max_freq_mask": 10,
    "optimizer": "adam",
    "__timestamp__": 20201111033638,
    "verbose": 0,
    "epochs": 200,
    "steps": 155,
    "cpu_1": 0.06970175999995262,
    "cpu_10": 0.057156461200247574,
    "cpu_100": 0.3123913983999955,
    "gpu_1": 0.038782841599822857,
    "gpu_10": 0.027837672800160362,
    "gpu_100": 0.041493234599874994,
    "trainable_params": 76705,
    "non_trainable_params": 192,
    "total_params": 76897,
    "final_val_loss": 0.018867293372750282,
    "final_val_precision": 0.9820359349250793,
    "final_val_recall": 0.939828097820282,
    "final_val_accuracy": 0.9959380030632019,
    "final_test_loss": 0.019144145771861076,
    "final_test_precision": 0.9707602262496948,
    "final_test_recall": 0.9512894153594971,
    "final_test_accuracy": 0.9959374070167542
}