{
    "dataset": "dataset_half_notrim_tensors",
    "train_split": 0.6,
    "val_split": 0.2,
    "test_split": 0.2,
    "sample_rate": 16000,
    "min_freq": 0,
    "max_freq": 8000,
    "pos_weight": 0.5,
    "conv_filters": 32,
    "conv_kernel_size": 5,
    "conv_stride": 3,
    "recurrent_cell": "gru",
    "recurrent_layers": 3,
    "recurrent_units": 32,
    "batch_size": 128,
    "learning_rate": 0.001,
    "frame_size": 512,
    "frame_step": 256,
    "fft_size": 512,
    "mel_bins": 64,
    "max_time_mask": 10,
    "max_freq_mask": 10,
    "optimizer": "adam",
    "__timestamp__": 20201110210403,
    "verbose": 1,
    "epochs": 600,
    "steps": 155,
    "cpu_1": 0.2169730987996445,
    "cpu_10": 0.06365402000010363,
    "cpu_100": 0.34894696160117744,
    "gpu_1": 0.07012761840087478,
    "gpu_10": 0.03384963739954401,
    "gpu_100": 0.055062214999634304,
    "trainable_params": 29313,
    "non_trainable_params": 0.0,
    "total_params": 29313.0,
    "final_val_loss": 0.012973317876458168,
    "final_val_precision": 0.9824561476707458,
    "final_val_recall": 0.9627507328987122,
    "final_val_accuracy": 0.9971415400505066,
    "final_test_loss": 0.012987572699785233,
    "final_test_precision": 0.967930018901825,
    "final_test_recall": 0.9512894153594971,
    "final_test_accuracy": 0.9957869648933411
}