{
    "dataset": "dataset_half_notrim_tensors",
    "train_split": 0.6,
    "val_split": 0.2,
    "test_split": 0.2,
    "sample_rate": 16000,
    "min_freq": 0,
    "max_freq": 8000,
    "pos_weight": 0.2,
    "conv_layers": 1,
    "conv_filters": 32,
    "conv_kernel_size": 5,
    "conv_stride": 3,
    "maxpool_size": 1,
    "dense_layers": 3,
    "dense_units": 64,
    "dropout": 0.15089099967236316,
    "batch_size": 256,
    "learning_rate": 0.00031622776601683794,
    "frame_size": 512,
    "frame_step": 256,
    "fft_size": 512,
    "mel_bins": 64,
    "max_time_mask": 10,
    "max_freq_mask": 10,
    "optimizer": "adam",
    "__timestamp__": 20201111040157,
    "verbose": 0,
    "epochs": 200,
    "steps": 77,
    "cpu_1": 0.07177481439975963,
    "cpu_10": 0.05546278420024464,
    "cpu_100": 0.30721648380003896,
    "gpu_1": 0.038997136199941454,
    "gpu_10": 0.029041353199863805,
    "gpu_100": 0.04009631500011892,
    "trainable_params": 51937,
    "non_trainable_params": 64,
    "total_params": 52001,
    "final_val_loss": 0.03098182938992977,
    "final_val_precision": 0.9406528472900391,
    "final_val_recall": 0.9083094596862793,
    "final_val_accuracy": 0.9921769499778748,
    "final_test_loss": 0.037964340299367905,
    "final_test_precision": 0.925595223903656,
    "final_test_recall": 0.8911174535751343,
    "final_test_accuracy": 0.9905205965042114
}