{
    "dataset": "dataset_half_notrim_tensors",
    "train_split": 0.6,
    "val_split": 0.2,
    "test_split": 0.2,
    "sample_rate": 16000,
    "min_freq": 0,
    "max_freq": 8000,
    "pos_weight": 0.3,
    "frame_size": 256,
    "frame_step": 128,
    "fft_size": 512,
    "mel_bins": 32,
    "max_time_mask": 10,
    "max_freq_mask": 10,
    "conv_layers": 2,
    "conv_filters": 64,
    "conv_kernel_size": 5,
    "conv_stride": 3,
    "maxpool_size": 1,
    "dense_layers": 3,
    "dense_units": 64,
    "dropout": 0.19497290341307688,
    "batch_size": 128,
    "learning_rate": 0.0001,
    "optimizer": "adam",
    "__timestamp__": 20201109091618,
    "verbose": 0,
    "epochs": 200,
    "steps": 155,
    "cpu_1": 0.07746820480024326,
    "cpu_10": 0.08392364920000546,
    "cpu_100": 0.5897022626013495,
    "gpu_1": 0.03986694420018466,
    "gpu_10": 0.030477416000212542,
    "gpu_100": 0.04490966459998162,
    "trainable_params": 152769,
    "non_trainable_params": 384,
    "total_params": 153153,
    "final_val_loss": 0.034685827791690826,
    "final_val_precision": 0.9266862273216248,
    "final_val_recall": 0.9054441452026367,
    "final_val_accuracy": 0.9912742376327515,
    "final_test_loss": 0.03816034272313118,
    "final_test_precision": 0.8787878751754761,
    "final_test_recall": 0.9140400886535645,
    "final_test_accuracy": 0.9888654947280884
}