{
    "dataset": "dataset_half_notrim_tensors",
    "train_split": 0.6,
    "val_split": 0.2,
    "test_split": 0.2,
    "sample_rate": 16000,
    "min_freq": 0,
    "max_freq": 8000,
    "pos_weight": 0.3,
    "frame_size": 512,
    "frame_step": 256,
    "fft_size": 2048,
    "mel_bins": 64,
    "max_time_mask": 10,
    "max_freq_mask": 10,
    "conv_filters": 64,
    "conv_kernel_size": 5,
    "conv_stride": 2,
    "recurrent_cell": "gru",
    "recurrent_layers": 3,
    "recurrent_units": 64,
    "batch_size": 128,
    "learning_rate": 0.00031622776601683794,
    "optimizer": "adam",
    "__timestamp__": 20201109080721,
    "verbose": 0,
    "epochs": 200,
    "steps": 155,
    "cpu_1": 0.21495377740029653,
    "cpu_10": 0.16583985740035131,
    "cpu_100": 1.3833476738000172,
    "gpu_1": 0.07400686099972517,
    "gpu_10": 0.032586459199956154,
    "gpu_100": 0.05237373159980052,
    "trainable_params": 95489,
    "non_trainable_params": 0.0,
    "total_params": 95489.0,
    "final_val_loss": 0.011207645758986473,
    "final_val_precision": 0.9824561476707458,
    "final_val_recall": 0.9627507328987122,
    "final_val_accuracy": 0.9971415400505066,
    "final_test_loss": 0.013610311783850193,
    "final_test_precision": 0.9910979270935059,
    "final_test_recall": 0.9570200443267822,
    "final_test_accuracy": 0.997291624546051
}