{
    "dataset": "dataset_half_notrim_tensors",
    "train_split": 0.6,
    "val_split": 0.2,
    "test_split": 0.2,
    "sample_rate": 16000,
    "min_freq": 0,
    "max_freq": 8000,
    "pos_weight": 0.4,
    "conv_filters": 64,
    "conv_kernel_size": 3,
    "conv_stride": 2,
    "recurrent_cell": "bi-gru",
    "recurrent_layers": 4,
    "recurrent_units": 64,
    "batch_size": 64,
    "learning_rate": 0.001,
    "frame_size": 512,
    "frame_step": 256,
    "fft_size": 512,
    "mel_bins": 64,
    "max_time_mask": 10,
    "max_freq_mask": 10,
    "optimizer": "adam",
    "__timestamp__": 20201110161328,
    "verbose": 1,
    "epochs": 600,
    "steps": 311,
    "cpu_1": 0.4359756560001188,
    "cpu_10": 0.06968837639997219,
    "cpu_100": 0.3906134473999373,
    "gpu_1": 0.11505806540008053,
    "gpu_10": 0.04251291500004299,
    "gpu_100": 0.08432263999993665,
    "trainable_params": 285889,
    "non_trainable_params": 0.0,
    "total_params": 285889.0,
    "final_val_loss": 0.009509638883173466,
    "final_val_precision": 0.9854227304458618,
    "final_val_recall": 0.9684813618659973,
    "final_val_accuracy": 0.9975929260253906,
    "final_test_loss": 0.01301948819309473,
    "final_test_precision": 0.9734513163566589,
    "final_test_recall": 0.9455587267875671,
    "final_test_accuracy": 0.9957869648933411
}