{
    "dataset": "dataset_half_notrim_tensors",
    "train_split": 0.6,
    "val_split": 0.2,
    "test_split": 0.2,
    "sample_rate": 16000,
    "min_freq": 0,
    "max_freq": 8000,
    "pos_weight": 0.3,
    "frame_size": 128,
    "frame_step": 128,
    "fft_size": 128,
    "mel_bins": 64,
    "max_time_mask": 10,
    "max_freq_mask": 10,
    "conv_layers": 2,
    "conv_filters": 32,
    "conv_kernel_size": 3,
    "conv_stride": 3,
    "maxpool_size": 1,
    "dense_layers": 3,
    "dense_units": 64,
    "dropout": 0.1434216171200755,
    "batch_size": 256,
    "learning_rate": 3.1622776601683795e-05,
    "optimizer": "adam",
    "__timestamp__": 20201109055622,
    "verbose": 0,
    "epochs": 200,
    "steps": 77,
    "cpu_1": 0.06687089900005957,
    "cpu_10": 0.039928493399929724,
    "cpu_100": 0.15986413240007097,
    "gpu_1": 0.04261798139978055,
    "gpu_10": 0.029006396000113455,
    "gpu_100": 0.12895451699987462,
    "trainable_params": 68513,
    "non_trainable_params": 192,
    "total_params": 68705,
    "final_val_loss": 0.05037969723343849,
    "final_val_precision": 0.8543417453765869,
    "final_val_recall": 0.873925507068634,
    "final_val_accuracy": 0.9855573773384094,
    "final_test_loss": 0.04906074330210686,
    "final_test_precision": 0.8134714961051941,
    "final_test_recall": 0.8997134566307068,
    "final_test_accuracy": 0.9839000701904297
}