{
    "dataset": "dataset_half_notrim_tensors",
    "train_split": 0.6,
    "val_split": 0.2,
    "test_split": 0.2,
    "sample_rate": 16000,
    "min_freq": 0,
    "max_freq": 8000,
    "pos_weight": 0.3,
    "frame_size": 512,
    "frame_step": 512,
    "fft_size": 2048,
    "mel_bins": 64,
    "max_time_mask": 10,
    "max_freq_mask": 10,
    "conv_layers": 3,
    "conv_filters": 64,
    "conv_kernel_size": 5,
    "conv_stride": 2,
    "maxpool_size": 1,
    "dense_layers": 2,
    "dense_units": 64,
    "dropout": 0.16321831369147594,
    "batch_size": 64,
    "learning_rate": 0.01,
    "optimizer": "adam",
    "__timestamp__": 20201109084424,
    "verbose": 0,
    "epochs": 200,
    "steps": 311,
    "cpu_1": 0.08552328399928229,
    "cpu_10": 0.1065450101999886,
    "cpu_100": 0.7354948274001799,
    "gpu_1": 0.044232447600370504,
    "gpu_10": 0.030652557999565032,
    "gpu_100": 0.04738869839966355,
    "trainable_params": 245185,
    "non_trainable_params": 896,
    "total_params": 246081,
    "final_val_loss": 0.028218496590852737,
    "final_val_precision": 0.9661538600921631,
    "final_val_recall": 0.8997134566307068,
    "final_val_accuracy": 0.9930796027183533,
    "final_test_loss": 0.02553192898631096,
    "final_test_precision": 0.9546827673912048,
    "final_test_recall": 0.9054441452026367,
    "final_test_accuracy": 0.9927775859832764
}