{
    "dataset": "dataset_half_notrim_tensors",
    "train_split": 0.6,
    "val_split": 0.2,
    "test_split": 0.2,
    "sample_rate": 16000,
    "min_freq": 0,
    "max_freq": 8000,
    "pos_weight": 0.2,
    "conv_filters": 64,
    "conv_kernel_size": 5,
    "conv_stride": 1,
    "recurrent_cell": "bi-gru",
    "recurrent_layers": 2,
    "recurrent_units": 32,
    "batch_size": 64,
    "learning_rate": 0.001,
    "frame_size": 512,
    "frame_step": 256,
    "fft_size": 512,
    "mel_bins": 64,
    "max_time_mask": 10,
    "max_freq_mask": 10,
    "optimizer": "adam",
    "__timestamp__": 20201111102726,
    "verbose": 1,
    "epochs": 600,
    "steps": 311,
    "cpu_1": 0.2787016103997303,
    "cpu_10": 0.06601015040068887,
    "cpu_100": 0.35980786879954396,
    "gpu_1": 0.08285581300078775,
    "gpu_10": 0.039297897199867295,
    "gpu_100": 0.07209517100054655,
    "trainable_params": 58241,
    "non_trainable_params": 0.0,
    "total_params": 58241.0,
    "final_val_loss": 0.009049673564732075,
    "final_val_precision": 0.9941176176071167,
    "final_val_recall": 0.9684813618659973,
    "final_val_accuracy": 0.9980442523956299,
    "final_test_loss": 0.012079932726919651,
    "final_test_precision": 0.9825581312179565,
    "final_test_recall": 0.9684813618659973,
    "final_test_accuracy": 0.9974420666694641
}