{
    "dataset": "dataset_half_notrim_tensors",
    "train_split": 0.6,
    "val_split": 0.2,
    "test_split": 0.2,
    "sample_rate": 16000,
    "min_freq": 0,
    "max_freq": 8000,
    "pos_weight": 0.05253655894565806,
    "conv_filters": 64,
    "conv_kernel_size": 3,
    "conv_stride": 1,
    "recurrent_cell": "gru",
    "recurrent_layers": 4,
    "recurrent_units": 64,
    "batch_size": 128,
    "learning_rate": 0.00031622776601683794,
    "frame_size": 512,
    "frame_step": 256,
    "fft_size": 512,
    "mel_bins": 64,
    "max_time_mask": 10,
    "max_freq_mask": 10,
    "optimizer": "adam",
    "__timestamp__": 20201110153510,
    "verbose": 1,
    "epochs": 600,
    "steps": 155,
    "cpu_1": 0.2517632013999901,
    "cpu_10": 0.07179689860004146,
    "cpu_100": 0.38937099760005367,
    "gpu_1": 0.07370900319997417,
    "gpu_10": 0.036124981000011755,
    "gpu_100": 0.07270395999994435,
    "trainable_params": 112257,
    "non_trainable_params": 0.0,
    "total_params": 112257.0,
    "final_val_loss": 0.011471045203506947,
    "final_val_precision": 0.9940298795700073,
    "final_val_recall": 0.9541547298431396,
    "final_val_accuracy": 0.9972919821739197,
    "final_test_loss": 0.01005921047180891,
    "final_test_precision": 0.9766764044761658,
    "final_test_recall": 0.9598853588104248,
    "final_test_accuracy": 0.9966897368431091
}