{
    "dataset": "dataset_half_notrim_tensors",
    "train_split": 0.6,
    "val_split": 0.2,
    "test_split": 0.2,
    "sample_rate": 16000,
    "min_freq": 0,
    "max_freq": 8000,
    "pos_weight": 0.4,
    "conv_filters": 32,
    "conv_kernel_size": 5,
    "conv_stride": 3,
    "recurrent_cell": "bi-gru",
    "recurrent_layers": 3,
    "recurrent_units": 32,
    "batch_size": 128,
    "learning_rate": 0.001,
    "frame_size": 512,
    "frame_step": 256,
    "fft_size": 512,
    "mel_bins": 64,
    "max_time_mask": 10,
    "max_freq_mask": 10,
    "optimizer": "adam",
    "__timestamp__": 20201110153623,
    "verbose": 1,
    "epochs": 600,
    "steps": 155,
    "cpu_1": 0.3404561408000518,
    "cpu_10": 0.060299470400241265,
    "cpu_100": 0.33110899019993667,
    "gpu_1": 0.09306928939986392,
    "gpu_10": 0.03555493299991212,
    "gpu_100": 0.0682886906004569,
    "trainable_params": 60641,
    "non_trainable_params": 0.0,
    "total_params": 60641.0,
    "final_val_loss": 0.010376662947237492,
    "final_val_precision": 0.9882352948188782,
    "final_val_recall": 0.9627507328987122,
    "final_val_accuracy": 0.9974424839019775,
    "final_test_loss": 0.01153645571321249,
    "final_test_precision": 0.9710982441902161,
    "final_test_recall": 0.9627507328987122,
    "final_test_accuracy": 0.996539294719696
}