{
    "dataset": "dataset_half_notrim_tensors",
    "train_split": 0.6,
    "val_split": 0.2,
    "test_split": 0.2,
    "sample_rate": 16000,
    "min_freq": 0,
    "max_freq": 8000,
    "pos_weight": 0.4,
    "conv_filters": 32,
    "conv_kernel_size": 1,
    "conv_stride": 1,
    "recurrent_cell": "bi-gru",
    "recurrent_layers": 3,
    "recurrent_units": 64,
    "batch_size": 64,
    "learning_rate": 0.0001,
    "frame_size": 512,
    "frame_step": 256,
    "fft_size": 512,
    "mel_bins": 64,
    "max_time_mask": 10,
    "max_freq_mask": 10,
    "optimizer": "adam",
    "__timestamp__": 20201110144332,
    "verbose": 0,
    "epochs": 600,
    "steps": 311,
    "cpu_1": 0.3543800495999676,
    "cpu_10": 0.07631001200006722,
    "cpu_100": 0.41024895899981856,
    "gpu_1": 0.09804174220007553,
    "gpu_10": 0.04090479160004179,
    "gpu_100": 0.08545082999989972,
    "trainable_params": 188833,
    "non_trainable_params": 0.0,
    "total_params": 188833.0,
    "final_val_loss": 0.014992435462772846,
    "final_val_precision": 0.9650145769119263,
    "final_val_recall": 0.9484240412712097,
    "final_val_accuracy": 0.9954866766929626,
    "final_test_loss": 0.014859114773571491,
    "final_test_precision": 0.9593023061752319,
    "final_test_recall": 0.9455587267875671,
    "final_test_accuracy": 0.9950346350669861
}