{
    "dataset": "dataset_half_notrim_tensors",
    "train_split": 0.6,
    "val_split": 0.2,
    "test_split": 0.2,
    "sample_rate": 16000,
    "min_freq": 0,
    "max_freq": 8000,
    "pos_weight": 0.5,
    "conv_filters": 32,
    "conv_kernel_size": 5,
    "conv_stride": 1,
    "recurrent_cell": "bi-gru",
    "recurrent_layers": 4,
    "recurrent_units": 128,
    "batch_size": 64,
    "learning_rate": 0.00031622776601683794,
    "frame_size": 512,
    "frame_step": 256,
    "fft_size": 512,
    "mel_bins": 64,
    "max_time_mask": 10,
    "max_freq_mask": 10,
    "optimizer": "adam",
    "__timestamp__": 20201110211033,
    "verbose": 1,
    "epochs": 600,
    "steps": 311,
    "cpu_1": 0.4984588340004848,
    "cpu_10": 0.13185702479895553,
    "cpu_100": 0.8293342998003936,
    "gpu_1": 0.13438122099905742,
    "gpu_10": 0.048297214599733705,
    "gpu_100": 0.10594825580192264,
    "trainable_params": 1024289,
    "non_trainable_params": 0.0,
    "total_params": 1024289.0,
    "final_val_loss": 0.008597836829721928,
    "final_val_precision": 0.9797101616859436,
    "final_val_recall": 0.9684813618659973,
    "final_val_accuracy": 0.9972919821739197,
    "final_test_loss": 0.009979461319744587,
    "final_test_precision": 0.9883720874786377,
    "final_test_recall": 0.9742120504379272,
    "final_test_accuracy": 0.998043954372406
}