{
    "dataset": "dataset_half_notrim_tensors",
    "train_split": 0.6,
    "val_split": 0.2,
    "test_split": 0.2,
    "sample_rate": 16000,
    "min_freq": 0,
    "max_freq": 8000,
    "pos_weight": 0.2,
    "conv_filters": 32,
    "conv_kernel_size": 5,
    "conv_stride": 2,
    "recurrent_cell": "bi-gru",
    "recurrent_layers": 3,
    "recurrent_units": 128,
    "batch_size": 128,
    "learning_rate": 0.001,
    "frame_size": 512,
    "frame_step": 256,
    "fft_size": 512,
    "mel_bins": 64,
    "max_time_mask": 10,
    "max_freq_mask": 10,
    "optimizer": "adam",
    "__timestamp__": 20201110205729,
    "verbose": 1,
    "epochs": 600,
    "steps": 155,
    "cpu_1": 0.3704752546007512,
    "cpu_10": 0.08473492759949294,
    "cpu_100": 0.4979790285993658,
    "gpu_1": 0.10443471200123895,
    "gpu_10": 0.03865760179978679,
    "gpu_100": 0.07180754840010195,
    "trainable_params": 727841,
    "non_trainable_params": 0.0,
    "total_params": 727841.0,
    "final_val_loss": 0.008154707960784435,
    "final_val_precision": 0.9883381724357605,
    "final_val_recall": 0.9713466763496399,
    "final_val_accuracy": 0.9978938102722168,
    "final_test_loss": 0.01056347880512476,
    "final_test_precision": 0.979651153087616,
    "final_test_recall": 0.9656160473823547,
    "final_test_accuracy": 0.9971411228179932
}