{
    "dataset": "dataset_half_notrim_tensors",
    "train_split": 0.6,
    "val_split": 0.2,
    "test_split": 0.2,
    "sample_rate": 16000,
    "min_freq": 0,
    "max_freq": 8000,
    "pos_weight": 0.05253655894565806,
    "conv_filters": 64,
    "conv_kernel_size": 1,
    "conv_stride": 2,
    "recurrent_cell": "bi-gru",
    "recurrent_layers": 4,
    "recurrent_units": 32,
    "batch_size": 256,
    "learning_rate": 0.001,
    "frame_size": 512,
    "frame_step": 256,
    "fft_size": 512,
    "mel_bins": 64,
    "max_time_mask": 10,
    "max_freq_mask": 10,
    "optimizer": "adam",
    "__timestamp__": 20201110174554,
    "verbose": 1,
    "epochs": 600,
    "steps": 77,
    "cpu_1": 0.4458529352003097,
    "cpu_10": 0.06839518479973776,
    "cpu_100": 0.3497227820000262,
    "gpu_1": 0.11746086780040059,
    "gpu_10": 0.03953305079994607,
    "gpu_100": 0.0850393452008575,
    "trainable_params": 79489,
    "non_trainable_params": 0.0,
    "total_params": 79489.0,
    "final_val_loss": 0.009593591094017029,
    "final_val_precision": 0.9826086759567261,
    "final_val_recall": 0.9713466763496399,
    "final_val_accuracy": 0.9975929260253906,
    "final_test_loss": 0.011876095086336136,
    "final_test_precision": 0.9681159257888794,
    "final_test_recall": 0.9570200443267822,
    "final_test_accuracy": 0.9960878491401672
}