{
    "dataset": "dataset_half_notrim_tensors",
    "train_split": 0.6,
    "val_split": 0.2,
    "test_split": 0.2,
    "sample_rate": 16000,
    "min_freq": 0,
    "max_freq": 8000,
    "pos_weight": 0.5,
    "frame_size": 128,
    "frame_step": 128,
    "fft_size": 2048,
    "mel_bins": 32,
    "max_time_mask": 10,
    "max_freq_mask": 10,
    "conv_layers": 4,
    "conv_filters": 32,
    "conv_kernel_size": 5,
    "conv_stride": 1,
    "maxpool_size": 1,
    "dense_layers": 2,
    "dense_units": 64,
    "dropout": 0.1867369915071903,
    "batch_size": 64,
    "learning_rate": 0.00031622776601683794,
    "optimizer": "adam",
    "__timestamp__": 20201109080002,
    "verbose": 0,
    "epochs": 200,
    "steps": 311,
    "cpu_1": 0.10916775659970882,
    "cpu_10": 0.31062685619981495,
    "cpu_100": 2.8032253318000584,
    "gpu_1": 0.047189304199491744,
    "gpu_10": 0.03472909039919614,
    "gpu_100": 0.05419911819990375,
    "trainable_params": 2009633,
    "non_trainable_params": 960,
    "total_params": 2010593,
    "final_val_loss": 0.029324650764465332,
    "final_val_precision": 0.9759036302566528,
    "final_val_recall": 0.9283667802810669,
    "final_val_accuracy": 0.9950353503227234,
    "final_test_loss": 0.030524272471666336,
    "final_test_precision": 0.9556213021278381,
    "final_test_recall": 0.9255014061927795,
    "final_test_accuracy": 0.9938308596611023
}