{
    "dataset": "dataset_half_notrim_tensors",
    "train_split": 0.6,
    "val_split": 0.2,
    "test_split": 0.2,
    "sample_rate": 16000,
    "min_freq": 0,
    "max_freq": 8000,
    "pos_weight": 0.3,
    "frame_size": 128,
    "frame_step": 128,
    "fft_size": 1024,
    "mel_bins": 128,
    "max_time_mask": 10,
    "max_freq_mask": 10,
    "conv_filters": 64,
    "conv_kernel_size": 3,
    "conv_stride": 3,
    "recurrent_cell": "lstm",
    "recurrent_layers": 3,
    "recurrent_units": 128,
    "batch_size": 128,
    "learning_rate": 0.00031622776601683794,
    "optimizer": "adam",
    "__timestamp__": 20201109051410,
    "verbose": 0,
    "epochs": 200,
    "steps": 155,
    "cpu_1": 0.24072699100006503,
    "cpu_10": 0.17778916699999173,
    "cpu_100": 1.3648773478000293,
    "gpu_1": 0.066495549199999,
    "gpu_10": 0.032772918000046045,
    "gpu_100": 0.05795878180001637,
    "trainable_params": 386753,
    "non_trainable_params": 0.0,
    "total_params": 386753.0,
    "final_val_loss": 0.01261285413056612,
    "final_val_precision": 0.988095223903656,
    "final_val_recall": 0.9512894153594971,
    "final_val_accuracy": 0.9968406558036804,
    "final_test_loss": 0.016079407185316086,
    "final_test_precision": 0.9680232405662537,
    "final_test_recall": 0.9541547298431396,
    "final_test_accuracy": 0.9959374070167542
}