{
    "dataset": "dataset_half_notrim_tensors",
    "train_split": 0.6,
    "val_split": 0.2,
    "test_split": 0.2,
    "sample_rate": 16000,
    "min_freq": 0,
    "max_freq": 8000,
    "pos_weight": 0.1,
    "conv_layers": 1,
    "conv_filters": 32,
    "conv_kernel_size": 5,
    "conv_stride": 3,
    "maxpool_size": 1,
    "dense_layers": 2,
    "dense_units": 64,
    "dropout": 0.16101139113007698,
    "batch_size": 256,
    "learning_rate": 0.00031622776601683794,
    "frame_size": 512,
    "frame_step": 256,
    "fft_size": 512,
    "mel_bins": 64,
    "max_time_mask": 10,
    "max_freq_mask": 10,
    "optimizer": "adam",
    "__timestamp__": 20201111035016,
    "verbose": 0,
    "epochs": 200,
    "steps": 77,
    "cpu_1": 0.07361359440001251,
    "cpu_10": 0.06057791859984718,
    "cpu_100": 0.31489121499998873,
    "gpu_1": 0.039332688600006806,
    "gpu_10": 0.031036773399864614,
    "gpu_100": 0.04091602300013619,
    "trainable_params": 51425,
    "non_trainable_params": 64,
    "total_params": 51489,
    "final_val_loss": 0.02862689085304737,
    "final_val_precision": 0.9577039480209351,
    "final_val_recall": 0.9083094596862793,
    "final_val_accuracy": 0.9930796027183533,
    "final_test_loss": 0.031516142189502716,
    "final_test_precision": 0.9693251252174377,
    "final_test_recall": 0.9054441452026367,
    "final_test_accuracy": 0.9935299158096313
}