{
    "dataset": "dataset_half_notrim_tensors",
    "train_split": 0.6,
    "val_split": 0.2,
    "test_split": 0.2,
    "sample_rate": 16000,
    "min_freq": 0,
    "max_freq": 8000,
    "pos_weight": 0.3,
    "conv_filters": 64,
    "conv_kernel_size": 5,
    "conv_stride": 3,
    "recurrent_cell": "bi-gru",
    "recurrent_layers": 4,
    "recurrent_units": 64,
    "batch_size": 256,
    "learning_rate": 0.00031622776601683794,
    "frame_size": 512,
    "frame_step": 256,
    "fft_size": 512,
    "mel_bins": 64,
    "max_time_mask": 10,
    "max_freq_mask": 10,
    "optimizer": "adam",
    "__timestamp__": 20201110175447,
    "verbose": 1,
    "epochs": 600,
    "steps": 77,
    "cpu_1": 0.45654396600002656,
    "cpu_10": 0.06608612000018184,
    "cpu_100": 0.3549018909994629,
    "gpu_1": 0.11470192839988158,
    "gpu_10": 0.040438334999998916,
    "gpu_100": 0.07849305460003961,
    "trainable_params": 294081,
    "non_trainable_params": 0.0,
    "total_params": 294081.0,
    "final_val_loss": 0.011784277856349945,
    "final_val_precision": 0.98525071144104,
    "final_val_recall": 0.9570200443267822,
    "final_val_accuracy": 0.9969910979270935,
    "final_test_loss": 0.010744806379079819,
    "final_test_precision": 0.9794721603393555,
    "final_test_recall": 0.9570200443267822,
    "final_test_accuracy": 0.9966897368431091
}