{
    "dataset": "dataset_half_notrim_tensors",
    "train_split": 0.6,
    "val_split": 0.2,
    "test_split": 0.2,
    "sample_rate": 16000,
    "min_freq": 0,
    "max_freq": 8000,
    "pos_weight": 0.3,
    "frame_size": 256,
    "frame_step": 256,
    "fft_size": 256,
    "mel_bins": 32,
    "max_time_mask": 10,
    "max_freq_mask": 10,
    "conv_layers": 2,
    "conv_filters": 32,
    "conv_kernel_size": 3,
    "conv_stride": 1,
    "maxpool_size": 5,
    "dense_layers": 1,
    "dense_units": 64,
    "dropout": 0.17937527901078876,
    "batch_size": 128,
    "learning_rate": 0.001,
    "optimizer": "adam",
    "__timestamp__": 20201109084125,
    "verbose": 0,
    "epochs": 200,
    "steps": 155,
    "cpu_1": 0.07005815660013467,
    "cpu_10": 0.04323514480020094,
    "cpu_100": 0.16867869240013533,
    "gpu_1": 0.0426008747999731,
    "gpu_10": 0.030078287799915414,
    "gpu_100": 0.0474298249999265,
    "trainable_params": 17825,
    "non_trainable_params": 192,
    "total_params": 18017,
    "final_val_loss": 0.014128996059298515,
    "final_val_precision": 0.9734513163566589,
    "final_val_recall": 0.9455587267875671,
    "final_val_accuracy": 0.9957875609397888,
    "final_test_loss": 0.014422115869820118,
    "final_test_precision": 0.9707602262496948,
    "final_test_recall": 0.9512894153594971,
    "final_test_accuracy": 0.9959374070167542
}