{
    "dataset": "dataset_half_notrim_tensors",
    "train_split": 0.6,
    "val_split": 0.2,
    "test_split": 0.2,
    "sample_rate": 16000,
    "min_freq": 0,
    "max_freq": 8000,
    "pos_weight": 0.2,
    "conv_filters": 32,
    "conv_kernel_size": 3,
    "conv_stride": 3,
    "recurrent_cell": "bi-gru",
    "recurrent_layers": 4,
    "recurrent_units": 32,
    "batch_size": 128,
    "learning_rate": 0.00031622776601683794,
    "frame_size": 512,
    "frame_step": 256,
    "fft_size": 512,
    "mel_bins": 64,
    "max_time_mask": 10,
    "max_freq_mask": 10,
    "optimizer": "adam",
    "__timestamp__": 20201110225546,
    "verbose": 1,
    "epochs": 600,
    "steps": 155,
    "cpu_1": 0.6183726358016429,
    "cpu_10": 0.17049700599964127,
    "cpu_100": 0.7143341905997659,
    "gpu_1": 0.2250792849998106,
    "gpu_10": 0.06870992819967796,
    "gpu_100": 0.13020995300030336,
    "trainable_params": 75361,
    "non_trainable_params": 0.0,
    "total_params": 75361.0,
    "final_val_loss": 0.011592750437557697,
    "final_val_precision": 0.9766082167625427,
    "final_val_recall": 0.9570200443267822,
    "final_val_accuracy": 0.9965397715568542,
    "final_test_loss": 0.012130457907915115,
    "final_test_precision": 0.9737609624862671,
    "final_test_recall": 0.9570200443267822,
    "final_test_accuracy": 0.9963887929916382
}