{
    "dataset": "dataset_half_notrim_tensors",
    "train_split": 0.6,
    "val_split": 0.2,
    "test_split": 0.2,
    "sample_rate": 16000,
    "min_freq": 0,
    "max_freq": 8000,
    "pos_weight": 0.05253655894565806,
    "conv_filters": 32,
    "conv_kernel_size": 5,
    "conv_stride": 3,
    "recurrent_cell": "gru",
    "recurrent_layers": 2,
    "recurrent_units": 32,
    "batch_size": 256,
    "learning_rate": 3.1622776601683795e-05,
    "frame_size": 512,
    "frame_step": 256,
    "fft_size": 512,
    "mel_bins": 64,
    "max_time_mask": 10,
    "max_freq_mask": 10,
    "optimizer": "adam",
    "__timestamp__": 20201110165419,
    "verbose": 1,
    "epochs": 600,
    "steps": 77,
    "cpu_1": 0.16439451100013686,
    "cpu_10": 0.06130291540011967,
    "cpu_100": 0.3497120926000207,
    "gpu_1": 0.057648412600065056,
    "gpu_10": 0.03247371279994695,
    "gpu_100": 0.0520457096001337,
    "trainable_params": 22977,
    "non_trainable_params": 0.0,
    "total_params": 22977.0,
    "final_val_loss": 0.025451021268963814,
    "final_val_precision": 0.9638554453849792,
    "final_val_recall": 0.9169054627418518,
    "final_val_accuracy": 0.9938318133354187,
    "final_test_loss": 0.024165740236639977,
    "final_test_precision": 0.9522387981414795,
    "final_test_recall": 0.9140400886535645,
    "final_test_accuracy": 0.9930785298347473
}