{
    "dataset": "dataset_half_notrim_tensors",
    "train_split": 0.6,
    "val_split": 0.2,
    "test_split": 0.2,
    "sample_rate": 16000,
    "min_freq": 0,
    "max_freq": 8000,
    "pos_weight": 0.4,
    "frame_size": 256,
    "frame_step": 256,
    "fft_size": 512,
    "mel_bins": 16,
    "max_time_mask": 10,
    "max_freq_mask": 10,
    "conv_filters": 32,
    "conv_kernel_size": 3,
    "conv_stride": 3,
    "recurrent_cell": "bi-gru",
    "recurrent_layers": 3,
    "recurrent_units": 64,
    "batch_size": 256,
    "learning_rate": 0.001,
    "optimizer": "adam",
    "__timestamp__": 20201109052829,
    "verbose": 0,
    "epochs": 200,
    "steps": 77,
    "cpu_1": 0.3451724201999241,
    "cpu_10": 0.06208097119988452,
    "cpu_100": 0.34337410359994464,
    "gpu_1": 0.09058026160000736,
    "gpu_10": 0.037124299399965824,
    "gpu_100": 0.07339095139986966,
    "trainable_params": 188321,
    "non_trainable_params": 0.0,
    "total_params": 188321.0,
    "final_val_loss": 0.010457850992679596,
    "final_val_precision": 0.9880596995353699,
    "final_val_recall": 0.9484240412712097,
    "final_val_accuracy": 0.9966902136802673,
    "final_test_loss": 0.016049278900027275,
    "final_test_precision": 0.9852070808410645,
    "final_test_recall": 0.9541547298431396,
    "final_test_accuracy": 0.9968401789665222
}