{
    "num_epochs": 100,
    "dataset": "dataset_half_notrim_tensors",
    "train_split": 0.6,
    "val_split": 0.2,
    "test_split": 0.2,
    "sample_rate": 16000,
    "min_freq": 0,
    "max_freq": 8000,
    "n_timesteps": 8,
    "conv_filters": 64,
    "conv_kernel_size": 24,
    "conv_stride": 3,
    "recurrent_cell": "bi-gru",
    "recurrent_layers": 1,
    "recurrent_units": 128,
    "batch_size": 256,
    "learning_rate": 0.00031622776601683794,
    "pos_weight": 0.1,
    "optimizer": "adam",
    "__timestamp__": 20201115043504,
    "verbose": 0,
    "epochs": 100,
    "steps": 77,
    "cpu_1": 0.16188889400000334,
    "cpu_10": 0.09707169920002343,
    "cpu_100": 0.5717297055998642,
    "gpu_1": 0.07664355920023809,
    "gpu_10": 0.05591179660023045,
    "gpu_100": 0.14065489080021507,
    "trainable_params": 161601,
    "non_trainable_params": 0.0,
    "total_params": 161601.0,
    "final_val_loss": 0.041448481380939484,
    "final_val_precision": 0.8875739574432373,
    "final_val_recall": 0.8595988750457764,
    "final_val_accuracy": 0.986911416053772,
    "final_test_loss": 0.05430961027741432,
    "final_test_precision": 0.8676470518112183,
    "final_test_recall": 0.8452721834182739,
    "final_test_accuracy": 0.9851038455963135
}