{
    "dataset": "dataset_half_notrim_tensors",
    "train_split": 0.6,
    "val_split": 0.2,
    "test_split": 0.2,
    "sample_rate": 16000,
    "min_freq": 0,
    "max_freq": 8000,
    "pos_weight": 0.5,
    "conv_filters": 32,
    "conv_kernel_size": 5,
    "conv_stride": 2,
    "recurrent_cell": "gru",
    "recurrent_layers": 2,
    "recurrent_units": 64,
    "batch_size": 128,
    "learning_rate": 0.00031622776601683794,
    "frame_size": 512,
    "frame_step": 256,
    "fft_size": 512,
    "mel_bins": 64,
    "max_time_mask": 10,
    "max_freq_mask": 10,
    "optimizer": "adam",
    "__timestamp__": 20201110173606,
    "verbose": 1,
    "epochs": 600,
    "steps": 155,
    "cpu_1": 0.1664973351998924,
    "cpu_10": 0.06439979680035321,
    "cpu_100": 0.34287452539974766,
    "gpu_1": 0.06100948920029623,
    "gpu_10": 0.03381235940105398,
    "gpu_100": 0.04893770640010189,
    "trainable_params": 54113,
    "non_trainable_params": 0.0,
    "total_params": 54113.0,
    "final_val_loss": 0.009717459790408611,
    "final_val_precision": 0.9827089309692383,
    "final_val_recall": 0.9770773649215698,
    "final_val_accuracy": 0.9978938102722168,
    "final_test_loss": 0.010036897845566273,
    "final_test_precision": 0.9604519605636597,
    "final_test_recall": 0.9742120504379272,
    "final_test_accuracy": 0.996539294719696
}