{
    "dataset": "dataset_half_notrim_tensors",
    "train_split": 0.6,
    "val_split": 0.2,
    "test_split": 0.2,
    "sample_rate": 16000,
    "min_freq": 0,
    "max_freq": 8000,
    "pos_weight": 0.1,
    "conv_filters": 64,
    "conv_kernel_size": 5,
    "conv_stride": 3,
    "recurrent_cell": "bi-gru",
    "recurrent_layers": 2,
    "recurrent_units": 128,
    "batch_size": 64,
    "learning_rate": 0.001,
    "frame_size": 512,
    "frame_step": 256,
    "fft_size": 512,
    "mel_bins": 64,
    "max_time_mask": 10,
    "max_freq_mask": 10,
    "optimizer": "adam",
    "__timestamp__": 20201111041146,
    "verbose": 1,
    "epochs": 600,
    "steps": 311,
    "cpu_1": 0.6071054265999919,
    "cpu_10": 0.07162836559964489,
    "cpu_100": 0.43538666539989207,
    "gpu_1": 0.07972054079982627,
    "gpu_10": 0.03667882579993602,
    "gpu_100": 0.0629361807999885,
    "trainable_params": 466241,
    "non_trainable_params": 0.0,
    "total_params": 466241.0,
    "final_val_loss": 0.009094558656215668,
    "final_val_precision": 0.9882698059082031,
    "final_val_recall": 0.9656160473823547,
    "final_val_accuracy": 0.9975929260253906,
    "final_test_loss": 0.011320293880999088,
    "final_test_precision": 0.9795918464660645,
    "final_test_recall": 0.9627507328987122,
    "final_test_accuracy": 0.9969906806945801
}