{
    "dataset": "dataset_half_notrim_tensors",
    "train_split": 0.6,
    "val_split": 0.2,
    "test_split": 0.2,
    "sample_rate": 16000,
    "min_freq": 0,
    "max_freq": 8000,
    "pos_weight": 0.05253655894565806,
    "conv_filters": 64,
    "conv_kernel_size": 1,
    "conv_stride": 2,
    "recurrent_cell": "gru",
    "recurrent_layers": 2,
    "recurrent_units": 32,
    "batch_size": 256,
    "learning_rate": 0.00031622776601683794,
    "frame_size": 512,
    "frame_step": 256,
    "fft_size": 512,
    "mel_bins": 64,
    "max_time_mask": 10,
    "max_freq_mask": 10,
    "optimizer": "adam",
    "__timestamp__": 20201110180026,
    "verbose": 1,
    "epochs": 600,
    "steps": 77,
    "cpu_1": 0.36562542979954743,
    "cpu_10": 0.06361338900023839,
    "cpu_100": 0.35167496120011493,
    "gpu_1": 0.059325593399626085,
    "gpu_10": 0.03273751060005452,
    "gpu_100": 0.05055216780019691,
    "trainable_params": 19937,
    "non_trainable_params": 0.0,
    "total_params": 19937.0,
    "final_val_loss": 0.017745643854141235,
    "final_val_precision": 0.9706745147705078,
    "final_val_recall": 0.9484240412712097,
    "final_val_accuracy": 0.9957875609397888,
    "final_test_loss": 0.018136058002710342,
    "final_test_precision": 0.9620991349220276,
    "final_test_recall": 0.9455587267875671,
    "final_test_accuracy": 0.9951850771903992
}