{
    "dataset": "dataset_half_notrim_tensors",
    "train_split": 0.6,
    "val_split": 0.2,
    "test_split": 0.2,
    "sample_rate": 16000,
    "min_freq": 0,
    "max_freq": 8000,
    "pos_weight": 0.4,
    "conv_filters": 64,
    "conv_kernel_size": 5,
    "conv_stride": 1,
    "recurrent_cell": "bi-gru",
    "recurrent_layers": 3,
    "recurrent_units": 128,
    "batch_size": 256,
    "learning_rate": 0.00031622776601683794,
    "frame_size": 512,
    "frame_step": 256,
    "fft_size": 512,
    "mel_bins": 64,
    "max_time_mask": 10,
    "max_freq_mask": 10,
    "optimizer": "adam",
    "__timestamp__": 20201110152739,
    "verbose": 1,
    "epochs": 600,
    "steps": 77,
    "cpu_1": 0.41758282179998785,
    "cpu_10": 0.11170759880001242,
    "cpu_100": 0.6903443795999692,
    "gpu_1": 0.09162386499999683,
    "gpu_10": 0.042429399399998145,
    "gpu_100": 0.08544893840000896,
    "trainable_params": 762689,
    "non_trainable_params": 0.0,
    "total_params": 762689.0,
    "final_val_loss": 0.008617551065981388,
    "final_val_precision": 0.9883381724357605,
    "final_val_recall": 0.9713466763496399,
    "final_val_accuracy": 0.9978938102722168,
    "final_test_loss": 0.012144112028181553,
    "final_test_precision": 0.9940476417541504,
    "final_test_recall": 0.9570200443267822,
    "final_test_accuracy": 0.9974420666694641
}