{
    "num_epochs": 100,
    "dataset": "dataset_half_notrim_tensors",
    "train_split": 0.6,
    "val_split": 0.2,
    "test_split": 0.2,
    "sample_rate": 16000,
    "min_freq": 0,
    "max_freq": 8000,
    "n_timesteps": 10,
    "conv_filters": 32,
    "conv_kernel_size": 5,
    "conv_stride": 4,
    "recurrent_cell": "gru",
    "recurrent_layers": 3,
    "recurrent_units": 32,
    "batch_size": 64,
    "learning_rate": 0.00031622776601683794,
    "pos_weight": 0.1,
    "optimizer": "adam",
    "__timestamp__": 20201115034709,
    "verbose": 0,
    "epochs": 100,
    "steps": 311,
    "cpu_1": 0.19016727780008297,
    "cpu_10": 0.11637242139995578,
    "cpu_100": 0.2016381297999942,
    "gpu_1": 0.07494648159999998,
    "gpu_10": 0.05282253880004646,
    "gpu_100": 0.13545264459989995,
    "trainable_params": 20673,
    "non_trainable_params": 0.0,
    "total_params": 20673.0,
    "final_val_loss": 0.03152688592672348,
    "final_val_precision": 0.9520958065986633,
    "final_val_recall": 0.9111747741699219,
    "final_val_accuracy": 0.9929291605949402,
    "final_test_loss": 0.03521367907524109,
    "final_test_precision": 0.8901408314704895,
    "final_test_recall": 0.9054441452026367,
    "final_test_accuracy": 0.9891664385795593
}