{
    "dataset": "dataset_half_notrim_tensors",
    "train_split": 0.6,
    "val_split": 0.2,
    "test_split": 0.2,
    "sample_rate": 16000,
    "min_freq": 0,
    "max_freq": 8000,
    "pos_weight": 0.1,
    "conv_layers": 1,
    "conv_filters": 64,
    "conv_kernel_size": 5,
    "conv_stride": 2,
    "maxpool_size": 1,
    "dense_layers": 3,
    "dense_units": 64,
    "dropout": 0.1903628876656974,
    "batch_size": 64,
    "learning_rate": 3.1622776601683795e-05,
    "frame_size": 512,
    "frame_step": 256,
    "fft_size": 512,
    "mel_bins": 64,
    "max_time_mask": 10,
    "max_freq_mask": 10,
    "optimizer": "adam",
    "__timestamp__": 20201111030051,
    "verbose": 0,
    "epochs": 200,
    "steps": 311,
    "cpu_1": 0.0661025603998496,
    "cpu_10": 0.05733555480019277,
    "cpu_100": 0.31388382620007177,
    "gpu_1": 0.03873214380000718,
    "gpu_10": 0.029057318000013765,
    "gpu_100": 0.04171488439988025,
    "trainable_params": 142145,
    "non_trainable_params": 128,
    "total_params": 142273,
    "final_val_loss": 0.03504704311490059,
    "final_val_precision": 0.9593750238418579,
    "final_val_recall": 0.8796561360359192,
    "final_val_accuracy": 0.9917255640029907,
    "final_test_loss": 0.033637937158346176,
    "final_test_precision": 0.944615364074707,
    "final_test_recall": 0.8796561360359192,
    "final_test_accuracy": 0.9909720420837402
}