{
    "dataset": "dataset_half_notrim_tensors",
    "train_split": 0.6,
    "val_split": 0.2,
    "test_split": 0.2,
    "sample_rate": 16000,
    "min_freq": 0,
    "max_freq": 8000,
    "pos_weight": 0.4,
    "frame_size": 512,
    "frame_step": 256,
    "fft_size": 2048,
    "mel_bins": 16,
    "max_time_mask": 10,
    "max_freq_mask": 10,
    "conv_layers": 2,
    "conv_filters": 64,
    "conv_kernel_size": 3,
    "conv_stride": 1,
    "maxpool_size": 3,
    "dense_layers": 3,
    "dense_units": 64,
    "dropout": 0.11608790134524666,
    "batch_size": 128,
    "learning_rate": 3.1622776601683795e-05,
    "optimizer": "adam",
    "__timestamp__": 20201109065331,
    "verbose": 0,
    "epochs": 200,
    "steps": 155,
    "cpu_1": 0.08437913939997088,
    "cpu_10": 0.16846170560020254,
    "cpu_100": 1.3844898203999036,
    "gpu_1": 0.04127449640000123,
    "gpu_10": 0.03076772880012868,
    "gpu_100": 0.042877707200023,
    "trainable_params": 71873,
    "non_trainable_params": 384,
    "total_params": 72257,
    "final_val_loss": 0.08520135283470154,
    "final_val_precision": 0.6266416311264038,
    "final_val_recall": 0.9570200443267822,
    "final_val_accuracy": 0.967805027961731,
    "final_test_loss": 0.088093601167202,
    "final_test_precision": 0.6098003387451172,
    "final_test_recall": 0.9627507328987122,
    "final_test_accuracy": 0.9656936526298523
}