{
    "dataset": "dataset_half_notrim_tensors",
    "train_split": 0.6,
    "val_split": 0.2,
    "test_split": 0.2,
    "sample_rate": 16000,
    "min_freq": 0,
    "max_freq": 8000,
    "pos_weight": 0.5,
    "frame_size": 128,
    "frame_step": 128,
    "fft_size": 512,
    "mel_bins": 128,
    "max_time_mask": 10,
    "max_freq_mask": 10,
    "conv_layers": 4,
    "conv_filters": 64,
    "conv_kernel_size": 3,
    "conv_stride": 3,
    "maxpool_size": 1,
    "dense_layers": 1,
    "dense_units": 64,
    "dropout": 0.1196022115305046,
    "batch_size": 64,
    "learning_rate": 0.0031622776601683794,
    "optimizer": "adam",
    "__timestamp__": 20201109094326,
    "verbose": 0,
    "epochs": 200,
    "steps": 311,
    "cpu_1": 0.0845541445982235,
    "cpu_10": 0.0860335486002441,
    "cpu_100": 0.6058732383986353,
    "gpu_1": 0.04246787520023645,
    "gpu_10": 0.029451282599620755,
    "gpu_100": 0.042041097999754126,
    "trainable_params": 576449,
    "non_trainable_params": 1920,
    "total_params": 578369,
    "final_val_loss": 0.061814289540052414,
    "final_val_precision": 0.9014925360679626,
    "final_val_recall": 0.8653295040130615,
    "final_val_accuracy": 0.9879645109176636,
    "final_test_loss": 0.06254617869853973,
    "final_test_precision": 0.9415584206581116,
    "final_test_recall": 0.8309455513954163,
    "final_test_accuracy": 0.9884141087532043
}