{
    "dataset": "dataset_half_notrim_tensors",
    "train_split": 0.6,
    "val_split": 0.2,
    "test_split": 0.2,
    "sample_rate": 16000,
    "min_freq": 0,
    "max_freq": 8000,
    "pos_weight": 0.3,
    "conv_filters": 32,
    "conv_kernel_size": 5,
    "conv_stride": 3,
    "recurrent_cell": "bi-gru",
    "recurrent_layers": 3,
    "recurrent_units": 64,
    "batch_size": 256,
    "learning_rate": 0.001,
    "frame_size": 512,
    "frame_step": 256,
    "fft_size": 512,
    "mel_bins": 64,
    "max_time_mask": 10,
    "max_freq_mask": 10,
    "optimizer": "adam",
    "__timestamp__": 20201111103541,
    "verbose": 1,
    "epochs": 600,
    "steps": 77,
    "cpu_1": 0.3844931988001917,
    "cpu_10": 0.0673483173995919,
    "cpu_100": 0.3750067200002377,
    "gpu_1": 0.1024597661998996,
    "gpu_10": 0.03746386179991532,
    "gpu_100": 0.07477088720115717,
    "trainable_params": 197025,
    "non_trainable_params": 0.0,
    "total_params": 197025.0,
    "final_val_loss": 0.010818932205438614,
    "final_val_precision": 0.9940476417541504,
    "final_val_recall": 0.9570200443267822,
    "final_val_accuracy": 0.9974424839019775,
    "final_test_loss": 0.013516598381102085,
    "final_test_precision": 0.9821958541870117,
    "final_test_recall": 0.9484240412712097,
    "final_test_accuracy": 0.9963887929916382
}