{
    "dataset": "dataset_half_notrim_tensors",
    "train_split": 0.6,
    "val_split": 0.2,
    "test_split": 0.2,
    "sample_rate": 16000,
    "min_freq": 0,
    "max_freq": 8000,
    "pos_weight": 0.3,
    "frame_size": 256,
    "frame_step": 128,
    "fft_size": 512,
    "mel_bins": 64,
    "max_time_mask": 10,
    "max_freq_mask": 10,
    "conv_layers": 1,
    "conv_filters": 64,
    "conv_kernel_size": 3,
    "conv_stride": 1,
    "maxpool_size": 1,
    "dense_layers": 2,
    "dense_units": 64,
    "dropout": 0.16130172385540278,
    "batch_size": 128,
    "learning_rate": 3.1622776601683795e-05,
    "optimizer": "adam",
    "__timestamp__": 20201109085043,
    "verbose": 0,
    "epochs": 200,
    "steps": 155,
    "cpu_1": 0.24830540940020002,
    "cpu_10": 0.08518471099996532,
    "cpu_100": 0.6001629597998545,
    "gpu_1": 0.03773393119990942,
    "gpu_10": 0.031728853999447894,
    "gpu_100": 0.044323470999370326,
    "trainable_params": 514369,
    "non_trainable_params": 128,
    "total_params": 514497,
    "final_val_loss": 0.044237785041332245,
    "final_val_precision": 0.8905325531959534,
    "final_val_recall": 0.862464189529419,
    "final_val_accuracy": 0.9872123003005981,
    "final_test_loss": 0.041626978665590286,
    "final_test_precision": 0.8774929046630859,
    "final_test_recall": 0.8825215101242065,
    "final_test_accuracy": 0.9873608350753784
}