{
    "num_epochs": 65,
    "dataset": "dataset_half_notrim_tensors",
    "train_split": 0.6,
    "val_split": 0.2,
    "test_split": 0.2,
    "sample_rate": 16000,
    "min_freq": 0,
    "max_freq": 8000,
    "n_timesteps": 32,
    "conv_filters": 32,
    "conv_kernel_size": 5,
    "conv_stride": 3,
    "recurrent_cell": "bi-gru",
    "recurrent_layers": 2,
    "recurrent_units": 128,
    "batch_size": 128,
    "learning_rate": 0.00031622776601683794,
    "pos_weight": 0.1,
    "optimizer": "adam",
    "__timestamp__": 20201115035756,
    "verbose": 0,
    "epochs": 100,
    "steps": 155,
    "cpu_1": 0.275439918399934,
    "cpu_10": 0.10444157459996858,
    "cpu_100": 0.601222934999987,
    "gpu_1": 0.08666733999998541,
    "gpu_10": 0.04725163840003006,
    "gpu_100": 0.11329720159997123,
    "trainable_params": 426273,
    "non_trainable_params": 0.0,
    "total_params": 426273.0,
    "final_val_loss": 0.04154815152287483,
    "final_val_precision": 0.8805555701255798,
    "final_val_recall": 0.9083094596862793,
    "final_val_accuracy": 0.988716721534729,
    "final_test_loss": 0.03816269338130951,
    "final_test_precision": 0.8876404762268066,
    "final_test_recall": 0.9054441452026367,
    "final_test_accuracy": 0.9890159368515015
}