{
    "dataset": "dataset_half_notrim_tensors",
    "train_split": 0.6,
    "val_split": 0.2,
    "test_split": 0.2,
    "sample_rate": 16000,
    "min_freq": 0,
    "max_freq": 8000,
    "pos_weight": 0.3,
    "frame_size": 512,
    "frame_step": 256,
    "fft_size": 1024,
    "mel_bins": 64,
    "max_time_mask": 10,
    "max_freq_mask": 10,
    "conv_layers": 4,
    "conv_filters": 32,
    "conv_kernel_size": 3,
    "conv_stride": 2,
    "maxpool_size": 1,
    "dense_layers": 3,
    "dense_units": 64,
    "dropout": 0.13009003981406952,
    "batch_size": 128,
    "learning_rate": 0.00031622776601683794,
    "optimizer": "adam",
    "__timestamp__": 20201109054955,
    "verbose": 0,
    "epochs": 200,
    "steps": 155,
    "cpu_1": 0.08370303479987343,
    "cpu_10": 0.0949524810001094,
    "cpu_100": 0.6496226107998154,
    "gpu_1": 0.043335150200255156,
    "gpu_10": 0.02877751760006504,
    "gpu_100": 0.04531523599998764,
    "trainable_params": 172065,
    "non_trainable_params": 960,
    "total_params": 173025,
    "final_val_loss": 0.036607805639505386,
    "final_val_precision": 0.9431137442588806,
    "final_val_recall": 0.9025787711143494,
    "final_val_accuracy": 0.9920265078544617,
    "final_test_loss": 0.044103171676397324,
    "final_test_precision": 0.9085714221000671,
    "final_test_recall": 0.9111747741699219,
    "final_test_accuracy": 0.9905205965042114
}