{
    "dataset": "dataset_half_notrim_tensors",
    "train_split": 0.6,
    "val_split": 0.2,
    "test_split": 0.2,
    "sample_rate": 16000,
    "min_freq": 0,
    "max_freq": 8000,
    "pos_weight": 0.3,
    "conv_filters": 64,
    "conv_kernel_size": 1,
    "conv_stride": 2,
    "recurrent_cell": "bi-gru",
    "recurrent_layers": 2,
    "recurrent_units": 128,
    "batch_size": 256,
    "learning_rate": 3.162277660168379e-06,
    "frame_size": 512,
    "frame_step": 256,
    "fft_size": 512,
    "mel_bins": 64,
    "max_time_mask": 10,
    "max_freq_mask": 10,
    "optimizer": "adam",
    "__timestamp__": 20201110143241,
    "verbose": 0,
    "epochs": 600,
    "steps": 77,
    "cpu_1": 0.3485146792001615,
    "cpu_10": 0.09301046800010226,
    "cpu_100": 0.5175621880001018,
    "gpu_1": 0.09592654439993567,
    "gpu_10": 0.05385833740010639,
    "gpu_100": 0.09602700940013165,
    "trainable_params": 449857,
    "non_trainable_params": 0.0,
    "total_params": 449857.0,
    "final_val_loss": 0.278672993183136,
    "final_val_precision": 0.0,
    "final_val_recall": 0.0,
    "final_val_accuracy": 0.9471942186355591,
    "final_test_loss": 0.2798832654953003,
    "final_test_precision": 0.0,
    "final_test_recall": 0.0,
    "final_test_accuracy": 0.9474872350692749
}