{
    "dataset": "dataset_half_notrim_tensors",
    "train_split": 0.6,
    "val_split": 0.2,
    "test_split": 0.2,
    "sample_rate": 16000,
    "min_freq": 0,
    "max_freq": 8000,
    "pos_weight": 0.2,
    "conv_filters": 64,
    "conv_kernel_size": 5,
    "conv_stride": 3,
    "recurrent_cell": "gru",
    "recurrent_layers": 4,
    "recurrent_units": 64,
    "batch_size": 128,
    "learning_rate": 0.001,
    "frame_size": 512,
    "frame_step": 256,
    "fft_size": 512,
    "mel_bins": 64,
    "max_time_mask": 10,
    "max_freq_mask": 10,
    "optimizer": "adam",
    "__timestamp__": 20201110172119,
    "verbose": 1,
    "epochs": 600,
    "steps": 155,
    "cpu_1": 0.25938075080030104,
    "cpu_10": 0.06803594359971613,
    "cpu_100": 0.35184065220000776,
    "gpu_1": 0.08184157740015507,
    "gpu_10": 0.0331111764000525,
    "gpu_100": 0.05814642659988749,
    "trainable_params": 120449,
    "non_trainable_params": 0.0,
    "total_params": 120449.0,
    "final_val_loss": 0.011354072950780392,
    "final_val_precision": 0.9852070808410645,
    "final_val_recall": 0.9541547298431396,
    "final_val_accuracy": 0.9968406558036804,
    "final_test_loss": 0.010356894694268703,
    "final_test_precision": 0.9710144996643066,
    "final_test_recall": 0.9598853588104248,
    "final_test_accuracy": 0.9963887929916382
}