{
    "dataset": "dataset_half_notrim_tensors",
    "train_split": 0.6,
    "val_split": 0.2,
    "test_split": 0.2,
    "sample_rate": 16000,
    "min_freq": 0,
    "max_freq": 8000,
    "pos_weight": 0.3,
    "conv_filters": 64,
    "conv_kernel_size": 3,
    "conv_stride": 3,
    "recurrent_cell": "gru",
    "recurrent_layers": 4,
    "recurrent_units": 64,
    "batch_size": 64,
    "learning_rate": 0.001,
    "frame_size": 512,
    "frame_step": 256,
    "fft_size": 512,
    "mel_bins": 64,
    "max_time_mask": 10,
    "max_freq_mask": 10,
    "optimizer": "adam",
    "__timestamp__": 20201110160215,
    "verbose": 1,
    "epochs": 600,
    "steps": 311,
    "cpu_1": 0.26105245140006444,
    "cpu_10": 0.0628176614001859,
    "cpu_100": 0.356091010199998,
    "gpu_1": 0.07749876820016652,
    "gpu_10": 0.03425696640006208,
    "gpu_100": 0.057471542000166666,
    "trainable_params": 112257,
    "non_trainable_params": 0.0,
    "total_params": 112257.0,
    "final_val_loss": 0.010066567920148373,
    "final_val_precision": 0.9825072884559631,
    "final_val_recall": 0.9656160473823547,
    "final_val_accuracy": 0.9972919821739197,
    "final_test_loss": 0.011504692025482655,
    "final_test_precision": 0.9658119678497314,
    "final_test_recall": 0.9713466763496399,
    "final_test_accuracy": 0.9966897368431091
}