{
    "dataset": "dataset_half_notrim_tensors",
    "train_split": 0.6,
    "val_split": 0.2,
    "test_split": 0.2,
    "sample_rate": 16000,
    "min_freq": 0,
    "max_freq": 8000,
    "pos_weight": 0.2,
    "conv_filters": 64,
    "conv_kernel_size": 5,
    "conv_stride": 2,
    "recurrent_cell": "gru",
    "recurrent_layers": 3,
    "recurrent_units": 64,
    "batch_size": 256,
    "learning_rate": 0.00031622776601683794,
    "frame_size": 512,
    "frame_step": 256,
    "fft_size": 512,
    "mel_bins": 64,
    "max_time_mask": 10,
    "max_freq_mask": 10,
    "optimizer": "adam",
    "__timestamp__": 20201110205056,
    "verbose": 1,
    "epochs": 600,
    "steps": 77,
    "cpu_1": 0.21742133660081892,
    "cpu_10": 0.06676881820021663,
    "cpu_100": 0.3626855162001448,
    "gpu_1": 0.07015941040008329,
    "gpu_10": 0.03404965440058731,
    "gpu_100": 0.056777270201564534,
    "trainable_params": 95489,
    "non_trainable_params": 0.0,
    "total_params": 95489.0,
    "final_val_loss": 0.009028604254126549,
    "final_val_precision": 0.9825072884559631,
    "final_val_recall": 0.9656160473823547,
    "final_val_accuracy": 0.9972919821739197,
    "final_test_loss": 0.013022123835980892,
    "final_test_precision": 0.9710982441902161,
    "final_test_recall": 0.9627507328987122,
    "final_test_accuracy": 0.996539294719696
}