{
    "dataset": "dataset_half_notrim_tensors",
    "train_split": 0.6,
    "val_split": 0.2,
    "test_split": 0.2,
    "sample_rate": 16000,
    "min_freq": 0,
    "max_freq": 8000,
    "pos_weight": 0.3,
    "conv_filters": 32,
    "conv_kernel_size": 1,
    "conv_stride": 3,
    "recurrent_cell": "bi-gru",
    "recurrent_layers": 2,
    "recurrent_units": 128,
    "batch_size": 256,
    "learning_rate": 0.00031622776601683794,
    "frame_size": 512,
    "frame_step": 256,
    "fft_size": 512,
    "mel_bins": 64,
    "max_time_mask": 10,
    "max_freq_mask": 10,
    "optimizer": "adam",
    "__timestamp__": 20201110191755,
    "verbose": 1,
    "epochs": 600,
    "steps": 77,
    "cpu_1": 0.26567290159982804,
    "cpu_10": 0.07111071920007817,
    "cpu_100": 0.408864917599567,
    "gpu_1": 0.0788642721996439,
    "gpu_10": 0.03534460080009012,
    "gpu_100": 0.06156532020031591,
    "trainable_params": 423201,
    "non_trainable_params": 0.0,
    "total_params": 423201.0,
    "final_val_loss": 0.01172854658216238,
    "final_val_precision": 0.9825072884559631,
    "final_val_recall": 0.9656160473823547,
    "final_val_accuracy": 0.9972919821739197,
    "final_test_loss": 0.013616703450679779,
    "final_test_precision": 0.9623188376426697,
    "final_test_recall": 0.9512894153594971,
    "final_test_accuracy": 0.9954860210418701
}