{
    "dataset": "dataset_half_notrim_tensors",
    "train_split": 0.6,
    "val_split": 0.2,
    "test_split": 0.2,
    "sample_rate": 16000,
    "min_freq": 0,
    "max_freq": 8000,
    "pos_weight": 0.2,
    "frame_size": 256,
    "frame_step": 256,
    "fft_size": 256,
    "mel_bins": 16,
    "max_time_mask": 10,
    "max_freq_mask": 10,
    "conv_layers": 2,
    "conv_filters": 32,
    "conv_kernel_size": 5,
    "conv_stride": 1,
    "maxpool_size": 5,
    "dense_layers": 2,
    "dense_units": 64,
    "dropout": 0.10809214998872724,
    "batch_size": 64,
    "learning_rate": 0.0031622776601683794,
    "optimizer": "adam",
    "__timestamp__": 20201109083234,
    "verbose": 0,
    "epochs": 200,
    "steps": 311,
    "cpu_1": 0.07540537179957027,
    "cpu_10": 0.0435577085998375,
    "cpu_100": 0.1703878006002924,
    "gpu_1": 0.04176026699969952,
    "gpu_10": 0.03041660859998956,
    "gpu_100": 0.04740567179978825,
    "trainable_params": 19361,
    "non_trainable_params": 192,
    "total_params": 19553,
    "final_val_loss": 0.023800421506166458,
    "final_val_precision": 0.9533527493476868,
    "final_val_recall": 0.9369627237319946,
    "final_val_accuracy": 0.994283139705658,
    "final_test_loss": 0.02545604482293129,
    "final_test_precision": 0.9426934123039246,
    "final_test_recall": 0.9426934123039246,
    "final_test_accuracy": 0.9939813613891602
}