{
    "dataset": "dataset_half_notrim_tensors",
    "train_split": 0.6,
    "val_split": 0.2,
    "test_split": 0.2,
    "sample_rate": 16000,
    "min_freq": 0,
    "max_freq": 8000,
    "pos_weight": 0.1,
    "conv_filters": 64,
    "conv_kernel_size": 5,
    "conv_stride": 3,
    "recurrent_cell": "bi-gru",
    "recurrent_layers": 4,
    "recurrent_units": 128,
    "batch_size": 64,
    "learning_rate": 3.1622776601683795e-05,
    "frame_size": 512,
    "frame_step": 256,
    "fft_size": 512,
    "mel_bins": 64,
    "max_time_mask": 10,
    "max_freq_mask": 10,
    "optimizer": "adam",
    "__timestamp__": 20201110154412,
    "verbose": 1,
    "epochs": 600,
    "steps": 311,
    "cpu_1": 0.4394253082000432,
    "cpu_10": 0.2750604939999903,
    "cpu_100": 0.4740325832000963,
    "gpu_1": 0.11347712900005717,
    "gpu_10": 0.04096066000020073,
    "gpu_100": 0.08068699420000484,
    "trainable_params": 1059137,
    "non_trainable_params": 0.0,
    "total_params": 1059137.0,
    "final_val_loss": 0.014655616134405136,
    "final_val_precision": 0.9704142212867737,
    "final_val_recall": 0.939828097820282,
    "final_val_accuracy": 0.9953362345695496,
    "final_test_loss": 0.014110236428678036,
    "final_test_precision": 0.973607063293457,
    "final_test_recall": 0.9512894153594971,
    "final_test_accuracy": 0.9960878491401672
}