{
    "dataset": "dataset_half_notrim_tensors",
    "train_split": 0.6,
    "val_split": 0.2,
    "test_split": 0.2,
    "sample_rate": 16000,
    "min_freq": 0,
    "max_freq": 8000,
    "pos_weight": 0.3,
    "frame_size": 512,
    "frame_step": 128,
    "fft_size": 512,
    "mel_bins": 128,
    "max_time_mask": 10,
    "max_freq_mask": 10,
    "conv_layers": 1,
    "conv_filters": 64,
    "conv_kernel_size": 3,
    "conv_stride": 3,
    "maxpool_size": 1,
    "dense_layers": 2,
    "dense_units": 64,
    "dropout": 0.1462874532986728,
    "batch_size": 128,
    "learning_rate": 0.01,
    "optimizer": "adam",
    "__timestamp__": 20201109082611,
    "verbose": 0,
    "epochs": 200,
    "steps": 155,
    "cpu_1": 0.06654181640005845,
    "cpu_10": 0.08519151699947543,
    "cpu_100": 0.5833654593996471,
    "gpu_1": 0.03873511400015559,
    "gpu_10": 0.029125422799552325,
    "gpu_100": 0.041431496599761884,
    "trainable_params": 190785,
    "non_trainable_params": 128,
    "total_params": 190913,
    "final_val_loss": 0.04969531297683716,
    "final_val_precision": 0.8853868246078491,
    "final_val_recall": 0.8853868246078491,
    "final_val_accuracy": 0.9879645109176636,
    "final_test_loss": 0.06004643440246582,
    "final_test_precision": 0.9420731663703918,
    "final_test_recall": 0.8853868246078491,
    "final_test_accuracy": 0.9911224842071533
}