{
    "dataset": "dataset_half_notrim_tensors",
    "train_split": 0.6,
    "val_split": 0.2,
    "test_split": 0.2,
    "sample_rate": 16000,
    "min_freq": 0,
    "max_freq": 8000,
    "pos_weight": 0.5,
    "frame_size": 128,
    "frame_step": 128,
    "fft_size": 2048,
    "mel_bins": 32,
    "max_time_mask": 10,
    "max_freq_mask": 10,
    "conv_layers": 1,
    "conv_filters": 32,
    "conv_kernel_size": 3,
    "conv_stride": 2,
    "maxpool_size": 5,
    "dense_layers": 2,
    "dense_units": 64,
    "dropout": 0.19714566488547203,
    "batch_size": 256,
    "learning_rate": 0.001,
    "optimizer": "adam",
    "__timestamp__": 20201109081157,
    "verbose": 0,
    "epochs": 200,
    "steps": 77,
    "cpu_1": 0.09052538740033925,
    "cpu_10": 0.30665128300024663,
    "cpu_100": 2.7275280814006693,
    "gpu_1": 0.03800595720022102,
    "gpu_10": 0.03071951980055019,
    "gpu_100": 0.041850795000209474,
    "trainable_params": 29921,
    "non_trainable_params": 64,
    "total_params": 29985,
    "final_val_loss": 0.04657788947224617,
    "final_val_precision": 0.8481675386428833,
    "final_val_recall": 0.9283667802810669,
    "final_val_accuracy": 0.9875131845474243,
    "final_test_loss": 0.06276322156190872,
    "final_test_precision": 0.7783251404762268,
    "final_test_recall": 0.9054441452026367,
    "final_test_accuracy": 0.9814926385879517
}