{
    "dataset": "dataset_half_notrim_tensors",
    "train_split": 0.6,
    "val_split": 0.2,
    "test_split": 0.2,
    "sample_rate": 16000,
    "min_freq": 0,
    "max_freq": 8000,
    "pos_weight": 0.2,
    "conv_filters": 32,
    "conv_kernel_size": 3,
    "conv_stride": 2,
    "recurrent_cell": "gru",
    "recurrent_layers": 2,
    "recurrent_units": 64,
    "batch_size": 64,
    "learning_rate": 3.162277660168379e-06,
    "frame_size": 512,
    "frame_step": 256,
    "fft_size": 512,
    "mel_bins": 64,
    "max_time_mask": 10,
    "max_freq_mask": 10,
    "optimizer": "adam",
    "__timestamp__": 20201110142838,
    "verbose": 0,
    "epochs": 600,
    "steps": 311,
    "cpu_1": 0.16394311920003019,
    "cpu_10": 0.06295887779988334,
    "cpu_100": 0.35432162859988237,
    "gpu_1": 0.05695745100001659,
    "gpu_10": 0.03233973599999444,
    "gpu_100": 0.052520548800021064,
    "trainable_params": 50017,
    "non_trainable_params": 0.0,
    "total_params": 50017.0,
    "final_val_loss": 0.0430307500064373,
    "final_val_precision": 0.8760563135147095,
    "final_val_recall": 0.8911174535751343,
    "final_val_accuracy": 0.9876636266708374,
    "final_test_loss": 0.03974413126707077,
    "final_test_precision": 0.8494623899459839,
    "final_test_recall": 0.9054441452026367,
    "final_test_accuracy": 0.9866085052490234
}