{
    "dataset": "dataset_half_notrim_tensors",
    "train_split": 0.6,
    "val_split": 0.2,
    "test_split": 0.2,
    "sample_rate": 16000,
    "min_freq": 0,
    "max_freq": 8000,
    "pos_weight": 0.5,
    "conv_filters": 64,
    "conv_kernel_size": 3,
    "conv_stride": 1,
    "recurrent_cell": "bi-gru",
    "recurrent_layers": 3,
    "recurrent_units": 32,
    "batch_size": 64,
    "learning_rate": 3.1622776601683795e-05,
    "frame_size": 512,
    "frame_step": 256,
    "fft_size": 512,
    "mel_bins": 64,
    "max_time_mask": 10,
    "max_freq_mask": 10,
    "optimizer": "adam",
    "__timestamp__": 20201111032120,
    "verbose": 1,
    "epochs": 600,
    "steps": 311,
    "cpu_1": 0.3630456958002469,
    "cpu_10": 0.08039208319969475,
    "cpu_100": 0.392806147400006,
    "gpu_1": 0.1050293165999392,
    "gpu_10": 0.04055699780001305,
    "gpu_100": 0.08725332319991139,
    "trainable_params": 68865,
    "non_trainable_params": 0.0,
    "total_params": 68865.0,
    "final_val_loss": 0.025993341580033302,
    "final_val_precision": 0.9136490225791931,
    "final_val_recall": 0.939828097820282,
    "final_val_accuracy": 0.9921769499778748,
    "final_test_loss": 0.02801739051938057,
    "final_test_precision": 0.9304347634315491,
    "final_test_recall": 0.9197707772254944,
    "final_test_accuracy": 0.9921757578849792
}