{
    "dataset": "dataset_half_notrim_tensors",
    "train_split": 0.6,
    "val_split": 0.2,
    "test_split": 0.2,
    "sample_rate": 16000,
    "min_freq": 0,
    "max_freq": 8000,
    "pos_weight": 0.2,
    "conv_filters": 64,
    "conv_kernel_size": 1,
    "conv_stride": 2,
    "recurrent_cell": "bi-gru",
    "recurrent_layers": 3,
    "recurrent_units": 128,
    "batch_size": 128,
    "learning_rate": 3.1622776601683795e-05,
    "frame_size": 512,
    "frame_step": 256,
    "fft_size": 512,
    "mel_bins": 64,
    "max_time_mask": 10,
    "max_freq_mask": 10,
    "optimizer": "adam",
    "__timestamp__": 20201111071336,
    "verbose": 1,
    "epochs": 600,
    "steps": 155,
    "cpu_1": 0.3433329331994173,
    "cpu_10": 0.08109286440012511,
    "cpu_100": 0.46779452440023306,
    "gpu_1": 0.09439237940096064,
    "gpu_10": 0.0398416886011546,
    "gpu_100": 0.06638192379978136,
    "trainable_params": 746305,
    "non_trainable_params": 0.0,
    "total_params": 746305.0,
    "final_val_loss": 0.018023207783699036,
    "final_val_precision": 0.9732937812805176,
    "final_val_recall": 0.939828097820282,
    "final_val_accuracy": 0.9954866766929626,
    "final_test_loss": 0.014379503205418587,
    "final_test_precision": 0.9594202637672424,
    "final_test_recall": 0.9484240412712097,
    "final_test_accuracy": 0.9951850771903992
}