{
    "num_epochs": 95,
    "dataset": "dataset_half_notrim_tensors",
    "train_split": 0.6,
    "val_split": 0.2,
    "test_split": 0.2,
    "sample_rate": 16000,
    "min_freq": 0,
    "max_freq": 8000,
    "n_timesteps": 16,
    "conv_filters": 32,
    "conv_kernel_size": 24,
    "conv_stride": 4,
    "recurrent_cell": "gru",
    "recurrent_layers": 4,
    "recurrent_units": 128,
    "batch_size": 256,
    "learning_rate": 0.00031622776601683794,
    "pos_weight": 0.1,
    "optimizer": "adam",
    "__timestamp__": 20201115034239,
    "verbose": 0,
    "epochs": 100,
    "steps": 77,
    "cpu_1": 0.2878874873999848,
    "cpu_10": 0.10911994840002989,
    "cpu_100": 0.6314095215999714,
    "gpu_1": 0.08598128339999675,
    "gpu_10": 0.05326626040005067,
    "gpu_100": 0.1263433904000067,
    "trainable_params": 371873,
    "non_trainable_params": 0.0,
    "total_params": 371873.0,
    "final_val_loss": 0.03162243962287903,
    "final_val_precision": 0.9507692456245422,
    "final_val_recall": 0.8853868246078491,
    "final_val_accuracy": 0.9915751218795776,
    "final_test_loss": 0.03349940851330757,
    "final_test_precision": 0.9599999785423279,
    "final_test_recall": 0.8939828276634216,
    "final_test_accuracy": 0.9924767017364502
}