{
    "dataset": "dataset_half_notrim_tensors",
    "train_split": 0.6,
    "val_split": 0.2,
    "test_split": 0.2,
    "sample_rate": 16000,
    "min_freq": 0,
    "max_freq": 8000,
    "pos_weight": 0.4,
    "conv_layers": 1,
    "conv_filters": 32,
    "conv_kernel_size": 5,
    "conv_stride": 3,
    "maxpool_size": 1,
    "dense_layers": 2,
    "dense_units": 64,
    "dropout": 0.16791278749959077,
    "batch_size": 256,
    "learning_rate": 0.00031622776601683794,
    "frame_size": 512,
    "frame_step": 256,
    "fft_size": 512,
    "mel_bins": 64,
    "max_time_mask": 10,
    "max_freq_mask": 10,
    "optimizer": "adam",
    "__timestamp__": 20201111033252,
    "verbose": 0,
    "epochs": 200,
    "steps": 77,
    "cpu_1": 0.14605884999982663,
    "cpu_10": 0.056639797799834926,
    "cpu_100": 0.3098956020001424,
    "gpu_1": 0.042205136399934416,
    "gpu_10": 0.02880446840026707,
    "gpu_100": 0.04104510100023617,
    "trainable_params": 51425,
    "non_trainable_params": 64,
    "total_params": 51489,
    "final_val_loss": 0.03654952347278595,
    "final_val_precision": 0.913294792175293,
    "final_val_recall": 0.9054441452026367,
    "final_val_accuracy": 0.990522027015686,
    "final_test_loss": 0.03664788976311684,
    "final_test_precision": 0.8801090121269226,
    "final_test_recall": 0.9255014061927795,
    "final_test_accuracy": 0.9894673228263855
}