{
    "dataset": "dataset_half_notrim_tensors",
    "train_split": 0.6,
    "val_split": 0.2,
    "test_split": 0.2,
    "sample_rate": 16000,
    "min_freq": 0,
    "max_freq": 8000,
    "pos_weight": 0.5,
    "conv_filters": 64,
    "conv_kernel_size": 5,
    "conv_stride": 2,
    "recurrent_cell": "bi-gru",
    "recurrent_layers": 4,
    "recurrent_units": 32,
    "batch_size": 128,
    "learning_rate": 3.1622776601683795e-05,
    "frame_size": 512,
    "frame_step": 256,
    "fft_size": 512,
    "mel_bins": 64,
    "max_time_mask": 10,
    "max_freq_mask": 10,
    "optimizer": "adam",
    "__timestamp__": 20201110162212,
    "verbose": 1,
    "epochs": 600,
    "steps": 155,
    "cpu_1": 0.45494487240002857,
    "cpu_10": 0.07194016499997816,
    "cpu_100": 0.3671641681999972,
    "gpu_1": 0.1288224631999583,
    "gpu_10": 0.04415068979997159,
    "gpu_100": 0.08180031459996825,
    "trainable_params": 95873,
    "non_trainable_params": 0.0,
    "total_params": 95873.0,
    "final_val_loss": 0.025086576119065285,
    "final_val_precision": 0.916201114654541,
    "final_val_recall": 0.939828097820282,
    "final_val_accuracy": 0.9923273921012878,
    "final_test_loss": 0.021773137152194977,
    "final_test_precision": 0.9136490225791931,
    "final_test_recall": 0.939828097820282,
    "final_test_accuracy": 0.9921757578849792
}