{
    "dataset": "dataset_half_notrim_tensors",
    "train_split": 0.6,
    "val_split": 0.2,
    "test_split": 0.2,
    "sample_rate": 16000,
    "min_freq": 0,
    "max_freq": 8000,
    "pos_weight": 0.2,
    "frame_size": 512,
    "frame_step": 128,
    "fft_size": 1024,
    "mel_bins": 128,
    "max_time_mask": 10,
    "max_freq_mask": 10,
    "conv_layers": 3,
    "conv_filters": 32,
    "conv_kernel_size": 3,
    "conv_stride": 3,
    "maxpool_size": 1,
    "dense_layers": 3,
    "dense_units": 64,
    "dropout": 0.15018329302513675,
    "batch_size": 64,
    "learning_rate": 3.1622776601683795e-05,
    "optimizer": "adam",
    "__timestamp__": 20201109093345,
    "verbose": 0,
    "epochs": 200,
    "steps": 311,
    "cpu_1": 0.0924874288000865,
    "cpu_10": 0.1545247324000229,
    "cpu_100": 1.2595408125998802,
    "gpu_1": 0.041574288999981945,
    "gpu_10": 0.029650680199847557,
    "gpu_100": 0.044761639799253315,
    "trainable_params": 79137,
    "non_trainable_params": 448,
    "total_params": 79585,
    "final_val_loss": 0.056089647114276886,
    "final_val_precision": 0.886904776096344,
    "final_val_recall": 0.8538681864738464,
    "final_val_accuracy": 0.986610472202301,
    "final_test_loss": 0.05368337407708168,
    "final_test_precision": 0.8649425506591797,
    "final_test_recall": 0.862464189529419,
    "final_test_accuracy": 0.9857056736946106
}