{
    "dataset": "dataset_half_notrim_tensors",
    "train_split": 0.6,
    "val_split": 0.2,
    "test_split": 0.2,
    "sample_rate": 16000,
    "min_freq": 0,
    "max_freq": 8000,
    "pos_weight": 0.1,
    "conv_layers": 3,
    "conv_filters": 32,
    "conv_kernel_size": 3,
    "conv_stride": 1,
    "maxpool_size": 3,
    "dense_layers": 2,
    "dense_units": 64,
    "dropout": 0.15826410675549302,
    "batch_size": 256,
    "learning_rate": 0.001,
    "frame_size": 512,
    "frame_step": 256,
    "fft_size": 512,
    "mel_bins": 64,
    "max_time_mask": 10,
    "max_freq_mask": 10,
    "optimizer": "adam",
    "__timestamp__": 20201111040518,
    "verbose": 0,
    "epochs": 200,
    "steps": 77,
    "cpu_1": 0.07490047959981894,
    "cpu_10": 0.056011497799954665,
    "cpu_100": 0.3133696350001628,
    "gpu_1": 0.0403396428000633,
    "gpu_10": 0.028404112400130542,
    "gpu_100": 0.04333039640005154,
    "trainable_params": 47905,
    "non_trainable_params": 448,
    "total_params": 48353,
    "final_val_loss": 0.019089197739958763,
    "final_val_precision": 0.9702380895614624,
    "final_val_recall": 0.934097409248352,
    "final_val_accuracy": 0.9950353503227234,
    "final_test_loss": 0.017057884484529495,
    "final_test_precision": 0.976401150226593,
    "final_test_recall": 0.9484240412712097,
    "final_test_accuracy": 0.9960878491401672
}