{
    "dataset": "dataset_half_notrim_tensors",
    "train_split": 0.6,
    "val_split": 0.2,
    "test_split": 0.2,
    "sample_rate": 16000,
    "min_freq": 0,
    "max_freq": 8000,
    "pos_weight": 0.1,
    "frame_size": 512,
    "frame_step": 256,
    "fft_size": 2048,
    "mel_bins": 128,
    "max_time_mask": 10,
    "max_freq_mask": 10,
    "conv_filters": 32,
    "conv_kernel_size": 1,
    "conv_stride": 2,
    "recurrent_cell": "gru",
    "recurrent_layers": 3,
    "recurrent_units": 64,
    "batch_size": 64,
    "learning_rate": 0.0001,
    "optimizer": "adam",
    "__timestamp__": 20201109072459,
    "verbose": 0,
    "epochs": 200,
    "steps": 311,
    "cpu_1": 0.2274863195991202,
    "cpu_10": 0.16993888360011625,
    "cpu_100": 1.3984918011996341,
    "gpu_1": 0.06498469239995756,
    "gpu_10": 0.03315335740007867,
    "gpu_100": 0.054627617999722135,
    "trainable_params": 72929,
    "non_trainable_params": 0.0,
    "total_params": 72929.0,
    "final_val_loss": 0.019732072949409485,
    "final_val_precision": 0.9642857313156128,
    "final_val_recall": 0.9283667802810669,
    "final_val_accuracy": 0.994433581829071,
    "final_test_loss": 0.018605045974254608,
    "final_test_precision": 0.9619883298873901,
    "final_test_recall": 0.9426934123039246,
    "final_test_accuracy": 0.9950346350669861
}