{
    "dataset": "dataset_half_notrim_tensors",
    "train_split": 0.6,
    "val_split": 0.2,
    "test_split": 0.2,
    "sample_rate": 16000,
    "min_freq": 0,
    "max_freq": 8000,
    "pos_weight": 0.5,
    "conv_filters": 64,
    "conv_kernel_size": 3,
    "conv_stride": 1,
    "recurrent_cell": "bi-gru",
    "recurrent_layers": 4,
    "recurrent_units": 128,
    "batch_size": 64,
    "learning_rate": 3.1622776601683795e-05,
    "frame_size": 512,
    "frame_step": 256,
    "fft_size": 512,
    "mel_bins": 64,
    "max_time_mask": 10,
    "max_freq_mask": 10,
    "optimizer": "adam",
    "__timestamp__": 20201110161706,
    "verbose": 1,
    "epochs": 600,
    "steps": 311,
    "cpu_1": 0.4983101969999552,
    "cpu_10": 0.1335388145998877,
    "cpu_100": 0.8581659719999152,
    "gpu_1": 0.13237396019976586,
    "gpu_10": 0.05003983300011896,
    "gpu_100": 0.10984389000004739,
    "trainable_params": 1050945,
    "non_trainable_params": 0.0,
    "total_params": 1050945.0,
    "final_val_loss": 0.016364511102437973,
    "final_val_precision": 0.9762611389160156,
    "final_val_recall": 0.9426934123039246,
    "final_val_accuracy": 0.9957875609397888,
    "final_test_loss": 0.015307451598346233,
    "final_test_precision": 0.970588207244873,
    "final_test_recall": 0.9455587267875671,
    "final_test_accuracy": 0.9956364631652832
}