{
    "dataset": "dataset_half_notrim_tensors",
    "train_split": 0.6,
    "val_split": 0.2,
    "test_split": 0.2,
    "sample_rate": 16000,
    "min_freq": 0,
    "max_freq": 8000,
    "pos_weight": 0.5,
    "frame_size": 256,
    "frame_step": 128,
    "fft_size": 512,
    "mel_bins": 32,
    "max_time_mask": 10,
    "max_freq_mask": 10,
    "conv_layers": 4,
    "conv_filters": 32,
    "conv_kernel_size": 3,
    "conv_stride": 3,
    "maxpool_size": 1,
    "dense_layers": 2,
    "dense_units": 64,
    "dropout": 0.16727174879151302,
    "batch_size": 128,
    "learning_rate": 3.1622776601683795e-05,
    "optimizer": "adam",
    "__timestamp__": 20201109072602,
    "verbose": 0,
    "epochs": 200,
    "steps": 155,
    "cpu_1": 0.08769080800011579,
    "cpu_10": 0.09063056760023755,
    "cpu_100": 0.6118994252003176,
    "gpu_1": 0.04620738420053385,
    "gpu_10": 0.03261699360009516,
    "gpu_100": 0.045141567000246144,
    "trainable_params": 152097,
    "non_trainable_params": 960,
    "total_params": 153057,
    "final_val_loss": 0.07935035973787308,
    "final_val_precision": 0.7011494040489197,
    "final_val_recall": 0.873925507068634,
    "final_val_accuracy": 0.9738227725028992,
    "final_test_loss": 0.08102571219205856,
    "final_test_precision": 0.7080459594726562,
    "final_test_recall": 0.8825215101242065,
    "final_test_accuracy": 0.9747216105461121
}