{
    "dataset": "dataset_half_notrim_tensors",
    "train_split": 0.6,
    "val_split": 0.2,
    "test_split": 0.2,
    "sample_rate": 16000,
    "min_freq": 0,
    "max_freq": 8000,
    "pos_weight": 0.3,
    "frame_size": 128,
    "frame_step": 128,
    "fft_size": 128,
    "mel_bins": 32,
    "max_time_mask": 10,
    "max_freq_mask": 10,
    "conv_filters": 32,
    "conv_kernel_size": 1,
    "conv_stride": 1,
    "recurrent_cell": "gru",
    "recurrent_layers": 2,
    "recurrent_units": 64,
    "batch_size": 128,
    "learning_rate": 0.01,
    "optimizer": "adam",
    "__timestamp__": 20201109045412,
    "verbose": 0,
    "epochs": 2,
    "steps": 155,
    "cpu_1": 0.20293928140000617,
    "cpu_10": 0.0501763340000025,
    "cpu_100": 0.19913710400000467,
    "gpu_1": 0.053875431399995934,
    "gpu_10": 0.03404288460000089,
    "gpu_100": 0.06332024239999896,
    "trainable_params": 44897,
    "non_trainable_params": 0.0,
    "total_params": 44897.0,
    "final_val_loss": 0.2697755992412567,
    "final_val_precision": 0.28853756189346313,
    "final_val_recall": 0.6275071501731873,
    "final_val_accuracy": 0.8992026448249817,
    "final_test_loss": 0.2659543454647064,
    "final_test_precision": 0.2996005415916443,
    "final_test_recall": 0.6446991562843323,
    "final_test_accuracy": 0.9021968245506287
}