{
    "num_epochs": 41,
    "dataset": "dataset_half_notrim_tensors",
    "train_split": 0.6,
    "val_split": 0.2,
    "test_split": 0.2,
    "sample_rate": 16000,
    "min_freq": 0,
    "max_freq": 8000,
    "n_timesteps": 64,
    "conv_filters": 32,
    "conv_kernel_size": 3,
    "conv_stride": 1,
    "recurrent_cell": "bi-gru",
    "recurrent_layers": 3,
    "recurrent_units": 64,
    "batch_size": 256,
    "learning_rate": 0.001,
    "pos_weight": 0.1,
    "optimizer": "adam",
    "__timestamp__": 20201115034306,
    "verbose": 0,
    "epochs": 100,
    "steps": 77,
    "cpu_1": 0.4211681839999983,
    "cpu_10": 0.10204546879999725,
    "cpu_100": 0.4715881761999981,
    "gpu_1": 0.1163648872000067,
    "gpu_10": 0.06966988139997739,
    "gpu_100": 0.199443881399975,
    "trainable_params": 192929,
    "non_trainable_params": 0.0,
    "total_params": 192929.0,
    "final_val_loss": 0.024787738919258118,
    "final_val_precision": 0.954407274723053,
    "final_val_recall": 0.8997134566307068,
    "final_val_accuracy": 0.9924778342247009,
    "final_test_loss": 0.03140052780508995,
    "final_test_precision": 0.9506173133850098,
    "final_test_recall": 0.8825215101242065,
    "final_test_accuracy": 0.9914234280586243
}