{
    "dataset": "dataset_half_notrim_tensors",
    "train_split": 0.6,
    "val_split": 0.2,
    "test_split": 0.2,
    "sample_rate": 16000,
    "min_freq": 0,
    "max_freq": 8000,
    "pos_weight": 0.4,
    "frame_size": 512,
    "frame_step": 256,
    "fft_size": 1024,
    "mel_bins": 64,
    "max_time_mask": 10,
    "max_freq_mask": 10,
    "conv_layers": 1,
    "conv_filters": 32,
    "conv_kernel_size": 5,
    "conv_stride": 3,
    "maxpool_size": 5,
    "dense_layers": 2,
    "dense_units": 64,
    "dropout": 0.1457775548556423,
    "batch_size": 256,
    "learning_rate": 0.001,
    "optimizer": "adam",
    "__timestamp__": 20201109091939,
    "verbose": 0,
    "epochs": 200,
    "steps": 77,
    "cpu_1": 0.07122702600026969,
    "cpu_10": 0.09551852660079022,
    "cpu_100": 0.7114111373994092,
    "gpu_1": 0.03937671540043084,
    "gpu_10": 0.028445361000922275,
    "gpu_100": 0.04098777259932831,
    "trainable_params": 18657,
    "non_trainable_params": 64,
    "total_params": 18721,
    "final_val_loss": 0.027978774160146713,
    "final_val_precision": 0.9495549201965332,
    "final_val_recall": 0.9169054627418518,
    "final_val_accuracy": 0.9930796027183533,
    "final_test_loss": 0.027956686913967133,
    "final_test_precision": 0.9464285969734192,
    "final_test_recall": 0.9111747741699219,
    "final_test_accuracy": 0.9926271438598633
}