{
    "dataset": "dataset_half_notrim_tensors",
    "train_split": 0.6,
    "val_split": 0.2,
    "test_split": 0.2,
    "sample_rate": 16000,
    "min_freq": 0,
    "max_freq": 8000,
    "pos_weight": 0.3,
    "conv_filters": 32,
    "conv_kernel_size": 1,
    "conv_stride": 1,
    "recurrent_cell": "gru",
    "recurrent_layers": 3,
    "recurrent_units": 32,
    "batch_size": 64,
    "learning_rate": 0.001,
    "frame_size": 512,
    "frame_step": 256,
    "fft_size": 512,
    "mel_bins": 64,
    "max_time_mask": 10,
    "max_freq_mask": 10,
    "optimizer": "adam",
    "__timestamp__": 20201111035719,
    "verbose": 1,
    "epochs": 600,
    "steps": 311,
    "cpu_1": 0.21379027439979836,
    "cpu_10": 0.06777354899986676,
    "cpu_100": 0.3643023803999313,
    "gpu_1": 0.06867817640013527,
    "gpu_10": 0.034663058400110455,
    "gpu_100": 0.06487817679990257,
    "trainable_params": 21121,
    "non_trainable_params": 0.0,
    "total_params": 21121.0,
    "final_val_loss": 0.009682626463472843,
    "final_val_precision": 0.9854227304458618,
    "final_val_recall": 0.9684813618659973,
    "final_val_accuracy": 0.9975929260253906,
    "final_test_loss": 0.011323526501655579,
    "final_test_precision": 0.9881305694580078,
    "final_test_recall": 0.9541547298431396,
    "final_test_accuracy": 0.9969906806945801
}