{
    "dataset": "dataset_half_notrim_tensors",
    "train_split": 0.6,
    "val_split": 0.2,
    "test_split": 0.2,
    "sample_rate": 16000,
    "min_freq": 0,
    "max_freq": 8000,
    "pos_weight": 0.1,
    "conv_filters": 64,
    "conv_kernel_size": 3,
    "conv_stride": 3,
    "recurrent_cell": "gru",
    "recurrent_layers": 3,
    "recurrent_units": 32,
    "batch_size": 128,
    "learning_rate": 0.001,
    "frame_size": 512,
    "frame_step": 256,
    "fft_size": 512,
    "mel_bins": 64,
    "max_time_mask": 10,
    "max_freq_mask": 10,
    "optimizer": "adam",
    "__timestamp__": 20201110202655,
    "verbose": 1,
    "epochs": 600,
    "steps": 155,
    "cpu_1": 0.22087221359906833,
    "cpu_10": 0.06330888680022326,
    "cpu_100": 0.34716857979947235,
    "gpu_1": 0.06927011060033691,
    "gpu_10": 0.033520434399542866,
    "gpu_100": 0.05417397400015034,
    "trainable_params": 34465,
    "non_trainable_params": 0.0,
    "total_params": 34465.0,
    "final_val_loss": 0.01189415156841278,
    "final_val_precision": 0.988095223903656,
    "final_val_recall": 0.9512894153594971,
    "final_val_accuracy": 0.9968406558036804,
    "final_test_loss": 0.01458981167525053,
    "final_test_precision": 0.9792284965515137,
    "final_test_recall": 0.9455587267875671,
    "final_test_accuracy": 0.9960878491401672
}