{
    "dataset": "dataset_half_notrim_tensors",
    "train_split": 0.6,
    "val_split": 0.2,
    "test_split": 0.2,
    "sample_rate": 16000,
    "min_freq": 0,
    "max_freq": 8000,
    "pos_weight": 0.5,
    "frame_size": 512,
    "frame_step": 512,
    "fft_size": 2048,
    "mel_bins": 128,
    "max_time_mask": 10,
    "max_freq_mask": 10,
    "conv_filters": 32,
    "conv_kernel_size": 5,
    "conv_stride": 2,
    "recurrent_cell": "gru",
    "recurrent_layers": 3,
    "recurrent_units": 64,
    "batch_size": 128,
    "learning_rate": 0.01,
    "optimizer": "adam",
    "__timestamp__": 20201109065919,
    "verbose": 0,
    "epochs": 200,
    "steps": 155,
    "cpu_1": 0.20670248699989316,
    "cpu_10": 0.10113583459988149,
    "cpu_100": 0.7299406329999328,
    "gpu_1": 0.06467338639995432,
    "gpu_10": 0.03260345500002586,
    "gpu_100": 0.05691743739989761,
    "trainable_params": 89313,
    "non_trainable_params": 0.0,
    "total_params": 89313.0,
    "final_val_loss": 0.0788387879729271,
    "final_val_precision": 0.6632016897201538,
    "final_val_recall": 0.9140400886535645,
    "final_val_accuracy": 0.9711148142814636,
    "final_test_loss": 0.08157380670309067,
    "final_test_precision": 0.6807095408439636,
    "final_test_recall": 0.8796561360359192,
    "final_test_accuracy": 0.9720132350921631
}