{
    "dataset": "dataset_half_notrim_tensors",
    "train_split": 0.6,
    "val_split": 0.2,
    "test_split": 0.2,
    "sample_rate": 16000,
    "min_freq": 0,
    "max_freq": 8000,
    "pos_weight": 0.4,
    "conv_layers": 1,
    "conv_filters": 64,
    "conv_kernel_size": 5,
    "conv_stride": 1,
    "maxpool_size": 3,
    "dense_layers": 3,
    "dense_units": 64,
    "dropout": 0.16301081096589654,
    "batch_size": 64,
    "learning_rate": 0.00031622776601683794,
    "frame_size": 512,
    "frame_step": 256,
    "fft_size": 512,
    "mel_bins": 64,
    "max_time_mask": 10,
    "max_freq_mask": 10,
    "optimizer": "adam",
    "__timestamp__": 20201111035504,
    "verbose": 0,
    "epochs": 200,
    "steps": 311,
    "cpu_1": 0.06661687879986858,
    "cpu_10": 0.055708779400083584,
    "cpu_100": 0.31475538260001484,
    "gpu_1": 0.03709097559985821,
    "gpu_10": 0.029252717999952438,
    "gpu_100": 0.03912768739974126,
    "trainable_params": 101185,
    "non_trainable_params": 128,
    "total_params": 101313,
    "final_val_loss": 0.026901235803961754,
    "final_val_precision": 0.9528023600578308,
    "final_val_recall": 0.9255014061927795,
    "final_val_accuracy": 0.9936813712120056,
    "final_test_loss": 0.038961101323366165,
    "final_test_precision": 0.954023003578186,
    "final_test_recall": 0.9512894153594971,
    "final_test_accuracy": 0.9950346350669861
}