{
    "dataset": "dataset_half_notrim_tensors",
    "train_split": 0.6,
    "val_split": 0.2,
    "test_split": 0.2,
    "sample_rate": 16000,
    "min_freq": 0,
    "max_freq": 8000,
    "pos_weight": 0.3,
    "frame_size": 256,
    "frame_step": 128,
    "fft_size": 256,
    "mel_bins": 32,
    "max_time_mask": 10,
    "max_freq_mask": 10,
    "conv_layers": 2,
    "conv_filters": 64,
    "conv_kernel_size": 3,
    "conv_stride": 2,
    "maxpool_size": 1,
    "dense_layers": 2,
    "dense_units": 64,
    "dropout": 0.19576503096685716,
    "batch_size": 256,
    "learning_rate": 3.1622776601683795e-05,
    "optimizer": "adam",
    "__timestamp__": 20201109083645,
    "verbose": 0,
    "epochs": 200,
    "steps": 77,
    "cpu_1": 0.07478167119988939,
    "cpu_10": 0.054961618399465804,
    "cpu_100": 0.30257635779998965,
    "gpu_1": 0.041312617800576844,
    "gpu_10": 0.03190634119964671,
    "gpu_100": 0.045511088200146335,
    "trainable_params": 279233,
    "non_trainable_params": 384,
    "total_params": 279617,
    "final_val_loss": 0.049299176782369614,
    "final_val_precision": 0.8120104670524597,
    "final_val_recall": 0.8911174535751343,
    "final_val_accuracy": 0.9834511876106262,
    "final_test_loss": 0.051576167345047,
    "final_test_precision": 0.796954333782196,
    "final_test_recall": 0.8997134566307068,
    "final_test_accuracy": 0.9826963543891907
}