{
    "dataset": "dataset_half_notrim_tensors",
    "train_split": 0.6,
    "val_split": 0.2,
    "test_split": 0.2,
    "sample_rate": 16000,
    "min_freq": 0,
    "max_freq": 8000,
    "pos_weight": 0.05253655894565806,
    "conv_layers": 1,
    "conv_filters": 32,
    "conv_kernel_size": 5,
    "conv_stride": 2,
    "maxpool_size": 3,
    "dense_layers": 3,
    "dense_units": 64,
    "dropout": 0.11063904091808234,
    "batch_size": 64,
    "learning_rate": 0.00031622776601683794,
    "frame_size": 512,
    "frame_step": 256,
    "fft_size": 512,
    "mel_bins": 64,
    "max_time_mask": 10,
    "max_freq_mask": 10,
    "optimizer": "adam",
    "__timestamp__": 20201111024044,
    "verbose": 0,
    "epochs": 200,
    "steps": 311,
    "cpu_1": 0.06848959200005993,
    "cpu_10": 0.0571447252001235,
    "cpu_100": 0.38071488600007797,
    "gpu_1": 0.037594363000062005,
    "gpu_10": 0.0300095384000997,
    "gpu_100": 0.041558174199963105,
    "trainable_params": 31457,
    "non_trainable_params": 64,
    "total_params": 31521,
    "final_val_loss": 0.021170491352677345,
    "final_val_precision": 0.978787899017334,
    "final_val_recall": 0.9255014061927795,
    "final_val_accuracy": 0.9950353503227234,
    "final_test_loss": 0.024522554129362106,
    "final_test_precision": 0.9562682509422302,
    "final_test_recall": 0.939828097820282,
    "final_test_accuracy": 0.9945831894874573
}