{
    "dataset": "dataset_half_notrim_tensors",
    "train_split": 0.6,
    "val_split": 0.2,
    "test_split": 0.2,
    "sample_rate": 16000,
    "min_freq": 0,
    "max_freq": 8000,
    "pos_weight": 0.3,
    "frame_size": 512,
    "frame_step": 256,
    "fft_size": 1024,
    "mel_bins": 64,
    "max_time_mask": 10,
    "max_freq_mask": 10,
    "conv_layers": 1,
    "conv_filters": 32,
    "conv_kernel_size": 3,
    "conv_stride": 3,
    "maxpool_size": 1,
    "dense_layers": 2,
    "dense_units": 64,
    "dropout": 0.13748712264673932,
    "batch_size": 128,
    "learning_rate": 0.0031622776601683794,
    "optimizer": "adam",
    "__timestamp__": 20201109094808,
    "verbose": 0,
    "epochs": 200,
    "steps": 155,
    "cpu_1": 0.06978874340056791,
    "cpu_10": 0.08971787540067452,
    "cpu_100": 0.6433688400000392,
    "gpu_1": 0.0391236100011156,
    "gpu_10": 0.028441597600613024,
    "gpu_100": 0.042033512399211756,
    "trainable_params": 49377,
    "non_trainable_params": 64,
    "total_params": 49441,
    "final_val_loss": 0.032113831490278244,
    "final_val_precision": 0.9237536787986755,
    "final_val_recall": 0.9025787711143494,
    "final_val_accuracy": 0.9909733533859253,
    "final_test_loss": 0.03388724848628044,
    "final_test_precision": 0.9210526347160339,
    "final_test_recall": 0.9025787711143494,
    "final_test_accuracy": 0.9908215403556824
}