{
    "dataset": "dataset_half_notrim_tensors",
    "train_split": 0.6,
    "val_split": 0.2,
    "test_split": 0.2,
    "sample_rate": 16000,
    "min_freq": 0,
    "max_freq": 8000,
    "pos_weight": 0.4,
    "frame_size": 512,
    "frame_step": 128,
    "fft_size": 2048,
    "mel_bins": 128,
    "max_time_mask": 10,
    "max_freq_mask": 10,
    "conv_layers": 1,
    "conv_filters": 32,
    "conv_kernel_size": 5,
    "conv_stride": 2,
    "maxpool_size": 5,
    "dense_layers": 2,
    "dense_units": 64,
    "dropout": 0.10089229655909315,
    "batch_size": 256,
    "learning_rate": 3.1622776601683795e-05,
    "optimizer": "adam",
    "__timestamp__": 20201109075056,
    "verbose": 0,
    "epochs": 200,
    "steps": 77,
    "cpu_1": 0.08614269339996099,
    "cpu_10": 0.30331390580031437,
    "cpu_100": 2.704403846799687,
    "gpu_1": 0.03975128320053045,
    "gpu_10": 0.028882160800276325,
    "gpu_100": 0.04377965100065921,
    "trainable_params": 45281,
    "non_trainable_params": 64,
    "total_params": 45345,
    "final_val_loss": 0.04126589000225067,
    "final_val_precision": 0.8879551887512207,
    "final_val_recall": 0.9083094596862793,
    "final_val_accuracy": 0.9891680479049683,
    "final_test_loss": 0.04361555725336075,
    "final_test_precision": 0.8729729652404785,
    "final_test_recall": 0.9255014061927795,
    "final_test_accuracy": 0.9890159368515015
}