{
    "dataset": "dataset_half_notrim_tensors",
    "train_split": 0.6,
    "val_split": 0.2,
    "test_split": 0.2,
    "sample_rate": 16000,
    "min_freq": 0,
    "max_freq": 8000,
    "pos_weight": 0.2,
    "frame_size": 256,
    "frame_step": 128,
    "fft_size": 512,
    "mel_bins": 32,
    "max_time_mask": 10,
    "max_freq_mask": 10,
    "conv_filters": 32,
    "conv_kernel_size": 3,
    "conv_stride": 3,
    "recurrent_cell": "bi-gru",
    "recurrent_layers": 3,
    "recurrent_units": 32,
    "batch_size": 64,
    "learning_rate": 0.0031622776601683794,
    "optimizer": "adam",
    "__timestamp__": 20201109055216,
    "verbose": 0,
    "epochs": 200,
    "steps": 311,
    "cpu_1": 0.5398457760000384,
    "cpu_10": 0.08940709980006431,
    "cpu_100": 0.6168307185999765,
    "gpu_1": 0.09752208120007708,
    "gpu_10": 0.0408184576000167,
    "gpu_100": 0.08754979559998902,
    "trainable_params": 53473,
    "non_trainable_params": 0.0,
    "total_params": 53473.0,
    "final_val_loss": 0.01066718902438879,
    "final_val_precision": 0.9823529124259949,
    "final_val_recall": 0.9570200443267822,
    "final_val_accuracy": 0.9968406558036804,
    "final_test_loss": 0.016066648066043854,
    "final_test_precision": 0.9789789915084839,
    "final_test_recall": 0.934097409248352,
    "final_test_accuracy": 0.9954860210418701
}