{
    "dataset": "dataset_half_notrim_tensors",
    "train_split": 0.6,
    "val_split": 0.2,
    "test_split": 0.2,
    "sample_rate": 16000,
    "min_freq": 0,
    "max_freq": 8000,
    "pos_weight": 0.1,
    "conv_filters": 32,
    "conv_kernel_size": 3,
    "conv_stride": 2,
    "recurrent_cell": "bi-gru",
    "recurrent_layers": 3,
    "recurrent_units": 64,
    "batch_size": 256,
    "learning_rate": 0.00031622776601683794,
    "frame_size": 512,
    "frame_step": 256,
    "fft_size": 512,
    "mel_bins": 64,
    "max_time_mask": 10,
    "max_freq_mask": 10,
    "optimizer": "adam",
    "__timestamp__": 20201110194801,
    "verbose": 1,
    "epochs": 600,
    "steps": 77,
    "cpu_1": 0.35634340319993496,
    "cpu_10": 0.06923032560007414,
    "cpu_100": 0.3857845168007771,
    "gpu_1": 0.10021201460040174,
    "gpu_10": 0.03790760980009509,
    "gpu_100": 0.07308207380010572,
    "trainable_params": 192929,
    "non_trainable_params": 0.0,
    "total_params": 192929.0,
    "final_val_loss": 0.008400293067097664,
    "final_val_precision": 0.9912023544311523,
    "final_val_recall": 0.9684813618659973,
    "final_val_accuracy": 0.9978938102722168,
    "final_test_loss": 0.012068068608641624,
    "final_test_precision": 0.9851632118225098,
    "final_test_recall": 0.9512894153594971,
    "final_test_accuracy": 0.9966897368431091
}