{
    "dataset": "dataset_half_notrim_tensors",
    "train_split": 0.6,
    "val_split": 0.2,
    "test_split": 0.2,
    "sample_rate": 16000,
    "min_freq": 0,
    "max_freq": 8000,
    "pos_weight": 0.1,
    "frame_size": 1024,
    "frame_step": 256,
    "fft_size": 1024,
    "mel_bins": 16,
    "max_time_mask": 10,
    "max_freq_mask": 10,
    "conv_layers": 4,
    "conv_filters": 32,
    "conv_kernel_size": 5,
    "conv_stride": 1,
    "maxpool_size": 1,
    "dense_layers": 3,
    "dense_units": 64,
    "dropout": 0.11558567166158634,
    "batch_size": 64,
    "learning_rate": 0.0031622776601683794,
    "optimizer": "adam",
    "__timestamp__": 20201109064413,
    "verbose": 0,
    "epochs": 200,
    "steps": 311,
    "cpu_1": 0.08646241620026558,
    "cpu_10": 0.09664645739976549,
    "cpu_100": 0.690559070800191,
    "gpu_1": 0.049148277000131205,
    "gpu_10": 0.0332809890001954,
    "gpu_100": 0.05195328000008885,
    "trainable_params": 926241,
    "non_trainable_params": 960,
    "total_params": 927201,
    "final_val_loss": 0.015017819590866566,
    "final_val_precision": 0.9880239367485046,
    "final_val_recall": 0.9455587267875671,
    "final_val_accuracy": 0.9965397715568542,
    "final_test_loss": 0.017650319263339043,
    "final_test_precision": 0.9821958541870117,
    "final_test_recall": 0.9484240412712097,
    "final_test_accuracy": 0.9963887929916382
}