{
    "dataset": "dataset_half_notrim_tensors",
    "train_split": 0.6,
    "val_split": 0.2,
    "test_split": 0.2,
    "sample_rate": 16000,
    "min_freq": 0,
    "max_freq": 8000,
    "pos_weight": 0.05253655894565806,
    "conv_filters": 64,
    "conv_kernel_size": 5,
    "conv_stride": 3,
    "recurrent_cell": "gru",
    "recurrent_layers": 4,
    "recurrent_units": 128,
    "batch_size": 64,
    "learning_rate": 0.00031622776601683794,
    "frame_size": 512,
    "frame_step": 256,
    "fft_size": 512,
    "mel_bins": 64,
    "max_time_mask": 10,
    "max_freq_mask": 10,
    "optimizer": "adam",
    "__timestamp__": 20201110192305,
    "verbose": 1,
    "epochs": 600,
    "steps": 311,
    "cpu_1": 0.27162327879996156,
    "cpu_10": 0.06929021219984861,
    "cpu_100": 0.3955338843996287,
    "gpu_1": 0.07940923040041525,
    "gpu_10": 0.03588200499980303,
    "gpu_100": 0.05647962880029809,
    "trainable_params": 392385,
    "non_trainable_params": 0.0,
    "total_params": 392385.0,
    "final_val_loss": 0.008271383121609688,
    "final_val_precision": 0.9941002726554871,
    "final_val_recall": 0.9656160473823547,
    "final_val_accuracy": 0.9978938102722168,
    "final_test_loss": 0.010090174153447151,
    "final_test_precision": 0.9940828680992126,
    "final_test_recall": 0.9627507328987122,
    "final_test_accuracy": 0.9977430105209351
}