{
    "dataset": "dataset_half_notrim_tensors",
    "train_split": 0.6,
    "val_split": 0.2,
    "test_split": 0.2,
    "sample_rate": 16000,
    "min_freq": 0,
    "max_freq": 8000,
    "pos_weight": 0.2,
    "frame_size": 128,
    "frame_step": 128,
    "fft_size": 256,
    "mel_bins": 16,
    "max_time_mask": 10,
    "max_freq_mask": 10,
    "conv_filters": 64,
    "conv_kernel_size": 1,
    "conv_stride": 3,
    "recurrent_cell": "bi-lstm",
    "recurrent_layers": 4,
    "recurrent_units": 128,
    "batch_size": 256,
    "learning_rate": 3.1622776601683795e-05,
    "optimizer": "adam",
    "__timestamp__": 20201109055857,
    "verbose": 0,
    "epochs": 200,
    "steps": 77,
    "cpu_1": 0.6655311047998111,
    "cpu_10": 0.11515540440013865,
    "cpu_100": 0.6343021429998771,
    "gpu_1": 0.12432107759996143,
    "gpu_10": 0.04354967800009035,
    "gpu_100": 0.09421459400000458,
    "trainable_params": 1381697,
    "non_trainable_params": 0.0,
    "total_params": 1381697.0,
    "final_val_loss": 0.0313359834253788,
    "final_val_precision": 0.9142857193946838,
    "final_val_recall": 0.9169054627418518,
    "final_val_accuracy": 0.9911237955093384,
    "final_test_loss": 0.028796032071113586,
    "final_test_precision": 0.9241982698440552,
    "final_test_recall": 0.9083094596862793,
    "final_test_accuracy": 0.9912729263305664
}