{
    "dataset": "dataset_half_notrim_tensors",
    "train_split": 0.6,
    "val_split": 0.2,
    "test_split": 0.2,
    "sample_rate": 16000,
    "min_freq": 0,
    "max_freq": 8000,
    "pos_weight": 0.2,
    "n_timesteps": 16,
    "conv_filters": 64,
    "conv_kernel_size": 1,
    "conv_stride": 3,
    "recurrent_cell": "bi-lstm",
    "recurrent_layers": 4,
    "recurrent_units": 128,
    "batch_size": 256,
    "learning_rate": 0.00031622776601683794,
    "optimizer": "adam",
    "__timestamp__": 20201111022623,
    "verbose": 2,
    "epochs": 200,
    "steps": 77,
    "cpu_1": 0.7657301027999892,
    "cpu_10": 0.635561820599969,
    "cpu_100": 3.9159790891999364,
    "gpu_1": 0.16778164780002952,
    "gpu_10": 0.08671421839999312,
    "gpu_100": 0.26163538379992135,
    "trainable_params": 1381697,
    "non_trainable_params": 0.0,
    "total_params": 1381697.0,
    "final_val_loss": 0.20983420312404633,
    "final_val_precision": 0.28279387950897217,
    "final_val_recall": 0.47564470767974854,
    "final_val_accuracy": 0.9091319441795349,
    "final_test_loss": 0.212049663066864,
    "final_test_precision": 0.28667789697647095,
    "final_test_recall": 0.4871060252189636,
    "final_test_accuracy": 0.9094191789627075
}