{
    "dataset": "dataset_half_notrim_tensors",
    "train_split": 0.6,
    "val_split": 0.2,
    "test_split": 0.2,
    "sample_rate": 16000,
    "min_freq": 0,
    "max_freq": 8000,
    "pos_weight": 0.05253655894565806,
    "frame_size": 1024,
    "frame_step": 1024,
    "fft_size": 2048,
    "mel_bins": 64,
    "max_time_mask": 10,
    "max_freq_mask": 10,
    "conv_filters": 64,
    "conv_kernel_size": 1,
    "conv_stride": 2,
    "recurrent_cell": "gru",
    "recurrent_layers": 3,
    "recurrent_units": 32,
    "batch_size": 128,
    "learning_rate": 0.01,
    "optimizer": "adam",
    "__timestamp__": 20201109045524,
    "verbose": 0,
    "epochs": 2,
    "steps": 155,
    "cpu_1": 0.30003500039999836,
    "cpu_10": 0.06282267139999931,
    "cpu_100": 0.3688929327999972,
    "gpu_1": 0.05930613940000171,
    "gpu_10": 0.03009161500000914,
    "gpu_100": 0.04756955739999284,
    "trainable_params": 26273,
    "non_trainable_params": 0.0,
    "total_params": 26273.0,
    "final_val_loss": 0.13524079322814941,
    "final_val_precision": 0.8673469424247742,
    "final_val_recall": 0.2435530126094818,
    "final_val_accuracy": 0.958327054977417,
    "final_test_loss": 0.13232609629631042,
    "final_test_precision": 0.8611111044883728,
    "final_test_recall": 0.266475647687912,
    "final_test_accuracy": 0.9592235684394836
}