{
    "dataset": "dataset_half_notrim_tensors",
    "train_split": 0.6,
    "val_split": 0.2,
    "test_split": 0.2,
    "sample_rate": 16000,
    "min_freq": 0,
    "max_freq": 8000,
    "pos_weight": 0.05253655894565806,
    "frame_size": 1024,
    "frame_step": 1024,
    "fft_size": 2048,
    "mel_bins": 32,
    "max_time_mask": 10,
    "max_freq_mask": 10,
    "conv_filters": 64,
    "conv_kernel_size": 1,
    "conv_stride": 2,
    "recurrent_cell": "gru",
    "recurrent_layers": 1,
    "recurrent_units": 128,
    "batch_size": 64,
    "learning_rate": 3.1622776601683795e-05,
    "optimizer": "adam",
    "__timestamp__": 20201109111406,
    "verbose": 0,
    "epochs": 200,
    "steps": 311,
    "cpu_1": 0.1114487177997944,
    "cpu_10": 0.06265204139926936,
    "cpu_100": 0.37277304679955703,
    "gpu_1": 0.05454164680049871,
    "gpu_10": 0.034242121800343736,
    "gpu_100": 0.04767795159932575,
    "trainable_params": 76737,
    "non_trainable_params": 0.0,
    "total_params": 76737.0,
    "final_val_loss": 0.046456288546323776,
    "final_val_precision": 0.8834356069564819,
    "final_val_recall": 0.8252149224281311,
    "final_val_accuracy": 0.9851060509681702,
    "final_test_loss": 0.041419316083192825,
    "final_test_precision": 0.9090909361839294,
    "final_test_recall": 0.8022922873497009,
    "final_test_accuracy": 0.9854047298431396
}