{
    "dataset": "dataset_half_notrim_tensors",
    "train_split": 0.6,
    "val_split": 0.2,
    "test_split": 0.2,
    "sample_rate": 16000,
    "min_freq": 0,
    "max_freq": 8000,
    "pos_weight": 0.1,
    "conv_filters": 32,
    "conv_kernel_size": 1,
    "conv_stride": 2,
    "recurrent_cell": "gru",
    "recurrent_layers": 4,
    "recurrent_units": 32,
    "batch_size": 256,
    "learning_rate": 0.00031622776601683794,
    "frame_size": 512,
    "frame_step": 256,
    "fft_size": 512,
    "mel_bins": 64,
    "max_time_mask": 10,
    "max_freq_mask": 10,
    "optimizer": "adam",
    "__timestamp__": 20201111081938,
    "verbose": 1,
    "epochs": 600,
    "steps": 77,
    "cpu_1": 0.245645458400395,
    "cpu_10": 0.060592577001079916,
    "cpu_100": 0.33366501519922165,
    "gpu_1": 0.07193718219932635,
    "gpu_10": 0.03254801020084415,
    "gpu_100": 0.06161073879993637,
    "trainable_params": 27457,
    "non_trainable_params": 0.0,
    "total_params": 27457.0,
    "final_val_loss": 0.012245727702975273,
    "final_val_precision": 0.979411780834198,
    "final_val_recall": 0.9541547298431396,
    "final_val_accuracy": 0.9965397715568542,
    "final_test_loss": 0.01881013624370098,
    "final_test_precision": 0.9622092843055725,
    "final_test_recall": 0.9484240412712097,
    "final_test_accuracy": 0.9953355193138123
}