{
    "dataset": "dataset_half_notrim_tensors",
    "train_split": 0.6,
    "val_split": 0.2,
    "test_split": 0.2,
    "sample_rate": 16000,
    "min_freq": 0,
    "max_freq": 8000,
    "pos_weight": 0.4,
    "conv_filters": 64,
    "conv_kernel_size": 5,
    "conv_stride": 3,
    "recurrent_cell": "bi-gru",
    "recurrent_layers": 2,
    "recurrent_units": 64,
    "batch_size": 256,
    "learning_rate": 0.0001,
    "frame_size": 512,
    "frame_step": 256,
    "fft_size": 512,
    "mel_bins": 64,
    "max_time_mask": 10,
    "max_freq_mask": 10,
    "optimizer": "adam",
    "__timestamp__": 20201110144725,
    "verbose": 0,
    "epochs": 600,
    "steps": 77,
    "cpu_1": 0.34729005280005365,
    "cpu_10": 0.08277225899983023,
    "cpu_100": 0.4179828828000609,
    "gpu_1": 0.10027650059982988,
    "gpu_10": 0.04814517259965214,
    "gpu_100": 0.07499440079973282,
    "trainable_params": 145089,
    "non_trainable_params": 0.0,
    "total_params": 145089.0,
    "final_val_loss": 0.015361064113676548,
    "final_val_precision": 0.9544159770011902,
    "final_val_recall": 0.9598853588104248,
    "final_val_accuracy": 0.9954866766929626,
    "final_test_loss": 0.014070292934775352,
    "final_test_precision": 0.9684813618659973,
    "final_test_recall": 0.9684813618659973,
    "final_test_accuracy": 0.9966897368431091
}