{
    "dataset": "dataset_half_notrim_tensors",
    "train_split": 0.6,
    "val_split": 0.2,
    "test_split": 0.2,
    "sample_rate": 16000,
    "min_freq": 0,
    "max_freq": 8000,
    "pos_weight": 0.05253655894565806,
    "conv_layers": 2,
    "conv_filters": 32,
    "conv_kernel_size": 5,
    "conv_stride": 1,
    "maxpool_size": 3,
    "dense_layers": 3,
    "dense_units": 64,
    "dropout": 0.11707624615049449,
    "batch_size": 256,
    "learning_rate": 0.001,
    "frame_size": 512,
    "frame_step": 256,
    "fft_size": 512,
    "mel_bins": 64,
    "max_time_mask": 10,
    "max_freq_mask": 10,
    "optimizer": "adam",
    "__timestamp__": 20201111031826,
    "verbose": 0,
    "epochs": 200,
    "steps": 77,
    "cpu_1": 0.07160130400006892,
    "cpu_10": 0.056305470999905086,
    "cpu_100": 0.38932346000001417,
    "gpu_1": 0.04078071779986203,
    "gpu_10": 0.03391594040003838,
    "gpu_100": 0.045190127400019264,
    "trainable_params": 43937,
    "non_trainable_params": 192,
    "total_params": 44129,
    "final_val_loss": 0.016657397150993347,
    "final_val_precision": 0.9819276928901672,
    "final_val_recall": 0.934097409248352,
    "final_val_accuracy": 0.9956371188163757,
    "final_test_loss": 0.016914773732423782,
    "final_test_precision": 0.9732937812805176,
    "final_test_recall": 0.939828097820282,
    "final_test_accuracy": 0.9954860210418701
}