{
    "dataset": "dataset_half_notrim_tensors",
    "train_split": 0.6,
    "val_split": 0.2,
    "test_split": 0.2,
    "sample_rate": 16000,
    "min_freq": 0,
    "max_freq": 8000,
    "pos_weight": 0.1,
    "conv_layers": 1,
    "conv_filters": 32,
    "conv_kernel_size": 3,
    "conv_stride": 2,
    "maxpool_size": 3,
    "dense_layers": 2,
    "dense_units": 64,
    "dropout": 0.11598686403112818,
    "batch_size": 128,
    "learning_rate": 0.00031622776601683794,
    "frame_size": 512,
    "frame_step": 256,
    "fft_size": 512,
    "mel_bins": 64,
    "max_time_mask": 10,
    "max_freq_mask": 10,
    "optimizer": "adam",
    "__timestamp__": 20201111023726,
    "verbose": 0,
    "epochs": 200,
    "steps": 155,
    "cpu_1": 0.0654638094000802,
    "cpu_10": 0.05699407479996808,
    "cpu_100": 0.31265857999997027,
    "gpu_1": 0.036152798599869126,
    "gpu_10": 0.028790197400030592,
    "gpu_100": 0.04132642719996511,
    "trainable_params": 28897,
    "non_trainable_params": 64,
    "total_params": 28961,
    "final_val_loss": 0.02501465380191803,
    "final_val_precision": 0.9666666388511658,
    "final_val_recall": 0.9140400886535645,
    "final_val_accuracy": 0.9938318133354187,
    "final_test_loss": 0.028249425813555717,
    "final_test_precision": 0.9402984976768494,
    "final_test_recall": 0.9025787711143494,
    "final_test_accuracy": 0.9918748140335083
}