{
    "dataset": "dataset_half_notrim_tensors",
    "train_split": 0.6,
    "val_split": 0.2,
    "test_split": 0.2,
    "sample_rate": 16000,
    "min_freq": 0,
    "max_freq": 8000,
    "pos_weight": 0.4,
    "conv_filters": 64,
    "conv_kernel_size": 3,
    "conv_stride": 2,
    "recurrent_cell": "bi-gru",
    "recurrent_layers": 3,
    "recurrent_units": 128,
    "batch_size": 64,
    "learning_rate": 0.001,
    "frame_size": 512,
    "frame_step": 256,
    "fft_size": 512,
    "mel_bins": 64,
    "max_time_mask": 10,
    "max_freq_mask": 10,
    "optimizer": "adam",
    "__timestamp__": 20201111091736,
    "verbose": 1,
    "epochs": 600,
    "steps": 311,
    "cpu_1": 0.34301530859956986,
    "cpu_10": 0.07543803179942188,
    "cpu_100": 0.46103796460010926,
    "gpu_1": 0.09469277519892785,
    "gpu_10": 0.03421289320103824,
    "gpu_100": 0.07177290359904873,
    "trainable_params": 754497,
    "non_trainable_params": 0.0,
    "total_params": 754497.0,
    "final_val_loss": 0.009396149776875973,
    "final_val_precision": 0.9912023544311523,
    "final_val_recall": 0.9684813618659973,
    "final_val_accuracy": 0.9978938102722168,
    "final_test_loss": 0.011930136941373348,
    "final_test_precision": 0.9712643623352051,
    "final_test_recall": 0.9684813618659973,
    "final_test_accuracy": 0.9968401789665222
}