{
    "dataset": "dataset_half_notrim_tensors",
    "train_split": 0.6,
    "val_split": 0.2,
    "test_split": 0.2,
    "sample_rate": 16000,
    "min_freq": 0,
    "max_freq": 8000,
    "pos_weight": 0.1,
    "frame_size": 128,
    "frame_step": 128,
    "fft_size": 256,
    "mel_bins": 32,
    "max_time_mask": 10,
    "max_freq_mask": 10,
    "conv_layers": 2,
    "conv_filters": 32,
    "conv_kernel_size": 3,
    "conv_stride": 3,
    "maxpool_size": 1,
    "dense_layers": 3,
    "dense_units": 64,
    "dropout": 0.11155375300682911,
    "batch_size": 128,
    "learning_rate": 0.0001,
    "optimizer": "adam",
    "__timestamp__": 20201109050535,
    "verbose": 0,
    "epochs": 200,
    "steps": 155,
    "cpu_1": 0.0697847769999953,
    "cpu_10": 0.05311878420002358,
    "cpu_100": 0.282013100200038,
    "gpu_1": 0.03872763280000981,
    "gpu_10": 0.03027348460000212,
    "gpu_100": 0.042868937199955326,
    "trainable_params": 65441,
    "non_trainable_params": 192,
    "total_params": 65633,
    "final_val_loss": 0.042508818209171295,
    "final_val_precision": 0.9063444137573242,
    "final_val_recall": 0.8595988750457764,
    "final_val_accuracy": 0.9879645109176636,
    "final_test_loss": 0.03667271137237549,
    "final_test_precision": 0.8982558250427246,
    "final_test_recall": 0.8853868246078491,
    "final_test_accuracy": 0.9887149930000305
}