{
    "dataset": "dataset_half_notrim_tensors",
    "train_split": 0.6,
    "val_split": 0.2,
    "test_split": 0.2,
    "sample_rate": 16000,
    "min_freq": 0,
    "max_freq": 8000,
    "pos_weight": 0.5,
    "frame_size": 1024,
    "frame_step": 512,
    "fft_size": 2048,
    "mel_bins": 16,
    "max_time_mask": 10,
    "max_freq_mask": 10,
    "conv_layers": 2,
    "conv_filters": 64,
    "conv_kernel_size": 5,
    "conv_stride": 1,
    "maxpool_size": 3,
    "dense_layers": 1,
    "dense_units": 64,
    "dropout": 0.11825105241990559,
    "batch_size": 64,
    "learning_rate": 0.0031622776601683794,
    "optimizer": "adam",
    "__timestamp__": 20201109094042,
    "verbose": 0,
    "epochs": 200,
    "steps": 311,
    "cpu_1": 0.07531266240039258,
    "cpu_10": 0.09355372600039118,
    "cpu_100": 0.6978903491995879,
    "gpu_1": 0.04181934500011266,
    "gpu_10": 0.029624213200440862,
    "gpu_100": 0.04393079959918396,
    "trainable_params": 54977,
    "non_trainable_params": 384,
    "total_params": 55361,
    "final_val_loss": 0.0520736426115036,
    "final_val_precision": 0.790243923664093,
    "final_val_recall": 0.9283667802810669,
    "final_val_accuracy": 0.9833007454872131,
    "final_test_loss": 0.04829719290137291,
    "final_test_precision": 0.8053528070449829,
    "final_test_recall": 0.9484240412712097,
    "final_test_accuracy": 0.9852542877197266
}