{
    "dataset": "dataset_half_notrim_tensors",
    "train_split": 0.6,
    "val_split": 0.2,
    "test_split": 0.2,
    "sample_rate": 16000,
    "min_freq": 0,
    "max_freq": 8000,
    "pos_weight": 0.1,
    "conv_filters": 32,
    "conv_kernel_size": 3,
    "conv_stride": 2,
    "recurrent_cell": "gru",
    "recurrent_layers": 4,
    "recurrent_units": 128,
    "batch_size": 256,
    "learning_rate": 0.001,
    "frame_size": 512,
    "frame_step": 256,
    "fft_size": 512,
    "mel_bins": 64,
    "max_time_mask": 10,
    "max_freq_mask": 10,
    "optimizer": "adam",
    "__timestamp__": 20201111061040,
    "verbose": 1,
    "epochs": 600,
    "steps": 77,
    "cpu_1": 0.2530793393998465,
    "cpu_10": 0.06771165399986785,
    "cpu_100": 0.4022847922002256,
    "gpu_1": 0.08110297540042666,
    "gpu_10": 0.03555159460047434,
    "gpu_100": 0.056037549599568595,
    "trainable_params": 365729,
    "non_trainable_params": 0.0,
    "total_params": 365729.0,
    "final_val_loss": 0.008387681096792221,
    "final_val_precision": 0.9941176176071167,
    "final_val_recall": 0.9684813618659973,
    "final_val_accuracy": 0.9980442523956299,
    "final_test_loss": 0.006833449937403202,
    "final_test_precision": 0.9882698059082031,
    "final_test_recall": 0.9656160473823547,
    "final_test_accuracy": 0.9975925087928772
}