{
    "num_epochs": 82,
    "dataset": "dataset_half_notrim_tensors",
    "train_split": 0.6,
    "val_split": 0.2,
    "test_split": 0.2,
    "sample_rate": 16000,
    "min_freq": 0,
    "max_freq": 8000,
    "n_timesteps": 4,
    "conv_filters": 64,
    "conv_kernel_size": 5,
    "conv_stride": 2,
    "recurrent_cell": "bi-gru",
    "recurrent_layers": 2,
    "recurrent_units": 64,
    "batch_size": 256,
    "learning_rate": 0.001,
    "pos_weight": 0.1,
    "optimizer": "adam",
    "__timestamp__": 20201115035827,
    "verbose": 0,
    "epochs": 100,
    "steps": 77,
    "cpu_1": 0.3889030031996299,
    "cpu_10": 0.3385149735999221,
    "cpu_100": 1.9268654757997865,
    "gpu_1": 0.20377015779977228,
    "gpu_10": 0.18446579199990082,
    "gpu_100": 0.6731718689999979,
    "trainable_params": 125889,
    "non_trainable_params": 0.0,
    "total_params": 125889.0,
    "final_val_loss": 0.037059273570775986,
    "final_val_precision": 0.9468749761581421,
    "final_val_recall": 0.8681948184967041,
    "final_val_accuracy": 0.990522027015686,
    "final_test_loss": 0.03604406490921974,
    "final_test_precision": 0.9315476417541504,
    "final_test_recall": 0.8968481421470642,
    "final_test_accuracy": 0.9911224842071533
}