{
    "dataset": "dataset_half_notrim_tensors",
    "train_split": 0.6,
    "val_split": 0.2,
    "test_split": 0.2,
    "sample_rate": 16000,
    "min_freq": 0,
    "max_freq": 8000,
    "pos_weight": 0.05253655894565806,
    "conv_filters": 32,
    "conv_kernel_size": 3,
    "conv_stride": 1,
    "recurrent_cell": "gru",
    "recurrent_layers": 4,
    "recurrent_units": 64,
    "batch_size": 128,
    "learning_rate": 0.001,
    "frame_size": 512,
    "frame_step": 256,
    "fft_size": 512,
    "mel_bins": 64,
    "max_time_mask": 10,
    "max_freq_mask": 10,
    "optimizer": "adam",
    "__timestamp__": 20201110165721,
    "verbose": 1,
    "epochs": 600,
    "steps": 155,
    "cpu_1": 0.27266015199984395,
    "cpu_10": 0.07595290640001622,
    "cpu_100": 0.4085932722002326,
    "gpu_1": 0.0814156610000282,
    "gpu_10": 0.038971593200403734,
    "gpu_100": 0.07487746919960045,
    "trainable_params": 99937,
    "non_trainable_params": 0.0,
    "total_params": 99937.0,
    "final_val_loss": 0.009952260181307793,
    "final_val_precision": 0.9854227304458618,
    "final_val_recall": 0.9684813618659973,
    "final_val_accuracy": 0.9975929260253906,
    "final_test_loss": 0.010720986872911453,
    "final_test_precision": 0.9739130139350891,
    "final_test_recall": 0.9627507328987122,
    "final_test_accuracy": 0.9966897368431091
}