{
    "dataset": "dataset_half_notrim_tensors",
    "train_split": 0.6,
    "val_split": 0.2,
    "test_split": 0.2,
    "sample_rate": 16000,
    "min_freq": 0,
    "max_freq": 8000,
    "pos_weight": 0.5,
    "conv_filters": 64,
    "conv_kernel_size": 3,
    "conv_stride": 3,
    "recurrent_cell": "bi-gru",
    "recurrent_layers": 3,
    "recurrent_units": 128,
    "batch_size": 128,
    "learning_rate": 3.1622776601683795e-05,
    "frame_size": 512,
    "frame_step": 256,
    "fft_size": 512,
    "mel_bins": 64,
    "max_time_mask": 10,
    "max_freq_mask": 10,
    "optimizer": "adam",
    "__timestamp__": 20201110214145,
    "verbose": 1,
    "epochs": 600,
    "steps": 155,
    "cpu_1": 0.3697562006003864,
    "cpu_10": 0.07953035499958787,
    "cpu_100": 0.45022798360005256,
    "gpu_1": 0.10557791299943346,
    "gpu_10": 0.03884615720089642,
    "gpu_100": 0.06664828139983,
    "trainable_params": 754497,
    "non_trainable_params": 0.0,
    "total_params": 754497.0,
    "final_val_loss": 0.02027791365981102,
    "final_val_precision": 0.9731343388557434,
    "final_val_recall": 0.934097409248352,
    "final_val_accuracy": 0.9951857924461365,
    "final_test_loss": 0.02119317464530468,
    "final_test_precision": 0.9505813717842102,
    "final_test_recall": 0.9369627237319946,
    "final_test_accuracy": 0.9941318035125732
}