{
    "dataset": "dataset_half_notrim_tensors",
    "train_split": 0.6,
    "val_split": 0.2,
    "test_split": 0.2,
    "sample_rate": 16000,
    "min_freq": 0,
    "max_freq": 8000,
    "pos_weight": 0.2,
    "frame_size": 256,
    "frame_step": 128,
    "fft_size": 512,
    "mel_bins": 128,
    "max_time_mask": 10,
    "max_freq_mask": 10,
    "conv_layers": 1,
    "conv_filters": 32,
    "conv_kernel_size": 3,
    "conv_stride": 2,
    "maxpool_size": 3,
    "dense_layers": 2,
    "dense_units": 64,
    "dropout": 0.1997147987525756,
    "batch_size": 128,
    "learning_rate": 0.01,
    "optimizer": "adam",
    "__timestamp__": 20201109052735,
    "verbose": 0,
    "epochs": 200,
    "steps": 155,
    "cpu_1": 0.0747374825999941,
    "cpu_10": 0.09399992239996209,
    "cpu_100": 0.6297529356000269,
    "gpu_1": 0.04304975899985948,
    "gpu_10": 0.032430125399969256,
    "gpu_100": 0.04233986139997796,
    "trainable_params": 55521,
    "non_trainable_params": 64,
    "total_params": 55585,
    "final_val_loss": 0.03376965969800949,
    "final_val_precision": 0.9365558624267578,
    "final_val_recall": 0.8882521390914917,
    "final_val_accuracy": 0.9909733533859253,
    "final_test_loss": 0.050700023770332336,
    "final_test_precision": 0.9402984976768494,
    "final_test_recall": 0.9025787711143494,
    "final_test_accuracy": 0.9918748140335083
}