{
    "dataset": "dataset_half_notrim_tensors",
    "train_split": 0.6,
    "val_split": 0.2,
    "test_split": 0.2,
    "sample_rate": 16000,
    "min_freq": 0,
    "max_freq": 8000,
    "pos_weight": 0.3,
    "n_timesteps": 2,
    "conv_filters": 32,
    "conv_kernel_size": 1,
    "conv_stride": 2,
    "recurrent_cell": "bi-gru",
    "recurrent_layers": 4,
    "recurrent_units": 32,
    "batch_size": 64,
    "learning_rate": 0.0031622776601683794,
    "optimizer": "adam",
    "__timestamp__": 20201109052844,
    "verbose": 2,
    "epochs": 200,
    "steps": 311,
    "cpu_1": 0.6193074133996561,
    "cpu_10": 0.31417498120063103,
    "cpu_100": 1.2586748874000477,
    "gpu_1": 0.23268181859966716,
    "gpu_10": 0.17332664339992335,
    "gpu_100": 0.6433169227995676,
    "trainable_params": 66113,
    "non_trainable_params": 0.0,
    "total_params": 66113.0,
    "final_val_loss": 0.0419762022793293,
    "final_val_precision": 0.8812154531478882,
    "final_val_recall": 0.9140400886535645,
    "final_val_accuracy": 0.9890176057815552,
    "final_test_loss": 0.05599784106016159,
    "final_test_precision": 0.8463611602783203,
    "final_test_recall": 0.8997134566307068,
    "final_test_accuracy": 0.9861570596694946
}