{
    "dataset": "dataset_half_notrim_tensors",
    "train_split": 0.6,
    "val_split": 0.2,
    "test_split": 0.2,
    "sample_rate": 16000,
    "min_freq": 0,
    "max_freq": 8000,
    "pos_weight": 0.2,
    "frame_size": 256,
    "frame_step": 256,
    "fft_size": 512,
    "mel_bins": 64,
    "max_time_mask": 10,
    "max_freq_mask": 10,
    "conv_filters": 64,
    "conv_kernel_size": 1,
    "conv_stride": 2,
    "recurrent_cell": "bi-gru",
    "recurrent_layers": 4,
    "recurrent_units": 32,
    "batch_size": 64,
    "learning_rate": 0.0031622776601683794,
    "optimizer": "adam",
    "__timestamp__": 20201109104124,
    "verbose": 0,
    "epochs": 200,
    "steps": 311,
    "cpu_1": 0.43865884699989693,
    "cpu_10": 0.06562808399903589,
    "cpu_100": 0.3578199656003562,
    "gpu_1": 0.11246520380082074,
    "gpu_10": 0.040462790600577135,
    "gpu_100": 0.08183499939914327,
    "trainable_params": 79489,
    "non_trainable_params": 0.0,
    "total_params": 79489.0,
    "final_val_loss": 0.012312488630414009,
    "final_val_precision": 0.9629629850387573,
    "final_val_recall": 0.9684813618659973,
    "final_val_accuracy": 0.9963893294334412,
    "final_test_loss": 0.014855935238301754,
    "final_test_precision": 0.9623188376426697,
    "final_test_recall": 0.9512894153594971,
    "final_test_accuracy": 0.9954860210418701
}