{
    "num_epochs": 46,
    "dataset": "dataset_half_notrim_tensors",
    "train_split": 0.6,
    "val_split": 0.2,
    "test_split": 0.2,
    "sample_rate": 16000,
    "min_freq": 0,
    "max_freq": 8000,
    "n_timesteps": 32,
    "conv_filters": 32,
    "conv_kernel_size": 15,
    "conv_stride": 2,
    "recurrent_cell": "gru",
    "recurrent_layers": 3,
    "recurrent_units": 128,
    "batch_size": 128,
    "learning_rate": 0.00031622776601683794,
    "pos_weight": 0.1,
    "optimizer": "adam",
    "__timestamp__": 20201115034224,
    "verbose": 0,
    "epochs": 100,
    "steps": 155,
    "cpu_1": 0.2636737740000171,
    "cpu_10": 0.08424995740001577,
    "cpu_100": 0.47462381839998213,
    "gpu_1": 0.07425015300000268,
    "gpu_10": 0.04887640320000628,
    "gpu_100": 0.10605143520001548,
    "trainable_params": 275873,
    "non_trainable_params": 0.0,
    "total_params": 275873.0,
    "final_val_loss": 0.036782726645469666,
    "final_val_precision": 0.9171779155731201,
    "final_val_recall": 0.856733500957489,
    "final_val_accuracy": 0.9884158372879028,
    "final_test_loss": 0.03925652801990509,
    "final_test_precision": 0.9076923131942749,
    "final_test_recall": 0.8452721834182739,
    "final_test_accuracy": 0.9873608350753784
}