{
    "dataset": "dataset_half_notrim_tensors",
    "train_split": 0.6,
    "val_split": 0.2,
    "test_split": 0.2,
    "sample_rate": 16000,
    "min_freq": 0,
    "max_freq": 8000,
    "pos_weight": 0.05253655894565806,
    "frame_size": 256,
    "frame_step": 128,
    "fft_size": 256,
    "mel_bins": 128,
    "max_time_mask": 10,
    "max_freq_mask": 10,
    "conv_layers": 1,
    "conv_filters": 32,
    "conv_kernel_size": 3,
    "conv_stride": 1,
    "maxpool_size": 3,
    "dense_layers": 3,
    "dense_units": 64,
    "dropout": 0.15697907303461878,
    "batch_size": 64,
    "learning_rate": 0.01,
    "optimizer": "adam",
    "__timestamp__": 20201109055319,
    "verbose": 0,
    "epochs": 200,
    "steps": 311,
    "cpu_1": 0.06691751660000592,
    "cpu_10": 0.056191852199845016,
    "cpu_100": 0.31556167280032243,
    "gpu_1": 0.04088521379999292,
    "gpu_10": 0.030119298799763782,
    "gpu_100": 0.04497338319997653,
    "trainable_params": 96993,
    "non_trainable_params": 64,
    "total_params": 97057,
    "final_val_loss": 0.04053647071123123,
    "final_val_precision": 0.9511400461196899,
    "final_val_recall": 0.8366762399673462,
    "final_val_accuracy": 0.9891680479049683,
    "final_test_loss": 0.04548792541027069,
    "final_test_precision": 0.9281045794487,
    "final_test_recall": 0.813753604888916,
    "final_test_accuracy": 0.9869093894958496
}