{
    "dataset": "dataset_half_notrim_tensors",
    "train_split": 0.6,
    "val_split": 0.2,
    "test_split": 0.2,
    "sample_rate": 16000,
    "min_freq": 0,
    "max_freq": 8000,
    "pos_weight": 0.3,
    "frame_size": 256,
    "frame_step": 128,
    "fft_size": 256,
    "mel_bins": 128,
    "max_time_mask": 10,
    "max_freq_mask": 10,
    "conv_filters": 32,
    "conv_kernel_size": 3,
    "conv_stride": 2,
    "recurrent_cell": "lstm",
    "recurrent_layers": 2,
    "recurrent_units": 64,
    "batch_size": 256,
    "learning_rate": 0.00031622776601683794,
    "optimizer": "adam",
    "__timestamp__": 20201109070157,
    "verbose": 0,
    "epochs": 200,
    "steps": 77,
    "cpu_1": 0.1905517528000928,
    "cpu_10": 0.06460631100017053,
    "cpu_100": 0.33258846299995637,
    "gpu_1": 0.067076621400156,
    "gpu_10": 0.03733051699982752,
    "gpu_100": 0.057296771799701676,
    "trainable_params": 70241,
    "non_trainable_params": 0.0,
    "total_params": 70241.0,
    "final_val_loss": 0.015470752492547035,
    "final_val_precision": 0.9625360369682312,
    "final_val_recall": 0.9570200443267822,
    "final_val_accuracy": 0.9957875609397888,
    "final_test_loss": 0.017174962908029556,
    "final_test_precision": 0.9413408041000366,
    "final_test_recall": 0.9656160473823547,
    "final_test_accuracy": 0.9950346350669861
}