{
    "dataset": "dataset_half_notrim_tensors",
    "train_split": 0.6,
    "val_split": 0.2,
    "test_split": 0.2,
    "sample_rate": 16000,
    "min_freq": 0,
    "max_freq": 8000,
    "pos_weight": 0.1,
    "conv_layers": 2,
    "conv_filters": 64,
    "conv_kernel_size": 5,
    "conv_stride": 1,
    "maxpool_size": 3,
    "dense_layers": 1,
    "dense_units": 64,
    "dropout": 0.19191596566381672,
    "batch_size": 256,
    "learning_rate": 0.001,
    "frame_size": 512,
    "frame_step": 256,
    "fft_size": 512,
    "mel_bins": 64,
    "max_time_mask": 10,
    "max_freq_mask": 10,
    "optimizer": "adam",
    "__timestamp__": 20201111063110,
    "verbose": 0,
    "epochs": 200,
    "steps": 77,
    "cpu_1": 0.07959013680010685,
    "cpu_10": 0.06502620239989483,
    "cpu_100": 0.35277740480014474,
    "gpu_1": 0.04853990280025755,
    "gpu_10": 0.03613751679877168,
    "gpu_100": 0.05292750540029374,
    "trainable_params": 103105,
    "non_trainable_params": 384,
    "total_params": 103489,
    "final_val_loss": 0.013701288029551506,
    "final_val_precision": 0.9736841917037964,
    "final_val_recall": 0.9541547298431396,
    "final_val_accuracy": 0.9962388873100281,
    "final_test_loss": 0.014931190758943558,
    "final_test_precision": 0.9713466763496399,
    "final_test_recall": 0.9713466763496399,
    "final_test_accuracy": 0.9969906806945801
}