{
    "dataset": "dataset_half_notrim_tensors",
    "train_split": 0.6,
    "val_split": 0.2,
    "test_split": 0.2,
    "sample_rate": 16000,
    "min_freq": 0,
    "max_freq": 8000,
    "pos_weight": 0.4,
    "n_timesteps": 32,
    "conv_filters": 32,
    "conv_kernel_size": 3,
    "conv_stride": 3,
    "recurrent_cell": "lstm",
    "recurrent_layers": 1,
    "recurrent_units": 32,
    "batch_size": 64,
    "learning_rate": 3.1622776601683795e-05,
    "optimizer": "adam",
    "__timestamp__": 20201111025443,
    "verbose": 2,
    "epochs": 200,
    "steps": 311,
    "cpu_1": 0.13703138820001187,
    "cpu_10": 0.05227108559993212,
    "cpu_100": 0.09454330420003317,
    "gpu_1": 0.05786673840011645,
    "gpu_10": 0.04195984559992212,
    "gpu_100": 0.06470895379998183,
    "trainable_params": 11457,
    "non_trainable_params": 0.0,
    "total_params": 11457.0,
    "final_val_loss": 0.2602207660675049,
    "final_val_precision": 0.25220680236816406,
    "final_val_recall": 0.5730658769607544,
    "final_val_accuracy": 0.88837069272995,
    "final_test_loss": 0.2663404643535614,
    "final_test_precision": 0.2544378638267517,
    "final_test_recall": 0.6160458326339722,
    "final_test_accuracy": 0.8850436210632324
}