{
    "dataset": "dataset_half_notrim_tensors",
    "train_split": 0.6,
    "val_split": 0.2,
    "test_split": 0.2,
    "sample_rate": 16000,
    "min_freq": 0,
    "max_freq": 8000,
    "pos_weight": 0.4,
    "conv_layers": 3,
    "conv_filters": 32,
    "conv_kernel_size": 3,
    "conv_stride": 1,
    "maxpool_size": 3,
    "dense_layers": 3,
    "dense_units": 64,
    "dropout": 0.14324319159371574,
    "batch_size": 128,
    "learning_rate": 0.001,
    "frame_size": 512,
    "frame_step": 256,
    "fft_size": 512,
    "mel_bins": 64,
    "max_time_mask": 10,
    "max_freq_mask": 10,
    "optimizer": "adam",
    "__timestamp__": 20201111030749,
    "verbose": 0,
    "epochs": 200,
    "steps": 155,
    "cpu_1": 0.08054925940014072,
    "cpu_10": 0.056682879400068484,
    "cpu_100": 0.31797826080000957,
    "gpu_1": 0.046436429400091586,
    "gpu_10": 0.03221504800021648,
    "gpu_100": 0.05014770720008528,
    "trainable_params": 48417,
    "non_trainable_params": 448,
    "total_params": 48865,
    "final_val_loss": 0.024903826415538788,
    "final_val_precision": 0.9320113062858582,
    "final_val_recall": 0.9426934123039246,
    "final_val_accuracy": 0.9933804869651794,
    "final_test_loss": 0.027114257216453552,
    "final_test_precision": 0.8909574747085571,
    "final_test_recall": 0.9598853588104248,
    "final_test_accuracy": 0.9917243719100952
}