{
    "dataset": "dataset_half_notrim_tensors",
    "train_split": 0.6,
    "val_split": 0.2,
    "test_split": 0.2,
    "sample_rate": 16000,
    "min_freq": 0,
    "max_freq": 8000,
    "pos_weight": 0.1,
    "conv_filters": 64,
    "conv_kernel_size": 3,
    "conv_stride": 3,
    "recurrent_cell": "bi-gru",
    "recurrent_layers": 2,
    "recurrent_units": 32,
    "batch_size": 256,
    "learning_rate": 3.1622776601683795e-05,
    "frame_size": 512,
    "frame_step": 256,
    "fft_size": 512,
    "mel_bins": 64,
    "max_time_mask": 10,
    "max_freq_mask": 10,
    "optimizer": "adam",
    "__timestamp__": 20201110172529,
    "verbose": 1,
    "epochs": 600,
    "steps": 77,
    "cpu_1": 0.2612914149995049,
    "cpu_10": 0.06074211099985405,
    "cpu_100": 0.33487746460014023,
    "gpu_1": 0.07514226239982236,
    "gpu_10": 0.0341007000002719,
    "gpu_100": 0.05909682480014453,
    "trainable_params": 50049,
    "non_trainable_params": 0.0,
    "total_params": 50049.0,
    "final_val_loss": 0.021088793873786926,
    "final_val_precision": 0.9557521939277649,
    "final_val_recall": 0.9283667802810669,
    "final_val_accuracy": 0.9939822554588318,
    "final_test_loss": 0.020562967285513878,
    "final_test_precision": 0.961309552192688,
    "final_test_recall": 0.9255014061927795,
    "final_test_accuracy": 0.9941318035125732
}