{
    "dataset": "dataset_half_notrim_tensors",
    "train_split": 0.6,
    "val_split": 0.2,
    "test_split": 0.2,
    "sample_rate": 16000,
    "min_freq": 0,
    "max_freq": 8000,
    "pos_weight": 0.4,
    "conv_filters": 64,
    "conv_kernel_size": 5,
    "conv_stride": 2,
    "recurrent_cell": "gru",
    "recurrent_layers": 4,
    "recurrent_units": 128,
    "batch_size": 64,
    "learning_rate": 3.1622776601683795e-05,
    "frame_size": 512,
    "frame_step": 256,
    "fft_size": 512,
    "mel_bins": 64,
    "max_time_mask": 10,
    "max_freq_mask": 10,
    "optimizer": "adam",
    "__timestamp__": 20201110185629,
    "verbose": 1,
    "epochs": 600,
    "steps": 311,
    "cpu_1": 0.2745858565998788,
    "cpu_10": 0.07276960699964548,
    "cpu_100": 0.42347806340003447,
    "gpu_1": 0.0797874227995635,
    "gpu_10": 0.033456648399806,
    "gpu_100": 0.06025269240089983,
    "trainable_params": 392385,
    "non_trainable_params": 0.0,
    "total_params": 392385.0,
    "final_val_loss": 0.011920910328626633,
    "final_val_precision": 0.9710982441902161,
    "final_val_recall": 0.9627507328987122,
    "final_val_accuracy": 0.9965397715568542,
    "final_test_loss": 0.01720375381410122,
    "final_test_precision": 0.9490085244178772,
    "final_test_recall": 0.9598853588104248,
    "final_test_accuracy": 0.9951850771903992
}