{
    "dataset": "dataset_half_notrim_tensors",
    "train_split": 0.6,
    "val_split": 0.2,
    "test_split": 0.2,
    "sample_rate": 16000,
    "min_freq": 0,
    "max_freq": 8000,
    "pos_weight": 0.4,
    "frame_size": 1024,
    "frame_step": 512,
    "fft_size": 2048,
    "mel_bins": 64,
    "max_time_mask": 10,
    "max_freq_mask": 10,
    "conv_filters": 32,
    "conv_kernel_size": 1,
    "conv_stride": 1,
    "recurrent_cell": "gru",
    "recurrent_layers": 3,
    "recurrent_units": 128,
    "batch_size": 256,
    "learning_rate": 0.00031622776601683794,
    "optimizer": "adam",
    "__timestamp__": 20201109105136,
    "verbose": 0,
    "epochs": 200,
    "steps": 77,
    "cpu_1": 0.21855721320025623,
    "cpu_10": 0.10905939280055463,
    "cpu_100": 0.7705176237992418,
    "gpu_1": 0.06514528519983287,
    "gpu_10": 0.03599730639907648,
    "gpu_100": 0.06031651580124162,
    "trainable_params": 262561,
    "non_trainable_params": 0.0,
    "total_params": 262561.0,
    "final_val_loss": 0.013986052945256233,
    "final_val_precision": 0.9881656765937805,
    "final_val_recall": 0.9570200443267822,
    "final_val_accuracy": 0.9971415400505066,
    "final_test_loss": 0.014980092644691467,
    "final_test_precision": 0.9792899489402771,
    "final_test_recall": 0.9484240412712097,
    "final_test_accuracy": 0.9962383508682251
}