{
    "dataset": "dataset_half_notrim_tensors",
    "train_split": 0.6,
    "val_split": 0.2,
    "test_split": 0.2,
    "sample_rate": 16000,
    "min_freq": 0,
    "max_freq": 8000,
    "pos_weight": 0.5,
    "frame_size": 512,
    "frame_step": 256,
    "fft_size": 512,
    "mel_bins": 64,
    "max_time_mask": 10,
    "max_freq_mask": 10,
    "conv_kernel_size": 3,
    "conv_stride": 1,
    "conv_filters": 32,
    "recurrent_cell": "gru",
    "recurrent_layers": 3,
    "recurrent_units": 64,
    "batch_size": 128,
    "optimizer": "adam",
    "learning_rate": 0.001,
    "__timestamp__": 20201109040102,
    "verbose": 1,
    "epochs": 3,
    "steps": 155,
    "cpu_1": 0.24993060099998274,
    "cpu_10": 0.07632644839997056,
    "cpu_100": 0.4139287553999907,
    "gpu_1": 0.06846917880000092,
    "gpu_10": 0.03789795559999902,
    "gpu_100": 0.06868971880001026,
    "trainable_params": 74977,
    "non_trainable_params": 0.0,
    "total_params": 74977.0,
    "final_val_loss": 0.05525030568242073,
    "final_val_precision": 0.7427293062210083,
    "final_val_recall": 0.9512894153594971,
    "final_val_accuracy": 0.9801414012908936,
    "final_test_loss": 0.05421476811170578,
    "final_test_precision": 0.7621247172355652,
    "final_test_recall": 0.9455587267875671,
    "final_test_accuracy": 0.9816430807113647
}