{
    "dataset": "dataset_half_notrim_tensors",
    "train_split": 0.6,
    "val_split": 0.2,
    "test_split": 0.2,
    "sample_rate": 16000,
    "min_freq": 0,
    "max_freq": 8000,
    "pos_weight": 0.05253655894565806,
    "conv_filters": 64,
    "conv_kernel_size": 5,
    "conv_stride": 3,
    "recurrent_cell": "bi-gru",
    "recurrent_layers": 2,
    "recurrent_units": 64,
    "batch_size": 64,
    "learning_rate": 0.00031622776601683794,
    "frame_size": 512,
    "frame_step": 256,
    "fft_size": 512,
    "mel_bins": 64,
    "max_time_mask": 10,
    "max_freq_mask": 10,
    "optimizer": "adam",
    "__timestamp__": 20201110152650,
    "verbose": 1,
    "epochs": 600,
    "steps": 311,
    "cpu_1": 0.24004534859996057,
    "cpu_10": 0.057767727399914294,
    "cpu_100": 0.32628733340006877,
    "gpu_1": 0.07817905899992184,
    "gpu_10": 0.03535929739991843,
    "gpu_100": 0.06111544299983507,
    "trainable_params": 145089,
    "non_trainable_params": 0.0,
    "total_params": 145089.0,
    "final_val_loss": 0.010530145838856697,
    "final_val_precision": 0.9852941036224365,
    "final_val_recall": 0.9598853588104248,
    "final_val_accuracy": 0.9971415400505066,
    "final_test_loss": 0.00997838843613863,
    "final_test_precision": 0.9794721603393555,
    "final_test_recall": 0.9570200443267822,
    "final_test_accuracy": 0.9966897368431091
}