{
    "dataset": "dataset_half_notrim_tensors",
    "train_split": 0.6,
    "val_split": 0.2,
    "test_split": 0.2,
    "sample_rate": 16000,
    "min_freq": 0,
    "max_freq": 8000,
    "pos_weight": 0.4,
    "conv_filters": 64,
    "conv_kernel_size": 3,
    "conv_stride": 3,
    "recurrent_cell": "bi-gru",
    "recurrent_layers": 2,
    "recurrent_units": 32,
    "batch_size": 128,
    "learning_rate": 3.1622776601683795e-05,
    "frame_size": 512,
    "frame_step": 256,
    "fft_size": 512,
    "mel_bins": 64,
    "max_time_mask": 10,
    "max_freq_mask": 10,
    "optimizer": "adam",
    "__timestamp__": 20201110140507,
    "verbose": 0,
    "epochs": 600,
    "steps": 155,
    "cpu_1": 0.35067885239996033,
    "cpu_10": 0.08116718499986746,
    "cpu_100": 0.4109965313999055,
    "gpu_1": 0.09091358819987364,
    "gpu_10": 0.045112388799861944,
    "gpu_100": 0.07640083819997016,
    "trainable_params": 50049,
    "non_trainable_params": 0.0,
    "total_params": 50049.0,
    "final_val_loss": 0.02322142943739891,
    "final_val_precision": 0.939481258392334,
    "final_val_recall": 0.934097409248352,
    "final_val_accuracy": 0.9933804869651794,
    "final_test_loss": 0.02666848711669445,
    "final_test_precision": 0.8985915780067444,
    "final_test_recall": 0.9140400886535645,
    "final_test_accuracy": 0.9900692105293274
}