{
    "dataset": "dataset_half_notrim_tensors",
    "train_split": 0.6,
    "val_split": 0.2,
    "test_split": 0.2,
    "sample_rate": 16000,
    "min_freq": 0,
    "max_freq": 8000,
    "pos_weight": 0.1,
    "conv_filters": 64,
    "conv_kernel_size": 1,
    "conv_stride": 2,
    "recurrent_cell": "bi-gru",
    "recurrent_layers": 4,
    "recurrent_units": 64,
    "batch_size": 128,
    "learning_rate": 0.00031622776601683794,
    "frame_size": 512,
    "frame_step": 256,
    "fft_size": 512,
    "mel_bins": 64,
    "max_time_mask": 10,
    "max_freq_mask": 10,
    "optimizer": "adam",
    "__timestamp__": 20201110165050,
    "verbose": 1,
    "epochs": 600,
    "steps": 155,
    "cpu_1": 0.47572699459997236,
    "cpu_10": 0.07238972380000633,
    "cpu_100": 0.4088662681999267,
    "gpu_1": 0.12616981960018164,
    "gpu_10": 0.04255438959953608,
    "gpu_100": 0.08710595019983884,
    "trainable_params": 277697,
    "non_trainable_params": 0.0,
    "total_params": 277697.0,
    "final_val_loss": 0.010112030431628227,
    "final_val_precision": 0.9795918464660645,
    "final_val_recall": 0.9627507328987122,
    "final_val_accuracy": 0.9969910979270935,
    "final_test_loss": 0.011505882255733013,
    "final_test_precision": 0.97398841381073,
    "final_test_recall": 0.9656160473823547,
    "final_test_accuracy": 0.9968401789665222
}