{
    "dataset": "dataset_half_notrim_tensors",
    "train_split": 0.6,
    "val_split": 0.2,
    "test_split": 0.2,
    "sample_rate": 16000,
    "min_freq": 0,
    "max_freq": 8000,
    "pos_weight": 0.3,
    "conv_filters": 32,
    "conv_kernel_size": 5,
    "conv_stride": 2,
    "recurrent_cell": "bi-gru",
    "recurrent_layers": 3,
    "recurrent_units": 128,
    "batch_size": 256,
    "learning_rate": 3.162277660168379e-06,
    "frame_size": 512,
    "frame_step": 256,
    "fft_size": 512,
    "mel_bins": 64,
    "max_time_mask": 10,
    "max_freq_mask": 10,
    "optimizer": "adam",
    "__timestamp__": 20201110141336,
    "verbose": 0,
    "epochs": 600,
    "steps": 77,
    "cpu_1": 0.3223531551999258,
    "cpu_10": 0.07308586900007867,
    "cpu_100": 0.43660186899996917,
    "gpu_1": 0.08208967299997312,
    "gpu_10": 0.034665817999939466,
    "gpu_100": 0.066374824399918,
    "trainable_params": 727841,
    "non_trainable_params": 0.0,
    "total_params": 727841.0,
    "final_val_loss": 0.046981941908597946,
    "final_val_precision": 0.7980049848556519,
    "final_val_recall": 0.9169054627418518,
    "final_val_accuracy": 0.9834511876106262,
    "final_test_loss": 0.049811553210020065,
    "final_test_precision": 0.7726161479949951,
    "final_test_recall": 0.9054441452026367,
    "final_test_accuracy": 0.9810412526130676
}