{
    "dataset": "dataset_half_notrim_tensors",
    "train_split": 0.6,
    "val_split": 0.2,
    "test_split": 0.2,
    "sample_rate": 16000,
    "min_freq": 0,
    "max_freq": 8000,
    "pos_weight": 0.05253655894565806,
    "frame_size": 128,
    "frame_step": 128,
    "fft_size": 256,
    "mel_bins": 64,
    "max_time_mask": 10,
    "max_freq_mask": 10,
    "conv_layers": 2,
    "conv_filters": 64,
    "conv_kernel_size": 5,
    "conv_stride": 1,
    "maxpool_size": 3,
    "dense_layers": 1,
    "dense_units": 64,
    "dropout": 0.1872320001847538,
    "batch_size": 128,
    "learning_rate": 0.0031622776601683794,
    "optimizer": "adam",
    "__timestamp__": 20201109045414,
    "verbose": 0,
    "epochs": 200,
    "steps": 155,
    "cpu_1": 0.10226744259996394,
    "cpu_10": 0.05725253919999886,
    "cpu_100": 0.30977129840000545,
    "gpu_1": 0.04030291639996904,
    "gpu_10": 0.03178428260000601,
    "gpu_100": 0.04891533320001144,
    "trainable_params": 160449,
    "non_trainable_params": 384,
    "total_params": 160833,
    "final_val_loss": 0.02180803194642067,
    "final_val_precision": 0.9729729890823364,
    "final_val_recall": 0.9283667802810669,
    "final_val_accuracy": 0.9948849081993103,
    "final_test_loss": 0.028732238337397575,
    "final_test_precision": 0.9649122953414917,
    "final_test_recall": 0.9455587267875671,
    "final_test_accuracy": 0.9953355193138123
}