{
    "num_epochs": 100,
    "dataset": "dataset_half_notrim_tensors",
    "train_split": 0.6,
    "val_split": 0.2,
    "test_split": 0.2,
    "sample_rate": 16000,
    "min_freq": 0,
    "max_freq": 8000,
    "n_timesteps": 5,
    "conv_filters": 32,
    "conv_kernel_size": 15,
    "conv_stride": 4,
    "recurrent_cell": "bi-gru",
    "recurrent_layers": 1,
    "recurrent_units": 64,
    "batch_size": 256,
    "learning_rate": 0.001,
    "pos_weight": 0.1,
    "optimizer": "adam",
    "__timestamp__": 20201115034238,
    "verbose": 0,
    "epochs": 100,
    "steps": 77,
    "cpu_1": 0.17197923560001982,
    "cpu_10": 0.07878904519998287,
    "cpu_100": 0.342147922400045,
    "gpu_1": 0.07311782740002855,
    "gpu_10": 0.05536264759994083,
    "gpu_100": 0.15561088459994607,
    "trainable_params": 40193,
    "non_trainable_params": 0.0,
    "total_params": 40193.0,
    "final_val_loss": 0.0419454388320446,
    "final_val_precision": 0.9296635985374451,
    "final_val_recall": 0.8710601925849915,
    "final_val_accuracy": 0.9897698163986206,
    "final_test_loss": 0.05332092568278313,
    "final_test_precision": 0.901197612285614,
    "final_test_recall": 0.862464189529419,
    "final_test_accuracy": 0.9878122210502625
}