{
    "dataset": "dataset_half_notrim_tensors",
    "train_split": 0.6,
    "val_split": 0.2,
    "test_split": 0.2,
    "sample_rate": 16000,
    "min_freq": 0,
    "max_freq": 8000,
    "pos_weight": 0.1,
    "conv_layers": 3,
    "conv_filters": 32,
    "conv_kernel_size": 3,
    "conv_stride": 2,
    "maxpool_size": 1,
    "dense_layers": 3,
    "dense_units": 64,
    "dropout": 0.13115968774232833,
    "batch_size": 64,
    "learning_rate": 3.1622776601683795e-05,
    "frame_size": 512,
    "frame_step": 256,
    "fft_size": 512,
    "mel_bins": 64,
    "max_time_mask": 10,
    "max_freq_mask": 10,
    "optimizer": "adam",
    "__timestamp__": 20201111024704,
    "verbose": 0,
    "epochs": 200,
    "steps": 311,
    "cpu_1": 0.07817872579998948,
    "cpu_10": 0.05590681159983433,
    "cpu_100": 0.323971179000182,
    "gpu_1": 0.04235163420007666,
    "gpu_10": 0.031152764399939768,
    "gpu_100": 0.04536450919986237,
    "trainable_params": 89377,
    "non_trainable_params": 448,
    "total_params": 89825,
    "final_val_loss": 0.030181752517819405,
    "final_val_precision": 0.9408283829689026,
    "final_val_recall": 0.9111747741699219,
    "final_val_accuracy": 0.9923273921012878,
    "final_test_loss": 0.02971487119793892,
    "final_test_precision": 0.9271137118339539,
    "final_test_recall": 0.9111747741699219,
    "final_test_accuracy": 0.9915738701820374
}