{
    "dataset": "dataset_half_notrim_tensors",
    "train_split": 0.6,
    "val_split": 0.2,
    "test_split": 0.2,
    "sample_rate": 16000,
    "min_freq": 0,
    "max_freq": 8000,
    "pos_weight": 0.1,
    "n_timesteps": 1,
    "conv_filters": 64,
    "conv_kernel_size": 3,
    "conv_stride": 1,
    "recurrent_cell": "gru",
    "recurrent_layers": 1,
    "recurrent_units": 64,
    "batch_size": 64,
    "learning_rate": 0.01,
    "optimizer": "adam",
    "__timestamp__": 20201109073048,
    "verbose": 2,
    "epochs": 200,
    "steps": 311,
    "cpu_1": 0.12013435139997455,
    "cpu_10": 0.06403581480044522,
    "cpu_100": 0.22300433680029527,
    "gpu_1": 0.05773143120022724,
    "gpu_10": 0.04880564899976889,
    "gpu_100": 0.12274854459974449,
    "trainable_params": 15809,
    "non_trainable_params": 0.0,
    "total_params": 15809.0,
    "final_val_loss": 0.04828338325023651,
    "final_val_precision": 0.8407079577445984,
    "final_val_recall": 0.8166189193725586,
    "final_val_accuracy": 0.9822476506233215,
    "final_test_loss": 0.05189111456274986,
    "final_test_precision": 0.8305555582046509,
    "final_test_recall": 0.856733500957489,
    "final_test_accuracy": 0.9832982420921326
}