{
    "dataset": "dataset_half_notrim_tensors",
    "train_split": 0.6,
    "val_split": 0.2,
    "test_split": 0.2,
    "sample_rate": 16000,
    "min_freq": 0,
    "max_freq": 8000,
    "pos_weight": 0.1,
    "n_timesteps": 4,
    "conv_filters": 64,
    "conv_kernel_size": 1,
    "conv_stride": 2,
    "recurrent_cell": "gru",
    "recurrent_layers": 3,
    "recurrent_units": 64,
    "batch_size": 128,
    "learning_rate": 3.162277660168379e-06,
    "optimizer": "adam",
    "__timestamp__": 20201109074215,
    "verbose": 2,
    "epochs": 200,
    "steps": 155,
    "cpu_1": 0.27184070979965325,
    "cpu_10": 0.13275741939978616,
    "cpu_100": 0.6623674435995781,
    "gpu_1": 0.10794750499990187,
    "gpu_10": 0.08652156159987498,
    "gpu_100": 0.26443325219988767,
    "trainable_params": 65729,
    "non_trainable_params": 0.0,
    "total_params": 65729.0,
    "final_val_loss": 0.22064091265201569,
    "final_val_precision": 0.0,
    "final_val_recall": 0.0,
    "final_val_accuracy": 0.9474951028823853,
    "final_test_loss": 0.2206532508134842,
    "final_test_precision": 0.0,
    "final_test_recall": 0.0,
    "final_test_accuracy": 0.9474872350692749
}