{
    "dataset": "dataset_half_notrim_tensors",
    "train_split": 0.6,
    "val_split": 0.2,
    "test_split": 0.2,
    "sample_rate": 16000,
    "min_freq": 0,
    "max_freq": 8000,
    "pos_weight": 0.1,
    "conv_layers": 2,
    "conv_filters": 32,
    "conv_kernel_size": 5,
    "conv_stride": 2,
    "maxpool_size": 1,
    "dense_layers": 2,
    "dense_units": 64,
    "dropout": 0.12051198772589566,
    "batch_size": 64,
    "learning_rate": 3.1622776601683795e-05,
    "frame_size": 512,
    "frame_step": 256,
    "fft_size": 512,
    "mel_bins": 64,
    "max_time_mask": 10,
    "max_freq_mask": 10,
    "optimizer": "adam",
    "__timestamp__": 20201111032321,
    "verbose": 0,
    "epochs": 200,
    "steps": 311,
    "cpu_1": 0.06878938779991586,
    "cpu_10": 0.05499023480006145,
    "cpu_100": 0.3081672760001311,
    "gpu_1": 0.03935068200007663,
    "gpu_10": 0.028604777600230592,
    "gpu_100": 0.04179785599990282,
    "trainable_params": 76193,
    "non_trainable_params": 192,
    "total_params": 76385,
    "final_val_loss": 0.02635493315756321,
    "final_val_precision": 0.9519519805908203,
    "final_val_recall": 0.9083094596862793,
    "final_val_accuracy": 0.9927787184715271,
    "final_test_loss": 0.023855747655034065,
    "final_test_precision": 0.9501466155052185,
    "final_test_recall": 0.9283667802810669,
    "final_test_accuracy": 0.9936804175376892
}