{
    "dataset": "dataset_half_notrim_tensors",
    "train_split": 0.6,
    "val_split": 0.2,
    "test_split": 0.2,
    "sample_rate": 16000,
    "min_freq": 0,
    "max_freq": 8000,
    "pos_weight": 0.05253655894565806,
    "n_timesteps": 4,
    "conv_filters": 32,
    "conv_kernel_size": 5,
    "conv_stride": 3,
    "recurrent_cell": "lstm",
    "recurrent_layers": 2,
    "recurrent_units": 32,
    "batch_size": 64,
    "learning_rate": 3.1622776601683795e-05,
    "optimizer": "adam",
    "__timestamp__": 20201109101303,
    "verbose": 2,
    "epochs": 200,
    "steps": 311,
    "cpu_1": 0.19549418119931944,
    "cpu_10": 0.08813690540118842,
    "cpu_100": 0.35478866760022354,
    "gpu_1": 0.09158973419980612,
    "gpu_10": 0.06900744840022525,
    "gpu_100": 0.1905731184000615,
    "trainable_params": 14625,
    "non_trainable_params": 0.0,
    "total_params": 14625.0,
    "final_val_loss": 0.2058446705341339,
    "final_val_precision": 0.0,
    "final_val_recall": 0.0,
    "final_val_accuracy": 0.9474951028823853,
    "final_test_loss": 0.20585428178310394,
    "final_test_precision": 0.0,
    "final_test_recall": 0.0,
    "final_test_accuracy": 0.9474872350692749
}