{
    "dataset": "dataset_half_notrim_tensors",
    "train_split": 0.6,
    "val_split": 0.2,
    "test_split": 0.2,
    "sample_rate": 16000,
    "min_freq": 0,
    "max_freq": 8000,
    "pos_weight": 0.3,
    "frame_size": 256,
    "frame_step": 256,
    "fft_size": 256,
    "mel_bins": 64,
    "max_time_mask": 10,
    "max_freq_mask": 10,
    "conv_filters": 32,
    "conv_kernel_size": 5,
    "conv_stride": 1,
    "recurrent_cell": "bi-lstm",
    "recurrent_layers": 1,
    "recurrent_units": 128,
    "batch_size": 128,
    "learning_rate": 3.1622776601683795e-05,
    "optimizer": "adam",
    "__timestamp__": 20201109081229,
    "verbose": 0,
    "epochs": 200,
    "steps": 155,
    "cpu_1": 0.17153593240000192,
    "cpu_10": 0.05619915659990511,
    "cpu_100": 0.2100983124000777,
    "gpu_1": 0.06231240640008764,
    "gpu_10": 0.03688835120010481,
    "gpu_100": 0.058090939400426575,
    "trainable_params": 175393,
    "non_trainable_params": 0.0,
    "total_params": 175393.0,
    "final_val_loss": 0.012850531376898289,
    "final_val_precision": 0.9654178619384766,
    "final_val_recall": 0.9598853588104248,
    "final_val_accuracy": 0.996088445186615,
    "final_test_loss": 0.014961336739361286,
    "final_test_precision": 0.9485714435577393,
    "final_test_recall": 0.9512894153594971,
    "final_test_accuracy": 0.9947336912155151
}