{
    "dataset": "dataset_half_notrim_tensors",
    "train_split": 0.6,
    "val_split": 0.2,
    "test_split": 0.2,
    "sample_rate": 16000,
    "min_freq": 0,
    "max_freq": 8000,
    "pos_weight": 0.1,
    "frame_size": 128,
    "frame_step": 128,
    "fft_size": 128,
    "mel_bins": 32,
    "max_time_mask": 10,
    "max_freq_mask": 10,
    "conv_layers": 1,
    "conv_filters": 32,
    "conv_kernel_size": 5,
    "conv_stride": 1,
    "maxpool_size": 3,
    "dense_layers": 1,
    "dense_units": 64,
    "dropout": 0.1562600981628197,
    "batch_size": 128,
    "learning_rate": 3.162277660168379e-06,
    "optimizer": "adam",
    "__timestamp__": 20201109082345,
    "verbose": 0,
    "epochs": 200,
    "steps": 155,
    "cpu_1": 0.0627154879992304,
    "cpu_10": 0.03995700020022923,
    "cpu_100": 0.15283718080027028,
    "gpu_1": 0.038711388399678984,
    "gpu_10": 0.02769092259950412,
    "gpu_100": 0.0401699361998908,
    "trainable_params": 87265,
    "non_trainable_params": 64,
    "total_params": 87329,
    "final_val_loss": 0.17339186370372772,
    "final_val_precision": 0.6315789222717285,
    "final_val_recall": 0.13753581047058105,
    "final_val_accuracy": 0.9505040049552917,
    "final_test_loss": 0.17358624935150146,
    "final_test_precision": 0.5,
    "final_test_recall": 0.10888252407312393,
    "final_test_accuracy": 0.9474872350692749
}