{
    "dataset": "dataset_half_notrim_tensors",
    "train_split": 0.6,
    "val_split": 0.2,
    "test_split": 0.2,
    "sample_rate": 16000,
    "min_freq": 0,
    "max_freq": 8000,
    "pos_weight": 0.5,
    "frame_size": 128,
    "frame_step": 128,
    "fft_size": 2048,
    "mel_bins": 128,
    "max_time_mask": 10,
    "max_freq_mask": 10,
    "conv_filters": 64,
    "conv_kernel_size": 3,
    "conv_stride": 2,
    "recurrent_cell": "bi-gru",
    "recurrent_layers": 2,
    "recurrent_units": 128,
    "batch_size": 128,
    "learning_rate": 0.00031622776601683794,
    "optimizer": "adam",
    "__timestamp__": 20201109112735,
    "verbose": 0,
    "epochs": 200,
    "steps": 155,
    "cpu_1": 0.30223288499910267,
    "cpu_10": 0.3426066981999611,
    "cpu_100": 2.9613692069986426,
    "gpu_1": 0.08272851419969811,
    "gpu_10": 0.036793605999992,
    "gpu_100": 0.07349185000057332,
    "trainable_params": 470337,
    "non_trainable_params": 0.0,
    "total_params": 470337.0,
    "final_val_loss": 0.010158068500459194,
    "final_val_precision": 0.9882006049156189,
    "final_val_recall": 0.9598853588104248,
    "final_val_accuracy": 0.9972919821739197,
    "final_test_loss": 0.0207456536591053,
    "final_test_precision": 0.9460227489471436,
    "final_test_recall": 0.9541547298431396,
    "final_test_accuracy": 0.9947336912155151
}