{
    "dataset": "dataset_half_notrim_tensors",
    "train_split": 0.6,
    "val_split": 0.2,
    "test_split": 0.2,
    "sample_rate": 16000,
    "min_freq": 0,
    "max_freq": 8000,
    "pos_weight": 0.2,
    "frame_size": 256,
    "frame_step": 256,
    "fft_size": 256,
    "mel_bins": 16,
    "max_time_mask": 10,
    "max_freq_mask": 10,
    "conv_layers": 4,
    "conv_filters": 64,
    "conv_kernel_size": 3,
    "conv_stride": 2,
    "maxpool_size": 1,
    "dense_layers": 1,
    "dense_units": 64,
    "dropout": 0.16100576266383956,
    "batch_size": 128,
    "learning_rate": 3.162277660168379e-06,
    "optimizer": "adam",
    "__timestamp__": 20201109043233,
    "verbose": 0,
    "epochs": 2,
    "steps": 155,
    "cpu_1": 0.08055975659999604,
    "cpu_10": 0.048370102400076574,
    "cpu_100": 0.18721882279996863,
    "gpu_1": 0.049126289800005905,
    "gpu_10": 0.03542850539997744,
    "gpu_100": 0.055268350200094574,
    "trainable_params": 587713,
    "non_trainable_params": 1920,
    "total_params": 589633,
    "final_val_loss": 0.2955515682697296,
    "final_val_precision": 0.13658536970615387,
    "final_val_recall": 0.08022922277450562,
    "final_val_accuracy": 0.9250789880752563,
    "final_test_loss": 0.2989964187145233,
    "final_test_precision": 0.1548672616481781,
    "final_test_recall": 0.10028653591871262,
    "final_test_accuracy": 0.9240144491195679
}