{
    "dataset": "dataset_half_notrim_tensors",
    "train_split": 0.6,
    "val_split": 0.2,
    "test_split": 0.2,
    "sample_rate": 16000,
    "min_freq": 0,
    "max_freq": 8000,
    "pos_weight": 0.2,
    "conv_filters": 32,
    "conv_kernel_size": 1,
    "conv_stride": 3,
    "recurrent_cell": "bi-gru",
    "recurrent_layers": 4,
    "recurrent_units": 64,
    "batch_size": 256,
    "learning_rate": 0.00031622776601683794,
    "frame_size": 512,
    "frame_step": 256,
    "fft_size": 512,
    "mel_bins": 64,
    "max_time_mask": 10,
    "max_freq_mask": 10,
    "optimizer": "adam",
    "__timestamp__": 20201111074518,
    "verbose": 1,
    "epochs": 600,
    "steps": 77,
    "cpu_1": 0.44958375719870675,
    "cpu_10": 0.06366205919985077,
    "cpu_100": 0.3626570110005559,
    "gpu_1": 0.12477858240090427,
    "gpu_10": 0.03798278140020557,
    "gpu_100": 0.07514905959978932,
    "trainable_params": 263329,
    "non_trainable_params": 0.0,
    "total_params": 263329.0,
    "final_val_loss": 0.011475450359284878,
    "final_val_precision": 0.988304078578949,
    "final_val_recall": 0.9684813618659973,
    "final_val_accuracy": 0.9977433681488037,
    "final_test_loss": 0.016096603125333786,
    "final_test_precision": 0.9764705896377563,
    "final_test_recall": 0.9512894153594971,
    "final_test_accuracy": 0.9962383508682251
}