{
    "dataset": "dataset_half_notrim_tensors",
    "train_split": 0.6,
    "val_split": 0.2,
    "test_split": 0.2,
    "sample_rate": 16000,
    "min_freq": 0,
    "max_freq": 8000,
    "pos_weight": 0.4,
    "conv_filters": 32,
    "conv_kernel_size": 1,
    "conv_stride": 3,
    "recurrent_cell": "bi-gru",
    "recurrent_layers": 4,
    "recurrent_units": 64,
    "batch_size": 64,
    "learning_rate": 0.001,
    "frame_size": 512,
    "frame_step": 256,
    "fft_size": 512,
    "mel_bins": 64,
    "max_time_mask": 10,
    "max_freq_mask": 10,
    "optimizer": "adam",
    "__timestamp__": 20201110161153,
    "verbose": 1,
    "epochs": 600,
    "steps": 311,
    "cpu_1": 0.4715937531999771,
    "cpu_10": 0.0718736735998391,
    "cpu_100": 0.4153695535999759,
    "gpu_1": 0.12092442240000309,
    "gpu_10": 0.04207234840005185,
    "gpu_100": 0.08226187800009939,
    "trainable_params": 263329,
    "non_trainable_params": 0.0,
    "total_params": 263329.0,
    "final_val_loss": 0.012048162519931793,
    "final_val_precision": 0.9711815714836121,
    "final_val_recall": 0.9656160473823547,
    "final_val_accuracy": 0.9966902136802673,
    "final_test_loss": 0.015146555379033089,
    "final_test_precision": 0.9601139426231384,
    "final_test_recall": 0.9656160473823547,
    "final_test_accuracy": 0.9960878491401672
}