{
    "dataset": "dataset_half_notrim_tensors",
    "train_split": 0.6,
    "val_split": 0.2,
    "test_split": 0.2,
    "sample_rate": 16000,
    "min_freq": 0,
    "max_freq": 8000,
    "pos_weight": 0.4,
    "conv_filters": 32,
    "conv_kernel_size": 1,
    "conv_stride": 2,
    "recurrent_cell": "gru",
    "recurrent_layers": 2,
    "recurrent_units": 64,
    "batch_size": 64,
    "learning_rate": 3.1622776601683795e-05,
    "frame_size": 512,
    "frame_step": 256,
    "fft_size": 512,
    "mel_bins": 64,
    "max_time_mask": 10,
    "max_freq_mask": 10,
    "optimizer": "adam",
    "__timestamp__": 20201110155525,
    "verbose": 1,
    "epochs": 600,
    "steps": 311,
    "cpu_1": 0.1732356069999696,
    "cpu_10": 0.06698953079994681,
    "cpu_100": 0.37081444880013803,
    "gpu_1": 0.058989019999989976,
    "gpu_10": 0.03427630400001362,
    "gpu_100": 0.05223511120011608,
    "trainable_params": 45921,
    "non_trainable_params": 0.0,
    "total_params": 45921.0,
    "final_val_loss": 0.02157345786690712,
    "final_val_precision": 0.9529411792755127,
    "final_val_recall": 0.9283667802810669,
    "final_val_accuracy": 0.9938318133354187,
    "final_test_loss": 0.021571103483438492,
    "final_test_precision": 0.9387755393981934,
    "final_test_recall": 0.922636091709137,
    "final_test_accuracy": 0.9927775859832764
}