{
    "dataset": "dataset_half_notrim_tensors",
    "train_split": 0.6,
    "val_split": 0.2,
    "test_split": 0.2,
    "sample_rate": 16000,
    "min_freq": 0,
    "max_freq": 8000,
    "pos_weight": 0.2,
    "conv_layers": 2,
    "conv_filters": 64,
    "conv_kernel_size": 3,
    "conv_stride": 1,
    "maxpool_size": 5,
    "dense_layers": 2,
    "dense_units": 64,
    "dropout": 0.167580320832979,
    "batch_size": 128,
    "learning_rate": 3.1622776601683795e-05,
    "frame_size": 512,
    "frame_step": 256,
    "fft_size": 512,
    "mel_bins": 64,
    "max_time_mask": 10,
    "max_freq_mask": 10,
    "optimizer": "adam",
    "__timestamp__": 20201111022620,
    "verbose": 0,
    "epochs": 200,
    "steps": 155,
    "cpu_1": 0.09750546240002222,
    "cpu_10": 0.05910533280011805,
    "cpu_100": 0.32958964699992066,
    "gpu_1": 0.04601373859995874,
    "gpu_10": 0.03696519500008435,
    "gpu_100": 0.049231908799902156,
    "trainable_params": 47809,
    "non_trainable_params": 384,
    "total_params": 48193,
    "final_val_loss": 0.04536602646112442,
    "final_val_precision": 0.8993902206420898,
    "final_val_recall": 0.8452721834182739,
    "final_val_accuracy": 0.986911416053772,
    "final_test_loss": 0.04682008549571037,
    "final_test_precision": 0.9006211161613464,
    "final_test_recall": 0.8309455513954163,
    "final_test_accuracy": 0.9863075613975525
}