{
    "dataset": "dataset_half_notrim_tensors",
    "train_split": 0.6,
    "val_split": 0.2,
    "test_split": 0.2,
    "sample_rate": 16000,
    "min_freq": 0,
    "max_freq": 8000,
    "pos_weight": 0.05253655894565806,
    "frame_size": 256,
    "frame_step": 128,
    "fft_size": 256,
    "mel_bins": 16,
    "max_time_mask": 10,
    "max_freq_mask": 10,
    "conv_filters": 64,
    "conv_kernel_size": 1,
    "conv_stride": 2,
    "recurrent_cell": "bi-gru",
    "recurrent_layers": 1,
    "recurrent_units": 32,
    "batch_size": 64,
    "learning_rate": 0.00031622776601683794,
    "optimizer": "adam",
    "__timestamp__": 20201109082419,
    "verbose": 0,
    "epochs": 200,
    "steps": 311,
    "cpu_1": 0.1692607783999847,
    "cpu_10": 0.054987520999929984,
    "cpu_100": 0.30152558899972065,
    "gpu_1": 0.05700335340006859,
    "gpu_10": 0.03500280420048511,
    "gpu_100": 0.055958076800015986,
    "trainable_params": 19969,
    "non_trainable_params": 0.0,
    "total_params": 19969.0,
    "final_val_loss": 0.011288920417428017,
    "final_val_precision": 0.9792899489402771,
    "final_val_recall": 0.9484240412712097,
    "final_val_accuracy": 0.9962388873100281,
    "final_test_loss": 0.014451691880822182,
    "final_test_precision": 0.9878048896789551,
    "final_test_recall": 0.9283667802810669,
    "final_test_accuracy": 0.9956364631652832
}