{
    "dataset": "dataset_half_notrim_tensors",
    "train_split": 0.6,
    "val_split": 0.2,
    "test_split": 0.2,
    "sample_rate": 16000,
    "min_freq": 0,
    "max_freq": 8000,
    "pos_weight": 0.1,
    "conv_filters": 32,
    "conv_kernel_size": 1,
    "conv_stride": 2,
    "recurrent_cell": "gru",
    "recurrent_layers": 4,
    "recurrent_units": 32,
    "batch_size": 128,
    "learning_rate": 3.1622776601683795e-05,
    "frame_size": 512,
    "frame_step": 256,
    "fft_size": 512,
    "mel_bins": 64,
    "max_time_mask": 10,
    "max_freq_mask": 10,
    "optimizer": "adam",
    "__timestamp__": 20201111062125,
    "verbose": 1,
    "epochs": 600,
    "steps": 155,
    "cpu_1": 0.2509009807996335,
    "cpu_10": 0.06273914059966046,
    "cpu_100": 0.3405899161993148,
    "gpu_1": 0.07844742140005109,
    "gpu_10": 0.03502887879985792,
    "gpu_100": 0.058898038000188536,
    "trainable_params": 27457,
    "non_trainable_params": 0.0,
    "total_params": 27457.0,
    "final_val_loss": 0.017817409709095955,
    "final_val_precision": 0.9759759902954102,
    "final_val_recall": 0.9312320947647095,
    "final_val_accuracy": 0.9951857924461365,
    "final_test_loss": 0.01621844805777073,
    "final_test_precision": 0.9675516486167908,
    "final_test_recall": 0.939828097820282,
    "final_test_accuracy": 0.9951850771903992
}