{
    "dataset": "dataset_half_notrim_tensors",
    "train_split": 0.6,
    "val_split": 0.2,
    "test_split": 0.2,
    "sample_rate": 16000,
    "min_freq": 0,
    "max_freq": 8000,
    "pos_weight": 0.05253655894565806,
    "conv_filters": 64,
    "conv_kernel_size": 1,
    "conv_stride": 3,
    "recurrent_cell": "gru",
    "recurrent_layers": 4,
    "recurrent_units": 128,
    "batch_size": 128,
    "learning_rate": 0.00031622776601683794,
    "frame_size": 512,
    "frame_step": 256,
    "fft_size": 512,
    "mel_bins": 64,
    "max_time_mask": 10,
    "max_freq_mask": 10,
    "optimizer": "adam",
    "__timestamp__": 20201110142034,
    "verbose": 0,
    "epochs": 600,
    "steps": 155,
    "cpu_1": 0.3432993397998871,
    "cpu_10": 0.08439918759995635,
    "cpu_100": 0.4541354885998771,
    "gpu_1": 0.09318082759991739,
    "gpu_10": 0.047458463800012396,
    "gpu_100": 0.08496155020011428,
    "trainable_params": 376001,
    "non_trainable_params": 0.0,
    "total_params": 376001.0,
    "final_val_loss": 0.010208910331130028,
    "final_val_precision": 0.9881305694580078,
    "final_val_recall": 0.9541547298431396,
    "final_val_accuracy": 0.9969910979270935,
    "final_test_loss": 0.01157429814338684,
    "final_test_precision": 0.98525071144104,
    "final_test_recall": 0.9570200443267822,
    "final_test_accuracy": 0.9969906806945801
}