{
    "dataset": "dataset_half_notrim_tensors",
    "train_split": 0.6,
    "val_split": 0.2,
    "test_split": 0.2,
    "sample_rate": 16000,
    "min_freq": 0,
    "max_freq": 8000,
    "pos_weight": 0.5,
    "frame_size": 128,
    "frame_step": 128,
    "fft_size": 512,
    "mel_bins": 32,
    "max_time_mask": 10,
    "max_freq_mask": 10,
    "conv_filters": 32,
    "conv_kernel_size": 1,
    "conv_stride": 1,
    "recurrent_cell": "bi-gru",
    "recurrent_layers": 4,
    "recurrent_units": 32,
    "batch_size": 64,
    "learning_rate": 0.0001,
    "optimizer": "adam",
    "__timestamp__": 20201109121753,
    "verbose": 0,
    "epochs": 200,
    "steps": 311,
    "cpu_1": 0.4679619485992589,
    "cpu_10": 0.11426789099932648,
    "cpu_100": 0.7318967328006692,
    "gpu_1": 0.13762182359932923,
    "gpu_10": 0.052448580999771365,
    "gpu_100": 0.1385336998013372,
    "trainable_params": 70241,
    "non_trainable_params": 0.0,
    "total_params": 70241.0,
    "final_val_loss": 0.015022735111415386,
    "final_val_precision": 0.9464788436889648,
    "final_val_recall": 0.9627507328987122,
    "final_val_accuracy": 0.9951857924461365,
    "final_test_loss": 0.018593398854136467,
    "final_test_precision": 0.9479768872261047,
    "final_test_recall": 0.939828097820282,
    "final_test_accuracy": 0.9941318035125732
}