{
    "dataset": "dataset_half_notrim_tensors",
    "train_split": 0.6,
    "val_split": 0.2,
    "test_split": 0.2,
    "sample_rate": 16000,
    "min_freq": 0,
    "max_freq": 8000,
    "pos_weight": 0.5,
    "conv_filters": 32,
    "conv_kernel_size": 3,
    "conv_stride": 1,
    "recurrent_cell": "bi-gru",
    "recurrent_layers": 2,
    "recurrent_units": 32,
    "batch_size": 128,
    "learning_rate": 3.1622776601683795e-05,
    "frame_size": 512,
    "frame_step": 256,
    "fft_size": 512,
    "mel_bins": 64,
    "max_time_mask": 10,
    "max_freq_mask": 10,
    "optimizer": "adam",
    "__timestamp__": 20201110163601,
    "verbose": 1,
    "epochs": 600,
    "steps": 155,
    "cpu_1": 0.25559356520006987,
    "cpu_10": 0.06919430219968489,
    "cpu_100": 0.36894676299980345,
    "gpu_1": 0.07936439039949619,
    "gpu_10": 0.04112853540027572,
    "gpu_100": 0.07636741819987947,
    "trainable_params": 37729,
    "non_trainable_params": 0.0,
    "total_params": 37729.0,
    "final_val_loss": 0.025846051052212715,
    "final_val_precision": 0.90055251121521,
    "final_val_recall": 0.934097409248352,
    "final_val_accuracy": 0.9911237955093384,
    "final_test_loss": 0.02943088673055172,
    "final_test_precision": 0.909604549407959,
    "final_test_recall": 0.922636091709137,
    "final_test_accuracy": 0.9911224842071533
}