{
    "dataset": "dataset_half_notrim_tensors",
    "train_split": 0.6,
    "val_split": 0.2,
    "test_split": 0.2,
    "sample_rate": 16000,
    "min_freq": 0,
    "max_freq": 8000,
    "pos_weight": 0.3,
    "conv_filters": 64,
    "conv_kernel_size": 5,
    "conv_stride": 1,
    "recurrent_cell": "gru",
    "recurrent_layers": 4,
    "recurrent_units": 32,
    "batch_size": 128,
    "learning_rate": 0.001,
    "frame_size": 512,
    "frame_step": 256,
    "fft_size": 512,
    "mel_bins": 64,
    "max_time_mask": 10,
    "max_freq_mask": 10,
    "optimizer": "adam",
    "__timestamp__": 20201110231441,
    "verbose": 1,
    "epochs": 600,
    "steps": 155,
    "cpu_1": 0.2863411916005134,
    "cpu_10": 0.07507003440041445,
    "cpu_100": 0.42782531200136875,
    "gpu_1": 0.0860940014004882,
    "gpu_10": 0.03951837560016429,
    "gpu_100": 0.07206465619965456,
    "trainable_params": 48993,
    "non_trainable_params": 0.0,
    "total_params": 48993.0,
    "final_val_loss": 0.009703508578240871,
    "final_val_precision": 0.9883381724357605,
    "final_val_recall": 0.9713466763496399,
    "final_val_accuracy": 0.9978938102722168,
    "final_test_loss": 0.012355548329651356,
    "final_test_precision": 0.9795321822166443,
    "final_test_recall": 0.9598853588104248,
    "final_test_accuracy": 0.9968401789665222
}