{
    "dataset": "dataset_half_notrim_tensors",
    "train_split": 0.6,
    "val_split": 0.2,
    "test_split": 0.2,
    "sample_rate": 16000,
    "min_freq": 0,
    "max_freq": 8000,
    "pos_weight": 0.2,
    "conv_filters": 32,
    "conv_kernel_size": 3,
    "conv_stride": 3,
    "recurrent_cell": "gru",
    "recurrent_layers": 4,
    "recurrent_units": 32,
    "batch_size": 64,
    "learning_rate": 0.00031622776601683794,
    "frame_size": 512,
    "frame_step": 256,
    "fft_size": 512,
    "mel_bins": 64,
    "max_time_mask": 10,
    "max_freq_mask": 10,
    "optimizer": "adam",
    "__timestamp__": 20201110180815,
    "verbose": 1,
    "epochs": 600,
    "steps": 311,
    "cpu_1": 0.2701723347992811,
    "cpu_10": 0.06556534420014941,
    "cpu_100": 0.35811951940086145,
    "gpu_1": 0.08088359620051051,
    "gpu_10": 0.034521086199310956,
    "gpu_100": 0.05765241880035319,
    "trainable_params": 31553,
    "non_trainable_params": 0.0,
    "total_params": 31553.0,
    "final_val_loss": 0.015442554838955402,
    "final_val_precision": 0.973607063293457,
    "final_val_recall": 0.9512894153594971,
    "final_val_accuracy": 0.996088445186615,
    "final_test_loss": 0.018008984625339508,
    "final_test_precision": 0.9510086178779602,
    "final_test_recall": 0.9455587267875671,
    "final_test_accuracy": 0.9945831894874573
}