{
    "dataset": "dataset_half_notrim_tensors",
    "train_split": 0.6,
    "val_split": 0.2,
    "test_split": 0.2,
    "sample_rate": 16000,
    "min_freq": 0,
    "max_freq": 8000,
    "pos_weight": 0.05253655894565806,
    "frame_size": 256,
    "frame_step": 128,
    "fft_size": 256,
    "mel_bins": 16,
    "max_time_mask": 10,
    "max_freq_mask": 10,
    "conv_layers": 2,
    "conv_filters": 32,
    "conv_kernel_size": 3,
    "conv_stride": 2,
    "maxpool_size": 3,
    "dense_layers": 2,
    "dense_units": 64,
    "dropout": 0.13147807202457076,
    "batch_size": 256,
    "learning_rate": 0.00031622776601683794,
    "optimizer": "adam",
    "__timestamp__": 20201109061724,
    "verbose": 0,
    "epochs": 200,
    "steps": 77,
    "cpu_1": 0.07316996279987506,
    "cpu_10": 0.05616421220020129,
    "cpu_100": 0.294905381999888,
    "gpu_1": 0.03966323420027038,
    "gpu_10": 0.03226992399995652,
    "gpu_100": 0.047523410600115314,
    "trainable_params": 22433,
    "non_trainable_params": 192,
    "total_params": 22625,
    "final_val_loss": 0.021316757425665855,
    "final_val_precision": 0.9727272987365723,
    "final_val_recall": 0.9197707772254944,
    "final_val_accuracy": 0.994433581829071,
    "final_test_loss": 0.02334747090935707,
    "final_test_precision": 0.9557521939277649,
    "final_test_recall": 0.9283667802810669,
    "final_test_accuracy": 0.9939813613891602
}