{
    "dataset": "dataset_half_notrim_tensors",
    "train_split": 0.6,
    "val_split": 0.2,
    "test_split": 0.2,
    "sample_rate": 16000,
    "min_freq": 0,
    "max_freq": 8000,
    "pos_weight": 0.1,
    "n_timesteps": 1,
    "conv_filters": 32,
    "conv_kernel_size": 5,
    "conv_stride": 2,
    "recurrent_cell": "lstm",
    "recurrent_layers": 4,
    "recurrent_units": 64,
    "batch_size": 256,
    "learning_rate": 0.0031622776601683794,
    "optimizer": "adam",
    "__timestamp__": 20201109080926,
    "verbose": 2,
    "epochs": 200,
    "steps": 77,
    "cpu_1": 0.34975800000029267,
    "cpu_10": 0.18444812639972952,
    "cpu_100": 1.026712185600627,
    "gpu_1": 0.1444903241994325,
    "gpu_10": 0.1034133302000555,
    "gpu_100": 0.3374113056001079,
    "trainable_params": 119873,
    "non_trainable_params": 0.0,
    "total_params": 119873.0,
    "final_val_loss": 0.20652231574058533,
    "final_val_precision": 0.0,
    "final_val_recall": 0.0,
    "final_val_accuracy": 0.9474951028823853,
    "final_test_loss": 0.20874087512493134,
    "final_test_precision": 0.0,
    "final_test_recall": 0.0,
    "final_test_accuracy": 0.9474872350692749
}