{
    "dataset": "dataset_half_notrim_tensors",
    "train_split": 0.6,
    "val_split": 0.2,
    "test_split": 0.2,
    "sample_rate": 16000,
    "min_freq": 0,
    "max_freq": 8000,
    "pos_weight": 0.2,
    "frame_size": 256,
    "frame_step": 128,
    "fft_size": 256,
    "mel_bins": 16,
    "max_time_mask": 10,
    "max_freq_mask": 10,
    "conv_layers": 1,
    "conv_filters": 64,
    "conv_kernel_size": 3,
    "conv_stride": 2,
    "maxpool_size": 1,
    "dense_layers": 1,
    "dense_units": 64,
    "dropout": 0.11701255795339488,
    "batch_size": 256,
    "learning_rate": 3.1622776601683795e-05,
    "optimizer": "adam",
    "__timestamp__": 20201109074318,
    "verbose": 0,
    "epochs": 200,
    "steps": 77,
    "cpu_1": 0.059664205600347485,
    "cpu_10": 0.0524988287997985,
    "cpu_100": 0.28260024699993663,
    "gpu_1": 0.0374491984002816,
    "gpu_10": 0.029372701800093638,
    "gpu_100": 0.04157992379987263,
    "trainable_params": 253249,
    "non_trainable_params": 128,
    "total_params": 253377,
    "final_val_loss": 0.053604286164045334,
    "final_val_precision": 0.8351648449897766,
    "final_val_recall": 0.8710601925849915,
    "final_val_accuracy": 0.9842033982276917,
    "final_test_loss": 0.058998703956604004,
    "final_test_precision": 0.8073878884315491,
    "final_test_recall": 0.8767908215522766,
    "final_test_accuracy": 0.9825459122657776
}