{
    "dataset": "dataset_half_notrim_tensors",
    "train_split": 0.6,
    "val_split": 0.2,
    "test_split": 0.2,
    "sample_rate": 16000,
    "min_freq": 0,
    "max_freq": 8000,
    "pos_weight": 0.2,
    "frame_size": 512,
    "frame_step": 512,
    "fft_size": 512,
    "mel_bins": 16,
    "max_time_mask": 10,
    "max_freq_mask": 10,
    "conv_layers": 3,
    "conv_filters": 64,
    "conv_kernel_size": 5,
    "conv_stride": 2,
    "maxpool_size": 1,
    "dense_layers": 2,
    "dense_units": 64,
    "dropout": 0.11239901549304465,
    "batch_size": 128,
    "learning_rate": 0.0001,
    "optimizer": "adam",
    "__timestamp__": 20201109082013,
    "verbose": 0,
    "epochs": 200,
    "steps": 155,
    "cpu_1": 0.0746962289995281,
    "cpu_10": 0.04320685479979147,
    "cpu_100": 0.18760916000028374,
    "gpu_1": 0.04232867660030024,
    "gpu_10": 0.030774007000218262,
    "gpu_100": 0.04324437399991439,
    "trainable_params": 229825,
    "non_trainable_params": 896,
    "total_params": 230721,
    "final_val_loss": 0.053181037306785583,
    "final_val_precision": 0.7756563425064087,
    "final_val_recall": 0.9312320947647095,
    "final_val_accuracy": 0.9822476506233215,
    "final_test_loss": 0.05541202798485756,
    "final_test_precision": 0.7586206793785095,
    "final_test_recall": 0.9455587267875671,
    "final_test_accuracy": 0.9813421368598938
}