{
    "dataset": "dataset_half_notrim_tensors",
    "train_split": 0.6,
    "val_split": 0.2,
    "test_split": 0.2,
    "sample_rate": 16000,
    "min_freq": 0,
    "max_freq": 8000,
    "pos_weight": 0.2,
    "conv_filters": 64,
    "conv_kernel_size": 5,
    "conv_stride": 2,
    "recurrent_cell": "bi-gru",
    "recurrent_layers": 2,
    "recurrent_units": 32,
    "batch_size": 128,
    "learning_rate": 3.1622776601683795e-05,
    "frame_size": 512,
    "frame_step": 256,
    "fft_size": 512,
    "mel_bins": 64,
    "max_time_mask": 10,
    "max_freq_mask": 10,
    "optimizer": "adam",
    "__timestamp__": 20201110181333,
    "verbose": 1,
    "epochs": 600,
    "steps": 155,
    "cpu_1": 0.25594309540028914,
    "cpu_10": 0.06422487360032392,
    "cpu_100": 0.3620537725993927,
    "gpu_1": 0.07739959220089077,
    "gpu_10": 0.03684346300033212,
    "gpu_100": 0.0629614801993739,
    "trainable_params": 58241,
    "non_trainable_params": 0.0,
    "total_params": 58241.0,
    "final_val_loss": 0.010899709537625313,
    "final_val_precision": 0.9882698059082031,
    "final_val_recall": 0.9656160473823547,
    "final_val_accuracy": 0.9975929260253906,
    "final_test_loss": 0.010723985731601715,
    "final_test_precision": 0.9882006049156189,
    "final_test_recall": 0.9598853588104248,
    "final_test_accuracy": 0.997291624546051
}