{
    "dataset": "dataset_half_notrim_tensors",
    "train_split": 0.6,
    "val_split": 0.2,
    "test_split": 0.2,
    "sample_rate": 16000,
    "min_freq": 0,
    "max_freq": 8000,
    "pos_weight": 0.5,
    "frame_size": 128,
    "frame_step": 128,
    "fft_size": 128,
    "mel_bins": 128,
    "max_time_mask": 10,
    "max_freq_mask": 10,
    "conv_filters": 32,
    "conv_kernel_size": 3,
    "conv_stride": 1,
    "recurrent_cell": "gru",
    "recurrent_layers": 1,
    "recurrent_units": 64,
    "batch_size": 128,
    "learning_rate": 3.162277660168379e-06,
    "optimizer": "adam",
    "__timestamp__": 20201109051213,
    "verbose": 0,
    "epochs": 200,
    "steps": 155,
    "cpu_1": 0.1137320298000759,
    "cpu_10": 0.05039147219995357,
    "cpu_100": 0.17922002020000036,
    "gpu_1": 0.04779041119995782,
    "gpu_10": 0.03796627280003122,
    "gpu_100": 0.06498634139998102,
    "trainable_params": 31201,
    "non_trainable_params": 0.0,
    "total_params": 31201.0,
    "final_val_loss": 0.5901107788085938,
    "final_val_precision": 0.06996113061904907,
    "final_val_recall": 0.36103153228759766,
    "final_val_accuracy": 0.714457631111145,
    "final_test_loss": 0.5903425216674805,
    "final_test_precision": 0.05373961105942726,
    "final_test_recall": 0.2779369652271271,
    "final_test_accuracy": 0.7050857543945312
}