{
    "dataset": "dataset_half_notrim_tensors",
    "train_split": 0.6,
    "val_split": 0.2,
    "test_split": 0.2,
    "sample_rate": 16000,
    "min_freq": 0,
    "max_freq": 8000,
    "pos_weight": 0.3,
    "conv_filters": 32,
    "conv_kernel_size": 1,
    "conv_stride": 2,
    "recurrent_cell": "gru",
    "recurrent_layers": 3,
    "recurrent_units": 32,
    "batch_size": 256,
    "learning_rate": 3.1622776601683795e-05,
    "frame_size": 512,
    "frame_step": 256,
    "fft_size": 512,
    "mel_bins": 64,
    "max_time_mask": 10,
    "max_freq_mask": 10,
    "optimizer": "adam",
    "__timestamp__": 20201110173041,
    "verbose": 1,
    "epochs": 600,
    "steps": 77,
    "cpu_1": 0.21459654760037666,
    "cpu_10": 0.06427505819956422,
    "cpu_100": 0.35757516800040323,
    "gpu_1": 0.06732463160042243,
    "gpu_10": 0.03508463699981803,
    "gpu_100": 0.05456928780040471,
    "trainable_params": 21121,
    "non_trainable_params": 0.0,
    "total_params": 21121.0,
    "final_val_loss": 0.031628966331481934,
    "final_val_precision": 0.8733153343200684,
    "final_val_recall": 0.9283667802810669,
    "final_val_accuracy": 0.9891680479049683,
    "final_test_loss": 0.03491373732686043,
    "final_test_precision": 0.8644986152648926,
    "final_test_recall": 0.9140400886535645,
    "final_test_accuracy": 0.9879626631736755
}