{
    "dataset": "dataset_half_notrim_tensors",
    "train_split": 0.6,
    "val_split": 0.2,
    "test_split": 0.2,
    "sample_rate": 16000,
    "min_freq": 0,
    "max_freq": 8000,
    "pos_weight": 0.1,
    "conv_filters": 32,
    "conv_kernel_size": 3,
    "conv_stride": 1,
    "recurrent_cell": "gru",
    "recurrent_layers": 4,
    "recurrent_units": 32,
    "batch_size": 256,
    "learning_rate": 0.00031622776601683794,
    "frame_size": 512,
    "frame_step": 256,
    "fft_size": 512,
    "mel_bins": 64,
    "max_time_mask": 10,
    "max_freq_mask": 10,
    "optimizer": "adam",
    "__timestamp__": 20201110222712,
    "verbose": 1,
    "epochs": 600,
    "steps": 77,
    "cpu_1": 0.2803678251992096,
    "cpu_10": 0.06928771199964104,
    "cpu_100": 0.37629449220039535,
    "gpu_1": 0.08582205999991857,
    "gpu_10": 0.041753495399461826,
    "gpu_100": 0.074797649399261,
    "trainable_params": 31553,
    "non_trainable_params": 0.0,
    "total_params": 31553.0,
    "final_val_loss": 0.012910900637507439,
    "final_val_precision": 0.9882006049156189,
    "final_val_recall": 0.9598853588104248,
    "final_val_accuracy": 0.9972919821739197,
    "final_test_loss": 0.014322570525109768,
    "final_test_precision": 0.9706745147705078,
    "final_test_recall": 0.9484240412712097,
    "final_test_accuracy": 0.9957869648933411
}