{
    "dataset": "dataset_half_notrim_tensors",
    "train_split": 0.6,
    "val_split": 0.2,
    "test_split": 0.2,
    "sample_rate": 16000,
    "min_freq": 0,
    "max_freq": 8000,
    "pos_weight": 0.4,
    "n_timesteps": 8,
    "conv_filters": 64,
    "conv_kernel_size": 3,
    "conv_stride": 1,
    "recurrent_cell": "bi-lstm",
    "recurrent_layers": 4,
    "recurrent_units": 32,
    "batch_size": 256,
    "learning_rate": 3.162277660168379e-06,
    "optimizer": "adam",
    "__timestamp__": 20201109102354,
    "verbose": 2,
    "epochs": 200,
    "steps": 77,
    "cpu_1": 0.7674085059996287,
    "cpu_10": 0.29921867119992385,
    "cpu_100": 1.4363814556010766,
    "gpu_1": 0.2855625215997861,
    "gpu_10": 0.1886744307994377,
    "gpu_100": 0.6817935786006274,
    "trainable_params": 87105,
    "non_trainable_params": 0.0,
    "total_params": 87105.0,
    "final_val_loss": 0.529969334602356,
    "final_val_precision": 0.0,
    "final_val_recall": 0.0,
    "final_val_accuracy": 0.9474951028823853,
    "final_test_loss": 0.5299306511878967,
    "final_test_precision": 0.0,
    "final_test_recall": 0.0,
    "final_test_accuracy": 0.9474872350692749
}