{
    "dataset": "dataset_half_notrim_tensors",
    "train_split": 0.6,
    "val_split": 0.2,
    "test_split": 0.2,
    "sample_rate": 16000,
    "min_freq": 0,
    "max_freq": 8000,
    "pos_weight": 0.4,
    "conv_filters": 64,
    "conv_kernel_size": 3,
    "conv_stride": 1,
    "recurrent_cell": "gru",
    "recurrent_layers": 3,
    "recurrent_units": 32,
    "batch_size": 256,
    "learning_rate": 3.162277660168379e-06,
    "frame_size": 512,
    "frame_step": 256,
    "fft_size": 512,
    "mel_bins": 64,
    "max_time_mask": 10,
    "max_freq_mask": 10,
    "optimizer": "adam",
    "__timestamp__": 20201110140347,
    "verbose": 0,
    "epochs": 600,
    "steps": 77,
    "cpu_1": 0.23070115339996847,
    "cpu_10": 0.06693878579999364,
    "cpu_100": 0.3581796703999771,
    "gpu_1": 0.060715727600018,
    "gpu_10": 0.03354674479992355,
    "gpu_100": 0.06010666379997929,
    "trainable_params": 34465,
    "non_trainable_params": 0.0,
    "total_params": 34465.0,
    "final_val_loss": 0.21672238409519196,
    "final_val_precision": 0.33816424012184143,
    "final_val_recall": 0.8022922873497009,
    "final_val_accuracy": 0.9071761965751648,
    "final_test_loss": 0.22840887308120728,
    "final_test_precision": 0.3262092173099518,
    "final_test_recall": 0.8309455513954163,
    "final_test_accuracy": 0.9009930491447449
}