{
    "dataset": "dataset_half_notrim_tensors",
    "train_split": 0.6,
    "val_split": 0.2,
    "test_split": 0.2,
    "sample_rate": 16000,
    "min_freq": 0,
    "max_freq": 8000,
    "pos_weight": 0.3,
    "frame_size": 256,
    "frame_step": 256,
    "fft_size": 2048,
    "mel_bins": 128,
    "max_time_mask": 10,
    "max_freq_mask": 10,
    "conv_layers": 1,
    "conv_filters": 64,
    "conv_kernel_size": 3,
    "conv_stride": 3,
    "maxpool_size": 5,
    "dense_layers": 2,
    "dense_units": 64,
    "dropout": 0.16012342864984458,
    "batch_size": 128,
    "learning_rate": 0.01,
    "optimizer": "adam",
    "__timestamp__": 20201109063034,
    "verbose": 0,
    "epochs": 200,
    "steps": 155,
    "cpu_1": 0.07844221539999126,
    "cpu_10": 0.1724057269999321,
    "cpu_100": 1.4156179024002995,
    "gpu_1": 0.03817370260039752,
    "gpu_10": 0.028819808199841646,
    "gpu_100": 0.0422197532001519,
    "trainable_params": 43329,
    "non_trainable_params": 128,
    "total_params": 43457,
    "final_val_loss": 0.0365908108651638,
    "final_val_precision": 0.9593750238418579,
    "final_val_recall": 0.8796561360359192,
    "final_val_accuracy": 0.9917255640029907,
    "final_test_loss": 0.0318896621465683,
    "final_test_precision": 0.9504643678665161,
    "final_test_recall": 0.8796561360359192,
    "final_test_accuracy": 0.9912729263305664
}