{
    "dataset": "dataset_half_notrim_tensors",
    "train_split": 0.6,
    "val_split": 0.2,
    "test_split": 0.2,
    "sample_rate": 16000,
    "min_freq": 0,
    "max_freq": 8000,
    "pos_weight": 0.5,
    "frame_size": 512,
    "frame_step": 128,
    "fft_size": 1024,
    "mel_bins": 64,
    "max_time_mask": 10,
    "max_freq_mask": 10,
    "conv_layers": 3,
    "conv_filters": 32,
    "conv_kernel_size": 3,
    "conv_stride": 2,
    "maxpool_size": 1,
    "dense_layers": 3,
    "dense_units": 64,
    "dropout": 0.157915574120349,
    "batch_size": 64,
    "learning_rate": 0.0031622776601683794,
    "optimizer": "adam",
    "__timestamp__": 20201109062713,
    "verbose": 0,
    "epochs": 200,
    "steps": 311,
    "cpu_1": 0.08742820499992376,
    "cpu_10": 0.1570838232000824,
    "cpu_100": 1.272186760600016,
    "gpu_1": 0.04265118119983526,
    "gpu_10": 0.030119159199966817,
    "gpu_100": 0.04587485920019389,
    "trainable_params": 154913,
    "non_trainable_params": 448,
    "total_params": 155361,
    "final_val_loss": 0.027109604328870773,
    "final_val_precision": 0.9387755393981934,
    "final_val_recall": 0.922636091709137,
    "final_val_accuracy": 0.9927787184715271,
    "final_test_loss": 0.02898334339261055,
    "final_test_precision": 0.9385964870452881,
    "final_test_recall": 0.9197707772254944,
    "final_test_accuracy": 0.9926271438598633
}