{
    "dataset": "dataset_half_notrim_tensors",
    "train_split": 0.6,
    "val_split": 0.2,
    "test_split": 0.2,
    "sample_rate": 16000,
    "min_freq": 0,
    "max_freq": 8000,
    "pos_weight": 0.3,
    "frame_size": 128,
    "frame_step": 128,
    "fft_size": 128,
    "mel_bins": 16,
    "max_time_mask": 10,
    "max_freq_mask": 10,
    "conv_filters": 64,
    "conv_kernel_size": 5,
    "conv_stride": 3,
    "recurrent_cell": "lstm",
    "recurrent_layers": 4,
    "recurrent_units": 32,
    "batch_size": 64,
    "learning_rate": 0.00031622776601683794,
    "optimizer": "adam",
    "__timestamp__": 20201109114310,
    "verbose": 0,
    "epochs": 200,
    "steps": 311,
    "cpu_1": 0.28091019240018794,
    "cpu_10": 0.04414591780005139,
    "cpu_100": 0.18358035080018453,
    "gpu_1": 0.08061466240033041,
    "gpu_10": 0.0356674935996125,
    "gpu_100": 0.06322116300216293,
    "trainable_params": 42593,
    "non_trainable_params": 0.0,
    "total_params": 42593.0,
    "final_val_loss": 0.01804778352379799,
    "final_val_precision": 0.9622092843055725,
    "final_val_recall": 0.9484240412712097,
    "final_val_accuracy": 0.9953362345695496,
    "final_test_loss": 0.01460188440978527,
    "final_test_precision": 0.9678362607955933,
    "final_test_recall": 0.9484240412712097,
    "final_test_accuracy": 0.9956364631652832
}