{
    "dataset": "dataset_half_notrim_tensors",
    "train_split": 0.6,
    "val_split": 0.2,
    "test_split": 0.2,
    "sample_rate": 16000,
    "min_freq": 0,
    "max_freq": 8000,
    "pos_weight": 0.5,
    "frame_size": 128,
    "frame_step": 128,
    "fft_size": 512,
    "mel_bins": 64,
    "max_time_mask": 10,
    "max_freq_mask": 10,
    "conv_filters": 32,
    "conv_kernel_size": 3,
    "conv_stride": 2,
    "recurrent_cell": "bi-lstm",
    "recurrent_layers": 1,
    "recurrent_units": 128,
    "batch_size": 256,
    "learning_rate": 0.0001,
    "optimizer": "adam",
    "__timestamp__": 20201109113515,
    "verbose": 0,
    "epochs": 200,
    "steps": 77,
    "cpu_1": 0.17990177719984785,
    "cpu_10": 0.10725832499883836,
    "cpu_100": 0.6519337508005265,
    "gpu_1": 0.05979127000027802,
    "gpu_10": 0.03317955979946419,
    "gpu_100": 0.056962177600507855,
    "trainable_params": 171297,
    "non_trainable_params": 0.0,
    "total_params": 171297.0,
    "final_val_loss": 0.01753837987780571,
    "final_val_precision": 0.9623188376426697,
    "final_val_recall": 0.9512894153594971,
    "final_val_accuracy": 0.9954866766929626,
    "final_test_loss": 0.014941868372261524,
    "final_test_precision": 0.9490085244178772,
    "final_test_recall": 0.9598853588104248,
    "final_test_accuracy": 0.9951850771903992
}