{
    "dataset": "dataset_half_notrim_tensors",
    "train_split": 0.6,
    "val_split": 0.2,
    "test_split": 0.2,
    "sample_rate": 16000,
    "min_freq": 0,
    "max_freq": 8000,
    "pos_weight": 0.05253655894565806,
    "conv_filters": 32,
    "conv_kernel_size": 1,
    "conv_stride": 2,
    "recurrent_cell": "bi-gru",
    "recurrent_layers": 3,
    "recurrent_units": 32,
    "batch_size": 256,
    "learning_rate": 0.001,
    "frame_size": 512,
    "frame_step": 256,
    "fft_size": 512,
    "mel_bins": 64,
    "max_time_mask": 10,
    "max_freq_mask": 10,
    "optimizer": "adam",
    "__timestamp__": 20201110154741,
    "verbose": 1,
    "epochs": 600,
    "steps": 77,
    "cpu_1": 0.35991161300003116,
    "cpu_10": 0.06534547159994872,
    "cpu_100": 0.368619127599959,
    "gpu_1": 0.09602372179992927,
    "gpu_10": 0.039209589799929744,
    "gpu_100": 0.07359631759995863,
    "trainable_params": 52449,
    "non_trainable_params": 0.0,
    "total_params": 52449.0,
    "final_val_loss": 0.010110799223184586,
    "final_val_precision": 0.9741379022598267,
    "final_val_recall": 0.9713466763496399,
    "final_val_accuracy": 0.9971415400505066,
    "final_test_loss": 0.01291019469499588,
    "final_test_precision": 0.9654178619384766,
    "final_test_recall": 0.9598853588104248,
    "final_test_accuracy": 0.9960878491401672
}