{
    "dataset": "dataset_half_notrim_tensors",
    "train_split": 0.6,
    "val_split": 0.2,
    "test_split": 0.2,
    "sample_rate": 16000,
    "min_freq": 0,
    "max_freq": 8000,
    "pos_weight": 0.05253655894565806,
    "frame_size": 256,
    "frame_step": 128,
    "fft_size": 1024,
    "mel_bins": 32,
    "max_time_mask": 10,
    "max_freq_mask": 10,
    "conv_layers": 4,
    "conv_filters": 32,
    "conv_kernel_size": 3,
    "conv_stride": 2,
    "maxpool_size": 1,
    "dense_layers": 3,
    "dense_units": 64,
    "dropout": 0.1356390342763777,
    "batch_size": 128,
    "learning_rate": 0.01,
    "optimizer": "adam",
    "__timestamp__": 20201109091312,
    "verbose": 0,
    "epochs": 200,
    "steps": 155,
    "cpu_1": 0.09320254319973173,
    "cpu_10": 0.1558557254000334,
    "cpu_100": 1.3126883987992186,
    "gpu_1": 0.04594242239982123,
    "gpu_10": 0.034678080800222236,
    "gpu_100": 0.04830917440049234,
    "trainable_params": 234529,
    "non_trainable_params": 960,
    "total_params": 235489,
    "final_val_loss": 0.022283365949988365,
    "final_val_precision": 0.984375,
    "final_val_recall": 0.9025787711143494,
    "final_val_accuracy": 0.9941326975822449,
    "final_test_loss": 0.024771222844719887,
    "final_test_precision": 0.9749216437339783,
    "final_test_recall": 0.8911174535751343,
    "final_test_accuracy": 0.9930785298347473
}