{
    "dataset": "dataset_half_notrim_tensors",
    "train_split": 0.6,
    "val_split": 0.2,
    "test_split": 0.2,
    "sample_rate": 16000,
    "min_freq": 0,
    "max_freq": 8000,
    "pos_weight": 0.3,
    "conv_filters": 32,
    "conv_kernel_size": 5,
    "conv_stride": 3,
    "recurrent_cell": "bi-gru",
    "recurrent_layers": 3,
    "recurrent_units": 128,
    "batch_size": 64,
    "learning_rate": 0.001,
    "frame_size": 512,
    "frame_step": 256,
    "fft_size": 512,
    "mel_bins": 64,
    "max_time_mask": 10,
    "max_freq_mask": 10,
    "optimizer": "adam",
    "__timestamp__": 20201111044853,
    "verbose": 1,
    "epochs": 600,
    "steps": 311,
    "cpu_1": 0.36884396700043,
    "cpu_10": 0.07128232399954867,
    "cpu_100": 0.41153775279926774,
    "gpu_1": 0.09832398479993572,
    "gpu_10": 0.039033025999742677,
    "gpu_100": 0.06260748520071502,
    "trainable_params": 727841,
    "non_trainable_params": 0.0,
    "total_params": 727841.0,
    "final_val_loss": 0.007878203876316547,
    "final_val_precision": 0.9970588088035583,
    "final_val_recall": 0.9713466763496399,
    "final_val_accuracy": 0.998345136642456,
    "final_test_loss": 0.013388412073254585,
    "final_test_precision": 0.9654178619384766,
    "final_test_recall": 0.9598853588104248,
    "final_test_accuracy": 0.9960878491401672
}