{
    "dataset": "dataset_half_notrim_tensors",
    "train_split": 0.6,
    "val_split": 0.2,
    "test_split": 0.2,
    "sample_rate": 16000,
    "min_freq": 0,
    "max_freq": 8000,
    "pos_weight": 0.2,
    "conv_filters": 32,
    "conv_kernel_size": 1,
    "conv_stride": 2,
    "recurrent_cell": "gru",
    "recurrent_layers": 3,
    "recurrent_units": 64,
    "batch_size": 128,
    "learning_rate": 0.00031622776601683794,
    "frame_size": 512,
    "frame_step": 256,
    "fft_size": 512,
    "mel_bins": 64,
    "max_time_mask": 10,
    "max_freq_mask": 10,
    "optimizer": "adam",
    "__timestamp__": 20201111075446,
    "verbose": 1,
    "epochs": 600,
    "steps": 155,
    "cpu_1": 0.2071727287999238,
    "cpu_10": 0.061153657600516456,
    "cpu_100": 0.3361415482002485,
    "gpu_1": 0.06997954739999841,
    "gpu_10": 0.032507907799299574,
    "gpu_100": 0.0520063197996933,
    "trainable_params": 70881,
    "non_trainable_params": 0.0,
    "total_params": 70881.0,
    "final_val_loss": 0.010302315466105938,
    "final_val_precision": 0.9853801131248474,
    "final_val_recall": 0.9656160473823547,
    "final_val_accuracy": 0.9974424839019775,
    "final_test_loss": 0.01216599065810442,
    "final_test_precision": 0.9602272510528564,
    "final_test_recall": 0.9684813618659973,
    "final_test_accuracy": 0.9962383508682251
}