{
    "dataset": "dataset_half_notrim_tensors",
    "train_split": 0.6,
    "val_split": 0.2,
    "test_split": 0.2,
    "sample_rate": 16000,
    "min_freq": 0,
    "max_freq": 8000,
    "pos_weight": 0.1,
    "n_timesteps": 32,
    "conv_filters": 32,
    "conv_kernel_size": 1,
    "conv_stride": 3,
    "recurrent_cell": "lstm",
    "recurrent_layers": 4,
    "recurrent_units": 32,
    "batch_size": 256,
    "learning_rate": 0.01,
    "optimizer": "adam",
    "__timestamp__": 20201109071955,
    "verbose": 2,
    "epochs": 200,
    "steps": 77,
    "cpu_1": 0.33020381380083563,
    "cpu_10": 0.1445340568003303,
    "cpu_100": 0.6646175417998166,
    "gpu_1": 0.13761303539977235,
    "gpu_10": 0.10449983979997342,
    "gpu_100": 0.34922033619986903,
    "trainable_params": 31265,
    "non_trainable_params": 0.0,
    "total_params": 31265.0,
    "final_val_loss": 0.21422500908374786,
    "final_val_precision": 0.0,
    "final_val_recall": 0.0,
    "final_val_accuracy": 0.9474951028823853,
    "final_test_loss": 0.2141379565000534,
    "final_test_precision": 0.0,
    "final_test_recall": 0.0,
    "final_test_accuracy": 0.9474872350692749
}