{
    "num_epochs": 43,
    "dataset": "dataset_half_notrim_tensors",
    "train_split": 0.6,
    "val_split": 0.2,
    "test_split": 0.2,
    "sample_rate": 16000,
    "min_freq": 0,
    "max_freq": 8000,
    "n_timesteps": 64,
    "conv_filters": 32,
    "conv_kernel_size": 3,
    "conv_stride": 4,
    "recurrent_cell": "bi-gru",
    "recurrent_layers": 4,
    "recurrent_units": 128,
    "batch_size": 128,
    "learning_rate": 0.00031622776601683794,
    "pos_weight": 0.1,
    "optimizer": "adam",
    "__timestamp__": 20201115040940,
    "verbose": 0,
    "epochs": 100,
    "steps": 155,
    "cpu_1": 0.426829932399869,
    "cpu_10": 0.1019351615999767,
    "cpu_100": 0.5554642383999635,
    "gpu_1": 0.10657143079997695,
    "gpu_10": 0.044741800799965856,
    "gpu_100": 0.10527496960003191,
    "trainable_params": 1020193,
    "non_trainable_params": 0.0,
    "total_params": 1020193.0,
    "final_val_loss": 0.047680843621492386,
    "final_val_precision": 0.8928571343421936,
    "final_val_recall": 0.8595988750457764,
    "final_val_accuracy": 0.9872123003005981,
    "final_test_loss": 0.05245264619588852,
    "final_test_precision": 0.8856304883956909,
    "final_test_recall": 0.8653295040130615,
    "final_test_accuracy": 0.9870598912239075
}