{
    "dataset": "dataset_half_notrim_tensors",
    "train_split": 0.6,
    "val_split": 0.2,
    "test_split": 0.2,
    "sample_rate": 16000,
    "min_freq": 0,
    "max_freq": 8000,
    "pos_weight": 0.5,
    "frame_size": 128,
    "frame_step": 128,
    "fft_size": 512,
    "mel_bins": 16,
    "max_time_mask": 10,
    "max_freq_mask": 10,
    "conv_layers": 1,
    "conv_filters": 32,
    "conv_kernel_size": 3,
    "conv_stride": 3,
    "maxpool_size": 5,
    "dense_layers": 2,
    "dense_units": 64,
    "dropout": 0.19076876852197755,
    "batch_size": 128,
    "learning_rate": 0.0031622776601683794,
    "optimizer": "adam",
    "__timestamp__": 20201109084747,
    "verbose": 0,
    "epochs": 200,
    "steps": 155,
    "cpu_1": 0.07086089479998918,
    "cpu_10": 0.08773156700008258,
    "cpu_100": 0.5970649676000903,
    "gpu_1": 0.04233658239973011,
    "gpu_10": 0.03024541600025259,
    "gpu_100": 0.04397694260005665,
    "trainable_params": 20193,
    "non_trainable_params": 64,
    "total_params": 20257,
    "final_val_loss": 0.0676533430814743,
    "final_val_precision": 0.7574257254600525,
    "final_val_recall": 0.8767908215522766,
    "final_val_accuracy": 0.9787874221801758,
    "final_test_loss": 0.07098165154457092,
    "final_test_precision": 0.7171945571899414,
    "final_test_recall": 0.9083094596862793,
    "final_test_accuracy": 0.9763767719268799
}