{
    "dataset": "dataset_half_notrim_tensors",
    "train_split": 0.6,
    "val_split": 0.2,
    "test_split": 0.2,
    "sample_rate": 16000,
    "min_freq": 0,
    "max_freq": 8000,
    "pos_weight": 0.5,
    "frame_size": 128,
    "frame_step": 128,
    "fft_size": 2048,
    "mel_bins": 16,
    "max_time_mask": 10,
    "max_freq_mask": 10,
    "conv_layers": 1,
    "conv_filters": 64,
    "conv_kernel_size": 5,
    "conv_stride": 2,
    "maxpool_size": 1,
    "dense_layers": 2,
    "dense_units": 64,
    "dropout": 0.11561718315359763,
    "batch_size": 128,
    "learning_rate": 0.0031622776601683794,
    "optimizer": "adam",
    "__timestamp__": 20201109063318,
    "verbose": 0,
    "epochs": 200,
    "steps": 155,
    "cpu_1": 0.09110274400009075,
    "cpu_10": 0.31251943219995154,
    "cpu_100": 2.7515961389999575,
    "gpu_1": 0.03899745579983573,
    "gpu_10": 0.030289551600253616,
    "gpu_100": 0.04093168420022266,
    "trainable_params": 257345,
    "non_trainable_params": 128,
    "total_params": 257473,
    "final_val_loss": 0.05070296302437782,
    "final_val_precision": 0.8602739572525024,
    "final_val_recall": 0.8997134566307068,
    "final_val_accuracy": 0.9870618581771851,
    "final_test_loss": 0.05615600198507309,
    "final_test_precision": 0.8333333134651184,
    "final_test_recall": 0.9169054627418518,
    "final_test_accuracy": 0.9860066175460815
}