{
    "dataset": "dataset_half_notrim_tensors",
    "train_split": 0.6,
    "val_split": 0.2,
    "test_split": 0.2,
    "sample_rate": 16000,
    "min_freq": 0,
    "max_freq": 8000,
    "pos_weight": 0.1,
    "n_timesteps": 32,
    "conv_filters": 64,
    "conv_kernel_size": 5,
    "conv_stride": 3,
    "recurrent_cell": "lstm",
    "recurrent_layers": 1,
    "recurrent_units": 128,
    "batch_size": 64,
    "learning_rate": 0.01,
    "optimizer": "adam",
    "__timestamp__": 20201109075142,
    "verbose": 2,
    "epochs": 200,
    "steps": 311,
    "cpu_1": 0.1261245315996348,
    "cpu_10": 0.21749283699973604,
    "cpu_100": 0.748479941199912,
    "gpu_1": 0.06640294360004191,
    "gpu_10": 0.05561019459964882,
    "gpu_100": 0.13193624439954874,
    "trainable_params": 74369,
    "non_trainable_params": 0.0,
    "total_params": 74369.0,
    "final_val_loss": 0.11844220757484436,
    "final_val_precision": 0.6559633016586304,
    "final_val_recall": 0.4097421169281006,
    "final_val_accuracy": 0.9577252864837646,
    "final_test_loss": 0.12214655429124832,
    "final_test_precision": 0.6883116960525513,
    "final_test_recall": 0.45558738708496094,
    "final_test_accuracy": 0.9605777859687805
}