{
    "dataset": "dataset_half_notrim_tensors",
    "train_split": 0.6,
    "val_split": 0.2,
    "test_split": 0.2,
    "sample_rate": 16000,
    "min_freq": 0,
    "max_freq": 8000,
    "pos_weight": 0.5,
    "conv_filters": 64,
    "conv_kernel_size": 3,
    "conv_stride": 3,
    "recurrent_cell": "bi-gru",
    "recurrent_layers": 2,
    "recurrent_units": 32,
    "batch_size": 256,
    "learning_rate": 0.001,
    "frame_size": 512,
    "frame_step": 256,
    "fft_size": 512,
    "mel_bins": 64,
    "max_time_mask": 10,
    "max_freq_mask": 10,
    "optimizer": "adam",
    "__timestamp__": 20201110230829,
    "verbose": 1,
    "epochs": 600,
    "steps": 77,
    "cpu_1": 0.2861702628004423,
    "cpu_10": 0.0648687802015047,
    "cpu_100": 0.35638378220028244,
    "gpu_1": 0.08821030019971658,
    "gpu_10": 0.03792762479934027,
    "gpu_100": 0.06169366079993779,
    "trainable_params": 50049,
    "non_trainable_params": 0.0,
    "total_params": 50049.0,
    "final_val_loss": 0.012796537019312382,
    "final_val_precision": 0.9682080745697021,
    "final_val_recall": 0.9598853588104248,
    "final_val_accuracy": 0.9962388873100281,
    "final_test_loss": 0.017876282334327698,
    "final_test_precision": 0.9385474920272827,
    "final_test_recall": 0.9627507328987122,
    "final_test_accuracy": 0.9947336912155151
}