{
    "dataset": "dataset_half_notrim_tensors",
    "train_split": 0.6,
    "val_split": 0.2,
    "test_split": 0.2,
    "sample_rate": 16000,
    "min_freq": 0,
    "max_freq": 8000,
    "pos_weight": 0.4,
    "conv_filters": 32,
    "conv_kernel_size": 3,
    "conv_stride": 3,
    "recurrent_cell": "gru",
    "recurrent_layers": 3,
    "recurrent_units": 32,
    "batch_size": 128,
    "learning_rate": 3.1622776601683795e-05,
    "frame_size": 512,
    "frame_step": 256,
    "fft_size": 512,
    "mel_bins": 64,
    "max_time_mask": 10,
    "max_freq_mask": 10,
    "optimizer": "adam",
    "__timestamp__": 20201110170625,
    "verbose": 1,
    "epochs": 600,
    "steps": 155,
    "cpu_1": 0.21938187900013872,
    "cpu_10": 0.06311214680026751,
    "cpu_100": 0.3478775808001956,
    "gpu_1": 0.06706154980020074,
    "gpu_10": 0.0354507553998701,
    "gpu_100": 0.05507988200042746,
    "trainable_params": 25217,
    "non_trainable_params": 0.0,
    "total_params": 25217.0,
    "final_val_loss": 0.026332654058933258,
    "final_val_precision": 0.915730357170105,
    "final_val_recall": 0.934097409248352,
    "final_val_accuracy": 0.9920265078544617,
    "final_test_loss": 0.024552198126912117,
    "final_test_precision": 0.9194444417953491,
    "final_test_recall": 0.9484240412712097,
    "final_test_accuracy": 0.9929280877113342
}