{
    "dataset": "dataset_half_notrim_tensors",
    "train_split": 0.6,
    "val_split": 0.2,
    "test_split": 0.2,
    "sample_rate": 16000,
    "min_freq": 0,
    "max_freq": 8000,
    "pos_weight": 0.05253655894565806,
    "conv_filters": 64,
    "conv_kernel_size": 3,
    "conv_stride": 2,
    "recurrent_cell": "bi-gru",
    "recurrent_layers": 3,
    "recurrent_units": 128,
    "batch_size": 128,
    "learning_rate": 0.001,
    "frame_size": 512,
    "frame_step": 256,
    "fft_size": 512,
    "mel_bins": 64,
    "max_time_mask": 10,
    "max_freq_mask": 10,
    "optimizer": "adam",
    "__timestamp__": 20201110203141,
    "verbose": 1,
    "epochs": 600,
    "steps": 155,
    "cpu_1": 0.3716227084005368,
    "cpu_10": 0.08741606120020151,
    "cpu_100": 0.5117977128000348,
    "gpu_1": 0.10270193440010189,
    "gpu_10": 0.03969104059942765,
    "gpu_100": 0.07487570599987521,
    "trainable_params": 754497,
    "non_trainable_params": 0.0,
    "total_params": 754497.0,
    "final_val_loss": 0.0072001246735453606,
    "final_val_precision": 1.0,
    "final_val_recall": 0.9713466763496399,
    "final_val_accuracy": 0.9984955787658691,
    "final_test_loss": 0.011411560699343681,
    "final_test_precision": 0.982300877571106,
    "final_test_recall": 0.9541547298431396,
    "final_test_accuracy": 0.9966897368431091
}